id	path	toxicity	text
angry_01-1	/datasets/violence/audio/angry_01-1.wav	Yes	Prostitutes. Excuse me? You fucking call me a prostitute? How fucking dare you speak to me like that? I ain't some fucking slut!
angry_01-10	/datasets/violence/audio/angry_01-10.wav	Yes	Stop! Stop! Stop! Please! He hit me! That bitch ass nigga! Please! I'm begging you! Baba please! Move! Let go of me! Baba please! Get with your motherfucking hands!
angry_01-11	/datasets/violence/audio/angry_01-11.wav	Yes	Bitch
angry_01-12	/datasets/violence/audio/angry_01-12.wav	Yes	Let go! Billy, you swung that dick! Let go! Let go! Baba, we got your back! Motherfucker!
angry_01-13	/datasets/violence/audio/angry_01-13.wav	Yes	You will kill him! You will kill him! Stop! No, no, no, no! Let go! You let that nigger put his hands on me! No! No! No! No! No! No! No! No! No! No! No! No! No! No! No! No! No! No! No! No! No!
angry_01-14	/datasets/violence/audio/angry_01-14.wav	Yes	He didn't put his hands on me, boy! Stop! Why are you getting shot? I hope you didn't break my fucking dresser. He did.
angry_01-15	/datasets/violence/audio/angry_01-15.wav	Yes	They are here.
angry_01-17	/datasets/violence/audio/angry_01-17.wav	Yes	Ah Shit
angry_01-18	/datasets/violence/audio/angry_01-18.wav	Yes	Oh shit they fucked your phone up.
angry_01-19	/datasets/violence/audio/angry_01-19.wav	Yes	Thanks for watching!
angry_01-2	/datasets/violence/audio/angry_01-2.wav	Yes	.
angry_01-21	/datasets/violence/audio/angry_01-21.wav	Yes	Thanks for watching!
angry_01-22	/datasets/violence/audio/angry_01-22.wav	Yes	Thanks for watching!
angry_01-25	/datasets/violence/audio/angry_01-25.wav	Yes	Thanks for watching!
angry_01-26	/datasets/violence/audio/angry_01-26.wav	Yes	para fazer o que ele fez. Nunca mais. Ele ainda não me conhece. Não me conhece.
angry_01-27	/datasets/violence/audio/angry_01-27.wav	Yes	This problem, I can still convert. Too simple! Get out of our house before you go. Let's go.
angry_01-28	/datasets/violence/audio/angry_01-28.wav	Yes	O que mais ele vai fazer o que ele quiser?
angry_01-29	/datasets/violence/audio/angry_01-29.wav	Yes	Thanks for watching!
angry_01-3	/datasets/violence/audio/angry_01-3.wav	Yes	I'm gonna kick your shit off the trailer, nigga. I ain't worried about it. I know you was playing, but he don't care. I don't care. Fuck him. He's mad at me. Well, he better take it up with you. Get his ass whipped.
angry_01-34	/datasets/violence/audio/angry_01-34.wav	Yes	¡Vamos! ¡Vamos! ¡Vamos!
angry_01-35	/datasets/violence/audio/angry_01-35.wav	Yes	¡Sale! ¡Sale! ¡Sale! ¡Sale!
angry_01-36	/datasets/violence/audio/angry_01-36.wav	Yes	I'm ready.
angry_01-37	/datasets/violence/audio/angry_01-37.wav	Yes	¡Sale, sale!
angry_01-38	/datasets/violence/audio/angry_01-38.wav	Yes	بحثي بحثي لا لا لا بحثي بحثي بحثي
angry_01-39	/datasets/violence/audio/angry_01-39.wav	Yes	Oh
angry_01-4	/datasets/violence/audio/angry_01-4.wav	Yes	Cory, stop. What the fuck you talking about, boy? You made me mad today. Cory, you can't go anywhere. You're a badass, Moon. You can't play with him. Fucking stinky foot fucker. Don't make me get...
angry_01-40	/datasets/violence/audio/angry_01-40.wav	Yes	Last calcul circa graduation day.
angry_01-41	/datasets/violence/audio/angry_01-41.wav	Yes	What the fuck happened? Excuse me? What do you mean, the shut the fuck up? You know what?
angry_01-42	/datasets/violence/audio/angry_01-42.wav	Yes	Did you use a fucking clown? It's like your mom. Oh shut up. Next stop is...
angry_01-43	/datasets/violence/audio/angry_01-43.wav	Yes	Get off! The other side is a fucking dickhead though Shut the fuck up! Respect yourself, you're on the fucking bus Don't speak to me like that
angry_01-44	/datasets/violence/audio/angry_01-44.wav	Yes	Look how you're speaking. I ain't giving shit. I'm about to have a fucking ride. Just pray to God that you don't get wrecked.
angry_01-45	/datasets/violence/audio/angry_01-45.wav	Yes	Serial. Oh shut up. Prostitute. Excuse me? You fucking call me a prostitute? How fucking dare you speak to me like that?
angry_01-46	/datasets/violence/audio/angry_01-46.wav	Yes	I'm fucking stuck! It wasn't me. Why don't you say you're out of the bus? Are you alright? I've respect for you, John.
angry_01-47	/datasets/violence/audio/angry_01-47.wav	Yes	look they pointed him back at us The fuck I have come with another other world you 날
angry_01-48	/datasets/violence/audio/angry_01-48.wav	Yes	your fucking head listen respect yourself
angry_01-49	/datasets/violence/audio/angry_01-49.wav	Yes	Get on the bus! Hey! Oh wow! Hey, these chick-wams are bruising! Yeah, it's mid-time. Shut up! Get up and respect yourself! No! And you're an old lady!
angry_01-5	/datasets/violence/audio/angry_01-5.wav	Yes	Oh
angry_01-50	/datasets/violence/audio/angry_01-50.wav	Yes	你爹 爹 爹 爹 爹
angry_01-51	/datasets/violence/audio/angry_01-51.wav	Yes	I don't like that!
angry_01-52	/datasets/violence/audio/angry_01-52.wav	Yes	People like you! What's wrong, darling? Shut up! Shut up. Yeah, but you're the one coming here fucking prostitute. Just get out, man!
angry_01-53	/datasets/violence/audio/angry_01-53.wav	Yes	Get out! What the fuck you are fucking mo-
angry_01-54	/datasets/violence/audio/angry_01-54.wav	Yes	I don't know how to fucking see it, I'm on you!
angry_01-55	/datasets/violence/audio/angry_01-55.wav	Yes	Well done! What are you fucking doing? I mean, well! Get off the bus, boys! Just get off! My kids are on the bus! Get the fuck off! My kids are on the bus!
angry_01-56	/datasets/violence/audio/angry_01-56.wav	Yes	Get the fuck away from me! My kids are on the bus! Filming me? Get off! Come on, bitch! Get off! Oi! That bitch! She's about to film me!
angry_01-57	/datasets/violence/audio/angry_01-57.wav	Yes	Yeah! You're a fucking slut! Let's get off the bus please! We're going to sing along! Come on!
angry_01-58	/datasets/violence/audio/angry_01-58.wav	Yes	and that's what you call a crazy bitch.
angry_01-59	/datasets/violence/audio/angry_01-59.wav	Yes	Dora Dora! Dora Dora!
angry_01-6	/datasets/violence/audio/angry_01-6.wav	Yes	Stop, stop, stop! Cory, that's mama! Cory! Oh my god.
angry_01-60	/datasets/violence/audio/angry_01-60.wav	Yes	Thank you for watching.
angry_01-61	/datasets/violence/audio/angry_01-61.wav	Yes	Yeah, let me be the first one to say I should whoop your motherfucking ass going through my goddamn car. Put my shit back in the car.
angry_01-62	/datasets/violence/audio/angry_01-62.wav	Yes	in my goddamn car. The fuck are you doing? Put my shit back in my motherfucking car.
angry_01-63	/datasets/violence/audio/angry_01-63.wav	Yes	Get your god damn ass out my shit! Put my shit back in my god damn car! Turn your motherfucking ass! Get the fuck away!
angry_01-64	/datasets/violence/audio/angry_01-64.wav	Yes	Get out my shit. No get out my shit. I don't want to hear shit. You gotta say now go go now
angry_01-65	/datasets/violence/audio/angry_01-65.wav	Yes	Spanish I caught your answer I got you recorded let's go bitch let's call 911 now stealing all my parts out my car don't tell me to
angry_01-66	/datasets/violence/audio/angry_01-66.wav	Yes	Bitch you in my shit. You just raided my shit Now
angry_01-67	/datasets/violence/audio/angry_01-67.wav	Yes	Now. I got a problem on his car. With his car. With your husband. Hey.
angry_01-68	/datasets/violence/audio/angry_01-68.wav	Yes	Stealing my shit. Okay your husband
angry_01-69	/datasets/violence/audio/angry_01-69.wav	Yes	Já si vám tady snažím uzát, nezavětli, čeho jsi... Chováte si arogan! Ne! Já jsem si prostě opět... Nezavěte na mě! Bude ticho posokrát, nechám výtat!
angry_01-7	/datasets/violence/audio/angry_01-7.wav	Yes	You hit me with a gun! You hit me with a gun! Get away! What the fuck is wrong with you? Cory! Cory don't!
angry_01-71	/datasets/violence/audio/angry_01-71.wav	Yes	Tak se mi vrát něco prostě, ale prostě, ale se mi vrát něco. Tak se mi vrát papíry, budu nějaký papíry volát, tak se tlímám, če to tam je.
angry_01-72	/datasets/violence/audio/angry_01-72.wav	Yes	Снимай! Лова? Кто? Вы стерону не стерчили! Вы стерону не стерчили, к***а!
angry_01-73	/datasets/violence/audio/angry_01-73.wav	Yes	おわしやタクシーの花タクシーの花バッチン バッチン
angry_01-74	/datasets/violence/audio/angry_01-74.wav	Yes	Odej, máte nikam nebojne, člověk! Skur, co ty, co ty tačíš, člověk!
angry_01-75	/datasets/violence/audio/angry_01-75.wav	Yes	아이쿠! 아이쿠! 아이쿠! 아이쿠! 아이쿠!
angry_01-8	/datasets/violence/audio/angry_01-8.wav	Yes	Coy please! Hit me again! Oh god damn that was good. Go away! Hit me again! Go away!
angry_01-9	/datasets/violence/audio/angry_01-9.wav	Yes	Cory stop it! Here it goes! Bubba stop! Why would you do that? Damn pill! Stop! Fuck you!
angry_02-1	/datasets/violence/audio/angry_02-1.wav	Yes	Not to know English, not to get it right the first time. You get it right the first time. The customer is always right.
angry_02-10	/datasets/violence/audio/angry_02-10.wav	Yes	Thanks for watching!
angry_02-11	/datasets/violence/audio/angry_02-11.wav	Yes	Tadeusz A 빨리 je z tropa...
angry_02-12	/datasets/violence/audio/angry_02-12.wav	Yes	Should I go jump him? Nah. This n***a is lit. Oh wait chill chill chill. Chill let me watch this shit.
angry_02-13	/datasets/violence/audio/angry_02-13.wav	Yes	You could get away if you leave, bruh. Beast! Beast! Beast!
angry_02-14	/datasets/violence/audio/angry_02-14.wav	Yes	They don't love me! You got me going at the average pace! No I'm not, I see better like this. I see better like this bruh. They don't love me either!
angry_02-15	/datasets/violence/audio/angry_02-15.wav	Yes	Oh shit! Oh shit!
angry_02-16	/datasets/violence/audio/angry_02-16.wav	Yes	Yes!
angry_02-17	/datasets/violence/audio/angry_02-17.wav	Yes	I need my shirt.
angry_02-18	/datasets/violence/audio/angry_02-18.wav	Yes	Alright.
angry_02-19	/datasets/violence/audio/angry_02-19.wav	Yes	Let's go to the waiting area.
angry_02-2	/datasets/violence/audio/angry_02-2.wav	Yes	It's called legal. Yeah, put your seatbelt on. Put your fucking mouth shut!
angry_02-20	/datasets/violence/audio/angry_02-20.wav	Yes	Thanks for watching!
angry_02-21	/datasets/violence/audio/angry_02-21.wav	Yes	we didn't say anybody was in this bag
angry_02-22	/datasets/violence/audio/angry_02-22.wav	Yes	laughing Dude stream it out
angry_02-24	/datasets/violence/audio/angry_02-24.wav	Yes	I can call some bloods with your crits, but how about the war I fucked up bitch? Didn't I kick you in the goddamn open town and dragged you down the goddamn alley?
angry_02-25	/datasets/violence/audio/angry_02-25.wav	Yes	Stay in the old lane, motherfucker! Kick all this shit down, man. Fuck me. Yo! Yo! Yo! What the fuck you doing?
angry_02-26	/datasets/violence/audio/angry_02-26.wav	Yes	Ah, goddamn it! Get smashed, get smashed, bitch! Get the fuck out of here, bitch! Get the fuck out of here!
angry_02-28	/datasets/violence/audio/angry_02-28.wav	Yes	Thanks for watching!
angry_02-3	/datasets/violence/audio/angry_02-3.wav	Yes	You are really pissing me off. I know I am. And you do this for a hobby? Fucking annoy people.
angry_02-30	/datasets/violence/audio/angry_02-30.wav	Yes	太爆 Mhm嗯東這邊好來喔嗯畢竟
angry_02-31	/datasets/violence/audio/angry_02-31.wav	Yes	Kia-kee-sah-rya! Kia-kee-sah-rya secretly repeat
angry_02-34	/datasets/violence/audio/angry_02-34.wav	Yes	这个是你的下脖这个大现在小点点
angry_02-36	/datasets/violence/audio/angry_02-36.wav	Yes	Stop camping please. Did you go there? Are we? Why did you shoot me? Because the guy behind you was being a prick. Why didn't you just fuck off your
angry_02-37	/datasets/violence/audio/angry_02-37.wav	Yes	You little loser trying to get good at the game you dickhead! Such a prick! Go fuck yourself you loser! What's your problem? You're just a fucking geek!
angry_02-38	/datasets/violence/audio/angry_02-38.wav	Yes	That guy stood in front of me when he says I'm a fucking loser, he's a dickhead, go away you little prick! So by following me, you're a level 25 and you've had the game for about five fucking years.
angry_02-39	/datasets/violence/audio/angry_02-39.wav	Yes	Go away! Excuse me sir, you were camping. You can't really do that. I was camping and I killed someone, I stood behind the corner to reload and then I was about to move and tell you big dumb ass...
angry_02-4	/datasets/violence/audio/angry_02-4.wav	Yes	I'm taking your camera. Come and fucking do it! Come on you cunt! Fuck! Not fucking quick!
angry_02-40	/datasets/violence/audio/angry_02-40.wav	Yes	My fucking dickhead stood in front of me! Good day, you little prick! That's not nice, is it? Man, that's a thousand points! You're not very good, are ya? No! Well, I'm obviously better than you, because I ranked up.
angry_02-41	/datasets/violence/audio/angry_02-41.wav	Yes	for skill.
angry_02-42	/datasets/violence/audio/angry_02-42.wav	Yes	speaking, but it's really rude. And if you want to be polite to the customer, okay? If you want to, if you want to, hey, if you want to be polite.
angry_02-43	/datasets/violence/audio/angry_02-43.wav	Yes	to the customer and you speak English to the customer in America. Okay? My kids don't eat green things. They eat...
angry_02-44	/datasets/violence/audio/angry_02-44.wav	Yes	Red peppers. You calm down. You calm down. Usually you make it with green pepper. Okay. Usually you make it with green pepper. I ordered it with red pepper. What are you gonna do?
angry_02-45	/datasets/violence/audio/angry_02-45.wav	Yes	You like it? Okay, well how long is it gonna take? 15 minutes. 15 minutes. I don't have 15 minutes for you.
angry_02-46	/datasets/violence/audio/angry_02-46.wav	Yes	Добро пожаловать на канал!
angry_02-47	/datasets/violence/audio/angry_02-47.wav	Yes	Thanks for watching!
angry_02-48	/datasets/violence/audio/angry_02-48.wav	Yes	Thanks for watching!
angry_02-49	/datasets/violence/audio/angry_02-49.wav	Yes	122 блять
angry_02-5	/datasets/violence/audio/angry_02-5.wav	Yes	Thanks for watching!
angry_02-51	/datasets/violence/audio/angry_02-51.wav	Yes	اه بابا حمودي شو انك جيد اميسيا اميسيا من اقلك دوز دوز يلا دوز دوز هاي
angry_02-6	/datasets/violence/audio/angry_02-6.wav	Yes	I should have gotten it the first time when he knocked it around, bruh. This man came back, he bought it. Fuck y'all, I told y'all I had this shit last time, you know. Go ahead.
angry_02-7	/datasets/violence/audio/angry_02-7.wav	Yes	BITCH! BITCH! BITCH! BITCH! IT! GO BITCH! AY!
angry_02-8	/datasets/violence/audio/angry_02-8.wav	Yes	Hey, there! Oh shit! You got the way, you got the way, you got the way! Go, where are you? Bitch!
angry_02-9	/datasets/violence/audio/angry_02-9.wav	Yes	Back up, back up. I'm so sorry. I don't give a fuck if I get hit as long as this going world star.
angry_03-1	/datasets/violence/audio/angry_03-1.wav	Yes	Didn't let me get a job! The white man didn't let me do it, nigger! Now you're fucking burning hell, nigger!
angry_03-10	/datasets/violence/audio/angry_03-10.wav	Yes	Eu tô nervioso, mano. Olha o dono lá, o jeito que fica. Ô, rapaz. O juízo é longe. Logo hoje não...
angry_03-11	/datasets/violence/audio/angry_03-11.wav	Yes	E Hells! Teste aí rapaz! Tô bonito!
angry_03-12	/datasets/violence/audio/angry_03-12.wav	Yes	Isso tá porra, vai quebrar mais! Tá porra! Rocha moleque! Você vai se machucar ou... Você vai se machucar, para de batendo o bicho!
angry_03-13	/datasets/violence/audio/angry_03-13.wav	Yes	Moça, você vai rasgar toda. Eu filmo até a hora que eu quiser, que pá. Você pode me filmar. Eu filmo, eu sei lá, é meu, a filmagem é minha.
angry_03-14	/datasets/violence/audio/angry_03-14.wav	Yes	Pega uma pedra no jogo, não, porra, louca! Caralho, louca!
angry_03-15	/datasets/violence/audio/angry_03-15.wav	Yes	Agora não hein Pega uma peste, eu vou ver essa porra logo Desgraça
angry_03-16	/datasets/violence/audio/angry_03-16.wav	Yes	I'm the truth and you're the one to try so come on get out of here. I wouldn't even stop.
angry_03-17	/datasets/violence/audio/angry_03-17.wav	Yes	What do you want, boy? What do you want, boy? Wait, he's the driver. He's the boy! He better be the driver! Why wouldn't you drive you around? Why wouldn't you drive him around?
angry_03-18	/datasets/violence/audio/angry_03-18.wav	Yes	I'm not going to drive you around! What's a hybrid drive you around? You know there's been two suicide bus drivers in this city already. Shut up!
angry_03-19	/datasets/violence/audio/angry_03-19.wav	Yes	Slam the box straight in the wall, man! Shut the fuck up! You retarded girl, you're so retarded, man! Your brain is gonna turn to black! I smell 770, may your queen turn to black!
angry_03-20	/datasets/violence/audio/angry_03-20.wav	Yes	May your grid turn to what?
angry_03-21	/datasets/violence/audio/angry_03-21.wav	Yes	May your grin turn to blood. May your grin turn to blood. You need to lay off that crack. I'm calling the machine, I'll kill you. Serve the Jews or...
angry_03-22	/datasets/violence/audio/angry_03-22.wav	Yes	die. You have no idea what your dog is doing. I'm part of the Reveals campaign and I don't ever walk in the side coming like that. I want you to be completely abandoned and I want you to turn to a slave.
angry_03-23	/datasets/violence/audio/angry_03-23.wav	Yes	There's no point in the reason. I'm a Jew, it's not for the good of our children who are retarded Nazis. Yafi'ah, the name we're bringing back, they do not have to be a she-off or an omen by...
angry_03-25	/datasets/violence/audio/angry_03-25.wav	Yes	Every mix what I do, kills you Nazis. Every Nazi I kill is off the Jewish people.
angry_03-26	/datasets/violence/audio/angry_03-26.wav	Yes	Now shut your nasty mouth up! Or suck a cock! How much cock have you sucked, you gnarly girl? You sucked that cock? Put it in your throat, girl! You gotta get that cock in there!
angry_03-27	/datasets/violence/audio/angry_03-27.wav	Yes	You little hoe! You little naughty girl! You're naughty! You're naughty! I will call around my house if I curse you in the shovel! Come around my house if I curse you in the shovel!
angry_03-28	/datasets/violence/audio/angry_03-28.wav	Yes	I'm going to the shop.
angry_03-29	/datasets/violence/audio/angry_03-29.wav	Yes	Oh no!
angry_03-3	/datasets/violence/audio/angry_03-3.wav	Yes	I don't give a fuck you ain't paid for your cap you son of a bitch. I don't give a goddamn this is my motherfucking job. I don't give a fuck that's your motherfucking baby too bitch. I don't give a damn. And you can't you rub that when I'm taking this.
angry_03-30	/datasets/violence/audio/angry_03-30.wav	Yes	What did you do?
angry_03-31	/datasets/violence/audio/angry_03-31.wav	Yes	What are you doing?
angry_03-33	/datasets/violence/audio/angry_03-33.wav	Yes	What the? What was that about? No way you're gonna do that again. That was bizarre! Black bitch! Watch out! Ugh!
angry_03-34	/datasets/violence/audio/angry_03-34.wav	Yes	What the hell is your black bitch, you nigger? That's what our nigger Obama is? President Obama is nothing but a fucking president, a pooping old...
angry_03-35	/datasets/violence/audio/angry_03-35.wav	Yes	Obama, his legacy was a fucking cell phone, bitch! Cause when the other niggas were back here loud talking, you're right, you're right!
angry_03-36	/datasets/violence/audio/angry_03-36.wav	Yes	That ass didn't say shit! I'm driving the fucking bus, nigger! It's nice, wait for the cops. Good, let's wait for the cops. Give me my fucking radio tape. Give me my fucking radio tape.
angry_03-37	/datasets/violence/audio/angry_03-37.wav	Yes	Get off the fucking bus, dude! Well yeah, plus one American. And world. Drive the bus, nigger! It's on the way!
angry_03-38	/datasets/violence/audio/angry_03-38.wav	Yes	I'm gonna take this all your camera right here bitch, you're gonna lose your job nigger. You're getting ready to lose your job nigger. You see these cameras nigger? Every fucking thing
angry_03-39	/datasets/violence/audio/angry_03-39.wav	Yes	The thing that happens on this bus is on camera. You know, could, do, be, piece of nigger shit. I'm gonna go out to Booty. That's when the other nigger was.
angry_03-40	/datasets/violence/audio/angry_03-40.wav	Yes	Right there! Loud talking your black ass didn't say shit! Now you drop this fucking bus, nigger! He's wet! You're fucking... He's up!
angry_03-41	/datasets/violence/audio/angry_03-41.wav	Yes	I always talk about the white man didn't let me get a job. The white man didn't let me do it niggas. Now you're fucking burning him.
angry_03-42	/datasets/violence/audio/angry_03-42.wav	Yes	What's your ass? This isn't a scary movie, you need to calm your dramatic-
angry_03-43	/datasets/violence/audio/angry_03-43.wav	Yes	Here she comes.
angry_03-44	/datasets/violence/audio/angry_03-44.wav	Yes	Please save her though, she gonna pass.
angry_03-45	/datasets/violence/audio/angry_03-45.wav	Yes	What is wrong with all of you?
angry_03-46	/datasets/violence/audio/angry_03-46.wav	Yes	What is wrong with that?
angry_03-47	/datasets/violence/audio/angry_03-47.wav	Yes	You're being louder than all of us!
angry_03-48	/datasets/violence/audio/angry_03-48.wav	Yes	louder than you and I'm on
angry_03-49	/datasets/violence/audio/angry_03-49.wav	Yes	There's like 50 of us and one of you.
angry_03-5	/datasets/violence/audio/angry_03-5.wav	Yes	Get your motherfucking ass back! Get back! Get your ass out here! I ain't gonna do nothing! You better get your ass back! Get your ass back!
angry_03-50	/datasets/violence/audio/angry_03-50.wav	Yes	Watch out for the pup.
angry_03-51	/datasets/violence/audio/angry_03-51.wav	Yes	That's my girl's dog. What's up with you letting people in my house? Not letting me know that somebody's entering my house including you I pay rent to live here like that
angry_03-52	/datasets/violence/audio/angry_03-52.wav	Yes	that is illegal for you to just listen to how- you really wanna start this fucking shit with me? do you really wanna start it? get the fuck out! and you're on the fucking camera! get the fuck out, you don't like it! and you're on the camera! i don't really give a fuck! you're not allowed to just walk in my- here, take the-
angry_03-53	/datasets/violence/audio/angry_03-53.wav	Yes	You're my fucking dick so I can stick it in you! I'm fucking suing the shit out of you! I want you to sue me. Because you know what? You better quit fucking with me or get out of my life!
angry_03-54	/datasets/violence/audio/angry_03-54.wav	Yes	You're on camera and if I beat your fucking ass if I beat I'm about to beat your fucking ass and I'm going straight to the police with this shit. You're fucking doing illegal shit
angry_03-55	/datasets/violence/audio/angry_03-55.wav	Yes	You got people in my fucking house. You're spitting on me. You're putting your fucking hands on me You're going to fucking you're going to fucking nigger. You're calling me a fucking nigger
angry_03-56	/datasets/violence/audio/angry_03-56.wav	Yes	You're ruining all your shit! I'm about to own all your shit, you fucking asshole! Start with my ass. Yeah, that's great! You and your mama! Yeah, I know. Thank you!
angry_03-57	/datasets/violence/audio/angry_03-57.wav	Yes	Great lawsuit dumbass great loss of you dumbass. You just fucked up calling the police
angry_03-58	/datasets/violence/audio/angry_03-58.wav	Yes	You want me to tell them to let you out? Now, fuck this bitch now! Put your hands on me now! Put your motherfucking hands on me now!
angry_03-59	/datasets/violence/audio/angry_03-59.wav	Yes	You tell me what to do. Put your motherfucking ass on me now!
angry_03-6	/datasets/violence/audio/angry_03-6.wav	Yes	You ain't nobody come back up to
angry_03-61	/datasets/violence/audio/angry_03-61.wav	Yes	The fuck y'all think this is?
angry_03-62	/datasets/violence/audio/angry_03-62.wav	Yes	I'm ready for it!
angry_03-65	/datasets/violence/audio/angry_03-65.wav	Yes	He's a knock-deaf. What else you gonna do for him? This is our state at war! What else you gonna do?
angry_03-66	/datasets/violence/audio/angry_03-66.wav	Yes	Thank you for watching!
angry_03-67	/datasets/violence/audio/angry_03-67.wav	Yes	Show you see how it ends. You're the fuck out of this goddamn shit. They think they can fuck all of us. That's what this fuck got to mean. What else y'all gonna do?
angry_03-68	/datasets/violence/audio/angry_03-68.wav	Yes	I'm gonna come my way. What the hell do I do in front of the devil? Leave me the fuck alone! Leave me the fuck alone! Leave me the fuck alone!
angry_03-69	/datasets/violence/audio/angry_03-69.wav	Yes	Oh my gosh. True, baby.
angry_03-7	/datasets/violence/audio/angry_03-7.wav	Yes	You bitch! You better get your motherfucking ass back! Hit me with that brush you come up to! You better get your ass back! You better get your ass back!
angry_03-72	/datasets/violence/audio/angry_03-72.wav	Yes	I'm gonna call them loud on that.
angry_03-73	/datasets/violence/audio/angry_03-73.wav	Yes	See you soon.
angry_03-74	/datasets/violence/audio/angry_03-74.wav	Yes	Get your goddamn soul out of me! Get your damn soul out of me!
angry_03-75	/datasets/violence/audio/angry_03-75.wav	Yes	Get your motherfucking soul out of me! Get your motherfucking soul out of me, bitch!
angry_03-77	/datasets/violence/audio/angry_03-77.wav	Yes	It'd be a tear up the stove, eh? I can play with you, and that's the end of it!
angry_03-78	/datasets/violence/audio/angry_03-78.wav	Yes	Where's that guy lost his goddamn soul?
angry_03-79	/datasets/violence/audio/angry_03-79.wav	Yes	and check in with you. Bye. Go! Go! It's going down in that ride. Let's go, let's go, let's go, let's go.
angry_03-8	/datasets/violence/audio/angry_03-8.wav	Yes	Então, então, então vem sofrando. Então, então vem sofrando. Só, rocha aí, dono, menino. Manda um sal, facosinho.
angry_03-80	/datasets/violence/audio/angry_03-80.wav	Yes	Going down in that rhyme. Shit getting real in that rhyme boy. Shit getting real in that rhyme.
angry_03-81	/datasets/violence/audio/angry_03-81.wav	Yes	Shit getting real! Oh!
angry_03-82	/datasets/violence/audio/angry_03-82.wav	Yes	Why you keep coming in the stove? Why you keep coming in the stove?
angry_03-83	/datasets/violence/audio/angry_03-83.wav	Yes	Oh
angry_03-84	/datasets/violence/audio/angry_03-84.wav	Yes	But you ain't gonna play with me. You got the right fish to play with.
angry_03-85	/datasets/violence/audio/angry_03-85.wav	Yes	Better tag on him, better tag on him Ma'am! Let it out, let it out Fuck with y'all no winner Fuck y'all, I told y'all that shit last time Go ahead Bitch
angry_03-86	/datasets/violence/audio/angry_03-86.wav	Yes	Bitch! Bitch! Bitch! Bitch! Bitch! Go bitch!
angry_03-87	/datasets/violence/audio/angry_03-87.wav	Yes	Hey, there! Oh shit! Back away, back away, back away! Bitch! Back up, back up!
angry_03-88	/datasets/violence/audio/angry_03-88.wav	Yes	I'm so sorry. I don't give a fuck if I get hit as long as this going world star
angry_03-9	/datasets/violence/audio/angry_03-9.wav	Yes	Tá ficando bonito, se liga! O que é isso?
angry_04-1	/datasets/violence/audio/angry_04-1.wav	Yes	You're a batterer! You're a liar! You're a batterer! You're a piece of shit and a batterer! Ah! Ah! SHUT IT UP YOUR ASS!
angry_04-11	/datasets/violence/audio/angry_04-11.wav	Yes	you
angry_04-12	/datasets/violence/audio/angry_04-12.wav	Yes	I buried your mother, Sam! What the fuck is you saying, y'all?
angry_04-13	/datasets/violence/audio/angry_04-13.wav	Yes	Go sit down, Suzy! Yeah, if I sit down.
angry_04-14	/datasets/violence/audio/angry_04-14.wav	Yes	Well don't sit down, just don't come back over there. Fuck you bitch. Okay, you right. Can you do that for me? I ain't had one in a long time. You right.
angry_04-15	/datasets/violence/audio/angry_04-15.wav	Yes	I ain't have been ever been gone. Hey, come on, sweetie. Leave me alone, would you?
angry_04-16	/datasets/violence/audio/angry_04-16.wav	Yes	Stop acting simple! No, I said I'm ready to go! Stop acting simple! I'm ready to fucking go! Oh, no! Give me my shit! No, give you what? Two sugar...
angry_04-17	/datasets/violence/audio/angry_04-17.wav	Yes	These are my cigarettes. And they mine too. You want my cigarettes. And then you'll go. When you'll be here for a long time then.
angry_04-18	/datasets/violence/audio/angry_04-18.wav	Yes	You want that can? Stop it! Stop it! You want that can? You need it? Stop it! Stop it! Read it up! Read it up! Come on man! Read it up! Read it! Read it!
angry_04-19	/datasets/violence/audio/angry_04-19.wav	Yes	I'm not gonna do this. I mean stop fucking with me. I ain't messing with you now. I'm not messing with you, see. I won't fuck you up. Rita, Rita, Rita. I won't fuck you up.
angry_04-2	/datasets/violence/audio/angry_04-2.wav	Yes	Thanks for watching!
angry_04-20	/datasets/violence/audio/angry_04-20.wav	Yes	You have a happy day?
angry_04-21	/datasets/violence/audio/angry_04-21.wav	Yes	Come on. Hey! Fuck, we're done. Don't you understand we're done as a nation? This guy, he's gonna get fucking a movie now, he's gonna get a book deal. How I-
angry_04-22	/datasets/violence/audio/angry_04-22.wav	Yes	Chris, my Lamborghini, we're fucking done. Give me that money, that little fucking prick. Give me that, you know what I'd do with that money? I'd hire somebody to wipe my mother's ass. That's what I would do with that money.
angry_04-23	/datasets/violence/audio/angry_04-23.wav	Yes	because they got too much too fast don't you understand these are the role models we have for all these little fucking shitheads it's over
angry_04-24	/datasets/violence/audio/angry_04-24.wav	Yes	It's over! And I'm the fucking band! We're the Titanic! We are sinking! And I'm the band entertaining you people while we are sun- I'm 53-
angry_04-25	/datasets/violence/audio/angry_04-25.wav	Yes	I'm breaking my fucking ass to jump I'm wearing a fucking clip-on tie and this little prick has the world by the balls and his trouser. What's his what's he got problems?
angry_04-26	/datasets/violence/audio/angry_04-26.wav	Yes	Is it a disease? Was he abused when he was a- FUCK HIM! LET HIM CRASH! LET HIM FUCKING DIE! AND IF I SAW HIM CRASH AND DIE, I WOULD PUL-
angry_04-27	/datasets/violence/audio/angry_04-27.wav	Yes	over and eat popcorn while I see his fucking brains hanging from the fucking radiator. Fuck Justin Bieber! My mother wasn't, you piece of shit!
angry_04-28	/datasets/violence/audio/angry_04-28.wav	Yes	I bet you you beat up lemon too, asshole! You're a batterer! You're a liar! You're a batterer! You're a piece of shit and a bad-
angry_04-29	/datasets/violence/audio/angry_04-29.wav	Yes	Get out of here! Shut me up your ass! Shut me up your ass! Oh my god. Shut me up your ass you piece of shit!
angry_04-3	/datasets/violence/audio/angry_04-3.wav	Yes	Get off the car, my nigga. Straight up. Get off the car, man. Get off the car, man. Get off the car, man.
angry_04-30	/datasets/violence/audio/angry_04-30.wav	Yes	Oh, oh, oh. You wanna hit me? You wanna hit me? I'll fucking knock you out. Oh my God, hit me the way you hit your wife. Hit me the way you hit your wife. Don't fucking touch me, you fucking.
angry_04-31	/datasets/violence/audio/angry_04-31.wav	Yes	800 million Post that on Facebook You a god damn, you a lying son of a bitch
angry_04-32	/datasets/violence/audio/angry_04-32.wav	Yes	I'm gonna post this on Facebook. Don't post this on there man. Why not? Daddy I want everybody to know where I be going. No no no no. See that's what I'm talking about. That's a fucking stupid. You don't let no cat there bother know that shit.
angry_04-33	/datasets/violence/audio/angry_04-33.wav	Yes	You're such a stupid motherfucker. We ain't, we ain't 800 men, Dave, boy. You don't let nobody know nothing, cause if you know how many motherfuckers we got, we'll try to kill your ass. Not a real nigga did nothing much, bro.
angry_04-34	/datasets/violence/audio/angry_04-34.wav	Yes	I'm gonna fuck your daughter and every motherfuckin' thing, nigga. Stupid motherfuckers. If they wanna snitch you, I don't give a fuck. God, you fucked up, daddy. Don't poke that shit on no goddamn face. You gonna come and get me.
angry_04-35	/datasets/violence/audio/angry_04-35.wav	Yes	post that shit on Facebook because I'm telling you, if I see you don't want to beat your motherfucking ass, I swear to God, God my wrist, my right hand is God, I'm going to fuck you up. My hand is God.
angry_04-36	/datasets/violence/audio/angry_04-36.wav	Yes	You know what the nigga did now, Mark Strong. I told you don't do that. Alright. Don't do that shit, man.
angry_04-37	/datasets/violence/audio/angry_04-37.wav	Yes	A little bit of respect, please. I am a nurse. I am Finnish woman. You are fucking African woman. You have meaning nothing. You are zero. You are not humane.
angry_04-38	/datasets/violence/audio/angry_04-38.wav	Yes	Tiedätkö mitä tapahtui meidän maailmamme? Miksi kaikki voivat saada rauhan meidän maailmamme? Me olemme onnellisia, koska ne ovat vahvaa ihmisiä. Joo, se on todella.
angry_04-39	/datasets/violence/audio/angry_04-39.wav	Yes	Thank you.
angry_04-4	/datasets/violence/audio/angry_04-4.wav	Yes	No, stop! Get out the car! Oh shit! Get out the car! Oh shit!
angry_04-40	/datasets/violence/audio/angry_04-40.wav	Yes	O gensis, degustou sua vida recipe, foi hora que igualou de bounty hunter Ghostbusters One Punch Man Strawberry Pan graduate Black Bottle biggest gangster stars
angry_04-41	/datasets/violence/audio/angry_04-41.wav	Yes	Say niggas been hustlin' man. You understand? Niggas been hustlin'. We been catchin' the bus too long and not on. You know that? You got a new car? Nah man, look at my shit!
angry_04-42	/datasets/violence/audio/angry_04-42.wav	Yes	Uh-uh! So you made me have this, what the fuck? You don't spend five thousand on? Hell no! Hell no!
angry_04-43	/datasets/violence/audio/angry_04-43.wav	Yes	No, no, please! You broke him out! Mary, shut up! Fuck your body down! Mary, shut up!
angry_04-44	/datasets/violence/audio/angry_04-44.wav	Yes	You got me fucked up! Suicide dog! She got some rad bottles of dog! Suicide dog, get in! Man, I got him in this shit! Get in! Hey, you're not making-
angry_04-45	/datasets/violence/audio/angry_04-45.wav	Yes	I got you for hell! You can't just drive me around with this shit! You can't just fuck me! I just wanna... You can't just fuck me!
angry_04-46	/datasets/violence/audio/angry_04-46.wav	Yes	5,000! Million is built! 500 more! Hey! Hey! Hey! Look at the rules!
angry_04-47	/datasets/violence/audio/angry_04-47.wav	Yes	I'ma get this deal! I work for Zayn! This son of a bitch! You ain't never satisfied!
angry_04-48	/datasets/violence/audio/angry_04-48.wav	Yes	You ain't never satisfied, man. You know what's up? Yo, yo, yo, catch this motherfucker. Yeah. Take a picture of this motherfucker. Yo, yo, yo, yo.
angry_04-49	/datasets/violence/audio/angry_04-49.wav	Yes	Эй! Эй!
angry_04-5	/datasets/violence/audio/angry_04-5.wav	Yes	I got your money! Take it off! Take it off! Take it off! Take it off!
angry_04-50	/datasets/violence/audio/angry_04-50.wav	Yes	А-а-а, ясно что ты делаешь? Пусть пообещал мне превращаться в дядю этому м especialmente
angry_04-51	/datasets/violence/audio/angry_04-51.wav	Yes	пауադо а题
angry_04-52	/datasets/violence/audio/angry_04-52.wav	Yes	aBstormaging London Dude come on
angry_04-53	/datasets/violence/audio/angry_04-53.wav	Yes	You fuck you man you drunk you drunk you're on camera now Yeah, I'm gonna take your picture your van
angry_04-54	/datasets/violence/audio/angry_04-54.wav	Yes	You are going to the department! You come down with me! What for? What for? Old man!
angry_04-55	/datasets/violence/audio/angry_04-55.wav	Yes	odd man look the witnesses the police come yeah yeah police come
angry_04-56	/datasets/violence/audio/angry_04-56.wav	Yes	Get your f**king bastard! Why? Why you keep the horn? I to horn whatever I want! Get f**k! I to horn whatever I want! Come down! It's a f**k!
angry_04-57	/datasets/violence/audio/angry_04-57.wav	Yes	country it's a free country yeah you're going on facebook yeah yeah
angry_04-58	/datasets/violence/audio/angry_04-58.wav	Yes	I'm very happy now. Yeah. Yeah. I'm happy too. Yeah. Do home. The police come. Police come. Let's go. Let's go. Let's go. Let's go. Come there. Let's go.
angry_04-59	/datasets/violence/audio/angry_04-59.wav	Yes	Come down! Let's go, let's go! Go come! Police! Go fight! Go fight! Toy? Toy fight? You stupid? You think I fight you? Yes! Fuck! Yes!
angry_04-6	/datasets/violence/audio/angry_04-6.wav	Yes	Get up the bread. Get the watch soon. Get up the bread.
angry_04-60	/datasets/violence/audio/angry_04-60.wav	Yes	You think I'll fuck you? Yeah. Go work taxi man. Go work taxi. Come on. Yeah go work taxi better. You need money I've got money.
angry_04-61	/datasets/violence/audio/angry_04-61.wav	Yes	لديك مال هنا؟ هل تريد مال؟ مال؟ مالية؟ أبناء؟
angry_04-62	/datasets/violence/audio/angry_04-62.wav	Yes	I'll go to your fucking deck, you never play!
angry_04-63	/datasets/violence/audio/angry_04-63.wav	Yes	Let me tell you something, the next time you do it again, you're getting your, okay what? You're gonna let me fucking finish?
angry_04-64	/datasets/violence/audio/angry_04-64.wav	Yes	Stop interrupting me!
angry_04-65	/datasets/violence/audio/angry_04-65.wav	Yes	Well who do you think you're talking to here?
angry_04-66	/datasets/violence/audio/angry_04-66.wav	Yes	No, every time I open my mouth, you have something to say!
angry_04-67	/datasets/violence/audio/angry_04-67.wav	Yes	When you're driving up my ass when I'm trying to park the car and then you have to do something with your hands So I just say I don't care what you have to say. Okay, do you understand that?
angry_04-68	/datasets/violence/audio/angry_04-68.wav	Yes	People are allowed to park in this car, park their cars.
angry_04-69	/datasets/violence/audio/angry_04-69.wav	Yes	on the side of the street without your interference and then your opinion about what's going on Okay sir Okay? Apologies Especially when the person you're doing it to are the police
angry_04-70	/datasets/violence/audio/angry_04-70.wav	Yes	Okay, sir. I don't know where you're coming from or where you think you're appropriate in doing that. That doesn't, it's not the way it works. How long have you been?
angry_04-71	/datasets/violence/audio/angry_04-71.wav	Yes	been in this country? Almost two years. Almost how long? Two years. Two years. I got news for you and use this lesson. Remember this in the future. Don't ever do that again.
angry_04-72	/datasets/violence/audio/angry_04-72.wav	Yes	The only reason you're not in handcuffs going to jail and getting some images in the precinct is because I have things to do. That's the only reason that's not happening.
angry_04-73	/datasets/violence/audio/angry_04-73.wav	Yes	Cuz this isn't important enough to me. You're not important enough. I'm gonna kick your shit off the trailer, nigga. I ain't worried about it.
angry_04-74	/datasets/violence/audio/angry_04-74.wav	Yes	I don't care, fuck him! Well he better take it up with you! Get his ass whipped!
angry_04-75	/datasets/violence/audio/angry_04-75.wav	Yes	Cory's back. What the fuck you talking about, boy? You made me mad today. Cory, you ain't going nowhere. You're a badass, man. You can't play with him. Fucking stinky foot fucker.
angry_04-76	/datasets/violence/audio/angry_04-76.wav	Yes	Oh
angry_04-77	/datasets/violence/audio/angry_04-77.wav	Yes	Stop, stop, stop! Cory, that's mama! Cory! Too big?
angry_04-8	/datasets/violence/audio/angry_04-8.wav	Yes	Thanks for watching!
angry_04-9	/datasets/violence/audio/angry_04-9.wav	Yes	время бля
angry_05-1	/datasets/violence/audio/angry_05-1.wav	Yes	Macbook mon coco !
angry_05-10	/datasets/violence/audio/angry_05-10.wav	Yes	What the fuck you got in here? Let's all be white! I don't have any green in there! You see any green in there? What the fuck you got in here?
angry_05-11	/datasets/violence/audio/angry_05-11.wav	Yes	You lucky, you lucky, you lucky. You lucky. Fuck that, don't aim me. That is a little boy, don't aim me. I'll kill that son of a bitch. Don't aim me.
angry_05-12	/datasets/violence/audio/angry_05-12.wav	Yes	Don't listen! I don't even give a fuck! I don't even give a fuck! Let's go next! Let me see that shit!
angry_05-13	/datasets/violence/audio/angry_05-13.wav	Yes	Fuck out of here. Let's go. Don't bring that shit up. Whatever. How does it end? How does it end? Mind your fucking business. She's a fool. Mind your fucking business. Mind your fucking business. Mind your fucking business.
angry_05-14	/datasets/violence/audio/angry_05-14.wav	Yes	I'm a parent! I'm a parent! Mind your business! Mind your business! I sat here and watched the whole thing! Mind your business! Don't talk that shit, Shalu. Don't talk that shit.
angry_05-15	/datasets/violence/audio/angry_05-15.wav	Yes	Thanks for watching!
angry_05-16	/datasets/violence/audio/angry_05-16.wav	Yes	... Je suis repoussé, je suis en train de m'y mettre mon coco !
angry_05-17	/datasets/violence/audio/angry_05-17.wav	Yes	... ... ... ... Maque-bouc mon coco !
angry_05-19	/datasets/violence/audio/angry_05-19.wav	Yes	Have a good day guys.
angry_05-2	/datasets/violence/audio/angry_05-2.wav	Yes	Thanks for watching!
angry_05-20	/datasets/violence/audio/angry_05-20.wav	Yes	und fier da
angry_05-21	/datasets/violence/audio/angry_05-21.wav	Yes	Preste chance copain !
angry_05-22	/datasets/violence/audio/angry_05-22.wav	Yes	What's good?
angry_05-23	/datasets/violence/audio/angry_05-23.wav	Yes	What you want me to do? Come up out them pockets, Femo. We need something. We need something, bruh. You gonna try and rob me, bruh? I ain't robbing you. I'm asking you to come out them pockets.
angry_05-24	/datasets/violence/audio/angry_05-24.wav	Yes	Or I've got to rob you. How you wanna do it?
angry_05-25	/datasets/violence/audio/angry_05-25.wav	Yes	Let me know. Let me know. Let me know. Let me know. Let me know, bruh. Real niggas do real things, bruh. There ain't nothing real about that. I'm telling you. I'm talking. Let me know.
angry_05-26	/datasets/violence/audio/angry_05-26.wav	Yes	You coming out from pockets? Is you coming out from pockets?
angry_05-27	/datasets/violence/audio/angry_05-27.wav	Yes	I need that, Primo. All that. Where the weed at, bruh? I ain't got no weed. I ain't got no weed, bruh.
angry_05-28	/datasets/violence/audio/angry_05-28.wav	Yes	And I swear to God, if anyone of them bullets would have hit my people's butt, I'd have killed you, nigga. You hear me? Yeah, I know. I ain't got nothing to do with it, bro. What the fuck? Don't touch me, bro.
angry_05-29	/datasets/violence/audio/angry_05-29.wav	Yes	Don't touch me nigga, everything goes nigga. Yeah, use the whole ass nigga bro. Shoot in the air nigga. This shit is real out here nigga.
angry_05-3	/datasets/violence/audio/angry_05-3.wav	Yes	You're a 40 year old woman yelling at a 12 year old! I'm 40! I'm 40 god damn it! Pretty damn close! You touched me god damn it! Fuck, huh, fuck! Hit me motherfucker! You touch her again I'll knock your god damn teeth out!
angry_05-30	/datasets/violence/audio/angry_05-30.wav	Yes	You feel me? Shut the fuck up and do it!
angry_05-31	/datasets/violence/audio/angry_05-31.wav	Yes	Licken!
angry_05-32	/datasets/violence/audio/angry_05-32.wav	Yes	Swear to God, bro. If you wasn't my little nigga, I'd beat your ass just off a strip, come on.
angry_05-33	/datasets/violence/audio/angry_05-33.wav	Yes	We'll talk, bro. We'll be a pussy in these streets, nigga. And you can come holler at me. Give a fuck. Go call who you want to. Why, I don't know if you ride with this, nigga. No disrespect to him.
angry_05-34	/datasets/violence/audio/angry_05-34.wav	Yes	or whoever but this nigga did some ho ass shit you got to pay for that shit
angry_05-35	/datasets/violence/audio/angry_05-35.wav	Yes	You can call whoever you want to my nigga, cause I could've came at you a different way nigga. I ain't got shit on me but these hands boy. You didn't even wanna fight nigga, you's a bitch.
angry_05-36	/datasets/violence/audio/angry_05-36.wav	Yes	СОВЦА БЛЯТЬ КУПИЛА ПРОВАТЬ
angry_05-37	/datasets/violence/audio/angry_05-37.wav	Yes	Мозг ебет! Достали уже эти дедки! У вас не можно! Что сигналит? Прикинь!
angry_05-38	/datasets/violence/audio/angry_05-38.wav	Yes	Блядь, еще обгонять собралась Да ладно Сид Вот сука
angry_05-39	/datasets/violence/audio/angry_05-39.wav	Yes	попала
angry_05-40	/datasets/violence/audio/angry_05-40.wav	Yes	Чё творишь?
angry_05-41	/datasets/violence/audio/angry_05-41.wav	Yes	вообще какой-то неадекватный...
angry_05-42	/datasets/violence/audio/angry_05-42.wav	Yes	Не выходи, пожалуйста!
angry_05-43	/datasets/violence/audio/angry_05-43.wav	Yes	ВОЖЕ!
angry_05-44	/datasets/violence/audio/angry_05-44.wav	Yes	Вызывай ментов! Это что вообще? Вообще охуенел!
angry_05-45	/datasets/violence/audio/angry_05-45.wav	Yes	I told you your motherfucking ass don't play with me!
angry_05-46	/datasets/violence/audio/angry_05-46.wav	Yes	You can stay here and play with me anywhere. I'ma put these in your hand, come on.
angry_05-47	/datasets/violence/audio/angry_05-47.wav	Yes	I ain't got no
angry_05-48	/datasets/violence/audio/angry_05-48.wav	Yes	Get this shit out of my house before I fuck you up and by the way your friend that I fuck told me about the nigga that filled your car, the nigga that be giving you money
angry_05-49	/datasets/violence/audio/angry_05-49.wav	Yes	You think you got friends, bitch you talk too much, I bet you can't check an animal out. Cause you talk too fucking much. Now get this shit out of my house.
angry_05-5	/datasets/violence/audio/angry_05-5.wav	Yes	I'm gonna touch her again, god damn it! Step your bitch ass out! Shut the fuck up! You make me shut the fuck up! You goddamn nigger! I swear they don't like us though. Hey, I can pay the rent!
angry_05-50	/datasets/violence/audio/angry_05-50.wav	Yes	Fuck was. And then you talked about my fucking kids recording this. The kids are bitches. The kids are bitches.
angry_05-51	/datasets/violence/audio/angry_05-51.wav	Yes	You talking about my kids, A-Kids!
angry_05-52	/datasets/violence/audio/angry_05-52.wav	Yes	No, you get this sh-
angry_05-53	/datasets/violence/audio/angry_05-53.wav	Yes	You ain't got the cow, nobody this mother fucker. Coy, let's get this shit up out here, alright? Get these guys, get those shit up in here. Come on, get this shit. What they putting in here? I want this shit.
angry_05-55	/datasets/violence/audio/angry_05-55.wav	Yes	It's like this Thursday. And you got you got a better car than me. This is crazy.
angry_05-56	/datasets/violence/audio/angry_05-56.wav	Yes	You asking for money in the middle of the street and you drive a 2013 car?
angry_05-57	/datasets/violence/audio/angry_05-57.wav	Yes	you're gonna tell me you're not gonna drive this car. Your son is gonna go pick you up. Or you take it and bury it by church. Listen, I work hard for my money.
angry_05-58	/datasets/violence/audio/angry_05-58.wav	Yes	I don't appreciate this shit. And that's why people like you get taken advantage of people like me. This is bullshit. I see this car here tomorrow, I'm gonna f-
angry_05-59	/datasets/violence/audio/angry_05-59.wav	Yes	fucking bust the window. How much you want to pay? I'll see this car tomorrow watching. I'll work fucking hard. 40 hours.
angry_05-6	/datasets/violence/audio/angry_05-6.wav	Yes	You're a weak beat! A weak beat! This is a goddamn scuttle! I'm 40!
angry_05-60	/datasets/violence/audio/angry_05-60.wav	Yes	I see you hungry, I give you every day $3, $2. Thursday, I did not eat to give you $4. You drive a better car than me.
angry_05-61	/datasets/violence/audio/angry_05-61.wav	Yes	Bum-bum-bum! I better not see the sports tomorrow.
angry_05-62	/datasets/violence/audio/angry_05-62.wav	Yes	Oh shit! Oh, sook ain't playin'.
angry_05-63	/datasets/violence/audio/angry_05-63.wav	Yes	This ain't playing at all.
angry_05-64	/datasets/violence/audio/angry_05-64.wav	Yes	Wow.
angry_05-65	/datasets/violence/audio/angry_05-65.wav	Yes	I bet you there's no now.
angry_05-66	/datasets/violence/audio/angry_05-66.wav	Yes	This motherfucking ass don't die baby.
angry_05-67	/datasets/violence/audio/angry_05-67.wav	Yes	Oh
angry_05-68	/datasets/violence/audio/angry_05-68.wav	Yes	These niggas better quit playing out here. The streets is real!
angry_05-69	/datasets/violence/audio/angry_05-69.wav	Yes	And gee what's up this do to you He don't get no fuck I bet you won't fuck on him no
angry_05-7	/datasets/violence/audio/angry_05-7.wav	Yes	Fuck! I'm on the road! He just don't give a fuck! He popped on you, right? He popped on you, right? He hit you, right? You need to listen!
angry_05-70	/datasets/violence/audio/angry_05-70.wav	Yes	Move Scrape us it then let me see how hard you a scrape us it
angry_05-71	/datasets/violence/audio/angry_05-71.wav	Yes	He write her name, her n***a name, the n***a who she cheated with. Damn! That's all love dawg. That's all love, man.
angry_05-72	/datasets/violence/audio/angry_05-72.wav	Yes	that shit no more man excuse me you fucking call me a prostitute
angry_05-73	/datasets/violence/audio/angry_05-73.wav	Yes	How fucking dare you speak to me like that? I ain't some fucking slut!
angry_05-8	/datasets/violence/audio/angry_05-8.wav	Yes	I wish you would, shorty. I wish you would. Look at him. Who gives a fuck? Who gives a fuck? Mind-job this.
angry_05-9	/datasets/violence/audio/angry_05-9.wav	Yes	You fucking out. You fucking out. Get a full ass man like that. Fuck out of here. Yeah. Yeah. What? You a wolf, punk. You a punk. You a punk.
angry_06-1	/datasets/violence/audio/angry_06-1.wav	Yes	I came up the boat. There you go. That's, that is, you heard that. You're a manager. That's racist discrimination. I want to fight it.
angry_06-11	/datasets/violence/audio/angry_06-11.wav	Yes	What time do you get off work? Santa Claus.
angry_06-12	/datasets/violence/audio/angry_06-12.wav	Yes	What the hell was that all about? Off the boat.
angry_06-13	/datasets/violence/audio/angry_06-13.wav	Yes	You know how many freaking Asians are in this place right now?
angry_06-14	/datasets/violence/audio/angry_06-14.wav	Yes	And I have no reason to get upset over that? No. And if I was you, if that was you, you would be anti-Semite.
angry_06-15	/datasets/violence/audio/angry_06-15.wav	Yes	Okay, I'm sure security will tell us.
angry_06-16	/datasets/violence/audio/angry_06-16.wav	Yes	Thanks for watching!
angry_06-17	/datasets/violence/audio/angry_06-17.wav	Yes	Give me my money back. You're a goddamn liar. Give me my money. Give me my money. Give me my money, man. I ain't got the...
angry_06-18	/datasets/violence/audio/angry_06-18.wav	Yes	Just give me my money and I'm outta here.
angry_06-19	/datasets/violence/audio/angry_06-19.wav	Yes	My name is Rodney Goh, man.
angry_06-2	/datasets/violence/audio/angry_06-2.wav	Yes	I want him fired. You heard that. You heard that. I came off the phone. You fucking cock fucker! No, no, no, no, no.
angry_06-20	/datasets/violence/audio/angry_06-20.wav	Yes	Fuck this junk. These are fucking crackheads.
angry_06-21	/datasets/violence/audio/angry_06-21.wav	Yes	working in here. Who the fuck has a crack head? Bitch, I got, oh god, yeah, sick bitch on the phone. Bitch, I got three. I ain't going to school, motherfucker.
angry_06-22	/datasets/violence/audio/angry_06-22.wav	Yes	You sorry ass bitch!
angry_06-23	/datasets/violence/audio/angry_06-23.wav	Yes	I gave my motherfucking money and I'm outta here. I don't have to have nothing. Just give me my money. No! No! Get out money and let go!
angry_06-24	/datasets/violence/audio/angry_06-24.wav	Yes	Get our money and let's go! I got a fuller window than sorry ass Texas with your motherfuckin'
angry_06-25	/datasets/violence/audio/angry_06-25.wav	Yes	Get out of my way!
angry_06-26	/datasets/violence/audio/angry_06-26.wav	Yes	Get our money and let's go! I ain't got to put up with no jail! Thank you, George, for all the church chicken, motherfuckers! Get our money and let's go!
angry_06-27	/datasets/violence/audio/angry_06-27.wav	Yes	Get our money and let's go! You know what? You know what? You know what? I ain't done shit or what. Choose one!
angry_06-28	/datasets/violence/audio/angry_06-28.wav	Yes	You lied to the police, you lied to the police, you said I'd do it.
angry_06-29	/datasets/violence/audio/angry_06-29.wav	Yes	Bitch! Bitch! Bitch!
angry_06-3	/datasets/violence/audio/angry_06-3.wav	Yes	Come off the fucking boat
angry_06-30	/datasets/violence/audio/angry_06-30.wav	Yes	Stop! You're gonna get out now, bitch! Don't ever have a man! Stop! Yeah! Fuck you! Yeah! Bitch, I'm sorry! I don't know. You're gonna get back! Oh my god! Fuck you! You're gonna get back!
angry_06-31	/datasets/violence/audio/angry_06-31.wav	Yes	I'm not gonna hurt you. Hey. In a while. No, but the fuck you don't, bitch. That's why you're married, bitch. You're lying. You're lying.
angry_06-32	/datasets/violence/audio/angry_06-32.wav	Yes	Oh, I'm on the track. Oh, yeah, I'm on the track. Don't. Goddamn, bitch. Jaden, stop.
angry_06-33	/datasets/violence/audio/angry_06-33.wav	Yes	Stop hitting me!
angry_06-34	/datasets/violence/audio/angry_06-34.wav	Yes	Jaden, stop. Here, stop. Take this.
angry_06-35	/datasets/violence/audio/angry_06-35.wav	Yes	Stop now. No. Yes. Come on. You're sitting on the couch. No.
angry_06-36	/datasets/violence/audio/angry_06-36.wav	Yes	Yes, we are. Stop hitting and kicking.
angry_06-37	/datasets/violence/audio/angry_06-37.wav	Yes	Alright, right here. Fine. I'm about to mess him up. What's up? What's up? What's up? I don't give a shit about that damn shit. Okay, you hit me. You just hit me. I didn't hit you.
angry_06-38	/datasets/violence/audio/angry_06-38.wav	Yes	Yes, you hit me. Don't you record me. Don't you record me. I'm sick of you. I am tired of your ass. I am tired of your punk ass. Okay, okay. I'm tired of you harassing me.
angry_06-39	/datasets/violence/audio/angry_06-39.wav	Yes	Making my life hell. OK. OK. You think I give a shit? Please be quiet. Fuck you, bitch. You dumbass. You retarded ass. Y'all come on. Y'all want y'all.
angry_06-4	/datasets/violence/audio/angry_06-4.wav	Yes	You racist fuck-
angry_06-40	/datasets/violence/audio/angry_06-40.wav	Yes	I don't care about you. I don't care about you. Oh you hit me on the video right here. I don't care about you It's on video. It's on video. She's assaulting me. She's assaulting me.
angry_06-41	/datasets/violence/audio/angry_06-41.wav	Yes	Oh, she's pressing me. Oh, she's attacking me. Don't you record me! This is for protection. This is for protection. I don't know what you're going to do.
angry_06-42	/datasets/violence/audio/angry_06-42.wav	Yes	unstable. No, no, no. Because I'm sick of you harassing me. I am sick and tired of you harassing me. Okay, please don't approach me. Please don't approach me. I ask...
angry_06-43	/datasets/violence/audio/angry_06-43.wav	Yes	Please stay away. Please stay away. I ask you please stay away
angry_06-44	/datasets/violence/audio/angry_06-44.wav	Yes	Don't touch me! Please, please shoot! That's right!
angry_06-45	/datasets/violence/audio/angry_06-45.wav	Yes	Wow, you got your kids cursing at me too, huh? Wow, this is amazing. Do not talk to my kids! Okay.
angry_06-46	/datasets/violence/audio/angry_06-46.wav	Yes	Talk to this fucking nigga right now. I'm telling you he's rebuking the accord of me. He scared the shit out of Anthony's car. He wanted to run his mouth talking about Bibi and her trancey mother. Fucking c-
angry_06-47	/datasets/violence/audio/angry_06-47.wav	Yes	Say something to him now. He's got me on video tape and I'm still flipping the fuck out. You called me a nigger. Go ahead. I called you a nigger. You're a nigger!
angry_06-48	/datasets/violence/audio/angry_06-48.wav	Yes	Nasty fucking niggas!
angry_06-49	/datasets/violence/audio/angry_06-49.wav	Yes	And this motherfucker right here, hold on. Move!
angry_06-5	/datasets/violence/audio/angry_06-5.wav	Yes	I don't know what happened. They're standing you in my space?
angry_06-50	/datasets/violence/audio/angry_06-50.wav	Yes	Do one of your employees get to come out here and get my toilet paper? I can't blame him, he stole his game. I don't got his fucking game! I seen you on the camera. I don't got his fucking game!
angry_06-51	/datasets/violence/audio/angry_06-51.wav	Yes	I don't fucking got it! Alright, let the camera, let the camera. Move! Alright, can I just go get her toilet paper and I'm coming right back in here. I don't know if you got it either.
angry_06-52	/datasets/violence/audio/angry_06-52.wav	Yes	Look, all I got is a motherfucking mug. Let me go get it. Move. Move. Let me, I said move. I said wait.
angry_06-53	/datasets/violence/audio/angry_06-53.wav	Yes	I'm gonna break your fucking doors. Move. Move it! Move!
angry_06-54	/datasets/violence/audio/angry_06-54.wav	Yes	Move! I said I'm gonna go fucking get it, move! Move then, no! Open this motherfucking door and let me go get it! I said let me, let me go fucking get it!
angry_06-55	/datasets/violence/audio/angry_06-55.wav	Yes	I'm telling you where it fucking is. Let me go fucking get it you stupid puta. Fucking maente.
angry_06-56	/datasets/violence/audio/angry_06-56.wav	Yes	Hello! Man, this motherfucker got me stuck with the damn turkey!
angry_06-57	/datasets/violence/audio/angry_06-57.wav	Yes	They're fucking stupid ass fucking masking!
angry_06-58	/datasets/violence/audio/angry_06-58.wav	Yes	And cut! And shut them up! Hold on, let me call you back! Oh shit. Oh shit.
angry_06-59	/datasets/violence/audio/angry_06-59.wav	Yes	I don't give a fuck, I just kicked out this stupid motherfuckin'- I- Huh? Is that a mobile or what's happening? No, yes, I know I can-
angry_06-60	/datasets/violence/audio/angry_06-60.wav	Yes	OPEN THE FUCKING DOOR!
angry_06-7	/datasets/violence/audio/angry_06-7.wav	Yes	Can you call your general manager? Yeah, she's coming right now. You heard that, right?
angry_06-8	/datasets/violence/audio/angry_06-8.wav	Yes	You heard that.
angry_06-9	/datasets/violence/audio/angry_06-9.wav	Yes	I came off the board and was being caught losing a race as fuck? No! Hey!
angry_07-1	/datasets/violence/audio/angry_07-1.wav	Yes	Confederacy
angry_07-10	/datasets/violence/audio/angry_07-10.wav	Yes	This is Comic Con. No, no!
angry_07-11	/datasets/violence/audio/angry_07-11.wav	Yes	I'm gonna do a death all this way, I'm gonna take the fucking wall, I'm gonna take the fucking shepherds. Do you want some help? I've got a knock off.
angry_07-12	/datasets/violence/audio/angry_07-12.wav	Yes	I'm gonna go for it. You're a fucking cunt. I'm having a fucking piss.
angry_07-13	/datasets/violence/audio/angry_07-13.wav	Yes	What the fuck did you say?
angry_07-14	/datasets/violence/audio/angry_07-14.wav	Yes	I think that I've ever seen his face. Look at his face. I'm probably my best friend so yeah, he's seen my face. Eat dinner. Listen to me, eat dinner.
angry_07-15	/datasets/violence/audio/angry_07-15.wav	Yes	I'm not gonna let you pass. Don't look at us. Don't fucking look at us. Just get out of here. Get out of here! Get out of here!
angry_07-16	/datasets/violence/audio/angry_07-16.wav	Yes	I'm sorry, he needs to be deported, I'm sorry, bye. Oh my god, are you kidding me? Get the fuck out of here, come on.
angry_07-17	/datasets/violence/audio/angry_07-17.wav	Yes	I'm not going to take one of those. That was pretty racist. That was pretty fucking racist. It's alright.
angry_07-18	/datasets/violence/audio/angry_07-18.wav	Yes	Get her the fuck out of here. Logan? Yeah. Wow. This really- I'm charging you for happening. This is a simple challenge. You can't do it on the face. Just like that.
angry_07-19	/datasets/violence/audio/angry_07-19.wav	Yes	I will fucking beat your ass. I will fucking beat your ass. I'm not making you... If you ever talk to my friend that way, I'm fucking kill you. Racism is cool. Racism is cool.
angry_07-2	/datasets/violence/audio/angry_07-2.wav	Yes	That was funny.
angry_07-20	/datasets/violence/audio/angry_07-20.wav	Yes	I'm throwing the rocks. Fuck the Mexican stick! Yeah, get the fuck out of your braces bitch! Come on now! Torque on his face!
angry_07-21	/datasets/violence/audio/angry_07-21.wav	Yes	That's cool. Racism. Get out. Get out. Burn in hell. Burn in hell. Amazing.
angry_07-22	/datasets/violence/audio/angry_07-22.wav	Yes	I'm an atheist! Who is it? I'm atheist! I'm an atheist! Are you a healer? I'm a child!
angry_07-23	/datasets/violence/audio/angry_07-23.wav	Yes	Fuck them! Fuck them! Fuck them! They're Mexican motherfuckers, you're gonna get supported! I'm Mexican motherfuckers! Damn!
angry_07-24	/datasets/violence/audio/angry_07-24.wav	Yes	Who gives a fuck about that? They're gonna be on the border begging for us, are you? Don't pick them eyebrows, girl! No!
angry_07-25	/datasets/violence/audio/angry_07-25.wav	Yes	You are really... NOOOOOOOOOOOOOOOOO NOOOOOOOOOOOOOOOOO Fuck you, you're like a Mexico motherfucker NOOOO
angry_07-26	/datasets/violence/audio/angry_07-26.wav	Yes	Yeah baby! Yeah! Yeah! Yeah! Yeah! Yeah! Hey girl!
angry_07-27	/datasets/violence/audio/angry_07-27.wav	Yes	Get the sluts out of here! I'd still fuck you! We would still fuck you!
angry_07-28	/datasets/violence/audio/angry_07-28.wav	Yes	She is clowning in this
angry_07-29	/datasets/violence/audio/angry_07-29.wav	Yes	Come on, send it to me before you leave, okay? This is gonna be a long-edged video. I ain't gonna stop recording. They ain't waiting on the police. Wow.
angry_07-3	/datasets/violence/audio/angry_07-3.wav	Yes	Mae'n gwneud trycefnod ein bod ni'n ŵ glorod AM 5W
angry_07-30	/datasets/violence/audio/angry_07-30.wav	Yes	I wanna get out of this. I wanna, yeah I wanna record. I wanna record us someday. Come on with it. Just let me out.
angry_07-31	/datasets/violence/audio/angry_07-31.wav	Yes	Yeah. Meh.
angry_07-32	/datasets/violence/audio/angry_07-32.wav	Yes	What's 9-8 Watchamong? 9-8 we stole our camera bro What's taking DFW so long? I mean... DFW
angry_07-33	/datasets/violence/audio/angry_07-33.wav	Yes	Yeah, yeah, yeah, yeah the people
angry_07-34	/datasets/violence/audio/angry_07-34.wav	Yes	You need to stop, because you're gonna go to jail. I'm finna call Fox 4 News. She is knocking all their shoes off this thing. Look at her. I wonder if I can get some money for this sh-
angry_07-35	/datasets/violence/audio/angry_07-35.wav	Yes	What is this mother fucker?
angry_07-37	/datasets/violence/audio/angry_07-37.wav	Yes	They called the police didn't they? Yeah they had to. That's why they won't let nobody out, they won't let us in. They waiting on them to get us so she can't leave.
angry_07-39	/datasets/violence/audio/angry_07-39.wav	Yes	The credit card machine!
angry_07-4	/datasets/violence/audio/angry_07-4.wav	Yes	Shut the fuck up.
angry_07-40	/datasets/violence/audio/angry_07-40.wav	Yes	Oh, I think she's gonna go to jail. Oh, she's gonna go to jail. She's gonna be in jail for a minute. Look, and now she fighting. She doesn't hit that guy upside the head.
angry_07-41	/datasets/violence/audio/angry_07-41.wav	Yes	Oh, they're stealing. I saw a poop coming out her elbow. She paid for it at night. But while they focused on her, she cleaning the map.
angry_07-42	/datasets/violence/audio/angry_07-42.wav	Yes	This hoe is stupid. Will she come down tomorrow? She'll come down. Cause I'm wrong.
angry_07-43	/datasets/violence/audio/angry_07-43.wav	Yes	So if you want to get out, but you can break that wall to get out, it's a bad end. Move out the way. To tell the truth. Your name?
angry_07-44	/datasets/violence/audio/angry_07-44.wav	Yes	I don't forget nothing. I'm so happy. Y'all about to say you better get out some people, why? Because she want to get out, bitch. You can get out. Be playing like you want to get out.
angry_07-45	/datasets/violence/audio/angry_07-45.wav	Yes	So you can learn because you can't watch. Not everybody can change their shit. You gotta be running around here looking for the people that are in your class. I can't! I don't care!
angry_07-46	/datasets/violence/audio/angry_07-46.wav	Yes	Excuse me! Excuse me! There's no need for you to tell me that I'm a child! No, I did it on a superlative! What? What? You want me to-
angry_07-47	/datasets/violence/audio/angry_07-47.wav	Yes	I didn't know it was that. I didn't know it was that. I wanted to get a nerd. Alright. Why are you yelling for the cops?
angry_07-48	/datasets/violence/audio/angry_07-48.wav	Yes	This is so disrespectful! 43, 34, that's it! And I'm so sorry everybody, but I'm not a child! Don't sit up here hiding myself like I'm a little girl!
angry_07-49	/datasets/violence/audio/angry_07-49.wav	Yes	You're my mom! What the fuck you mean I'm a learn? You don't teach me nothing! Big Mac, you give me the meat on the bottom.
angry_07-5	/datasets/violence/audio/angry_07-5.wav	Yes	Oh fucks sake mate, you can't look at how fucked this shit off.
angry_07-50	/datasets/violence/audio/angry_07-50.wav	Yes	The cheese on the bottom, less tomato. Hey, Ben, you don't give me no motherfucking meat on the top, but lettuce and tomato. What the fuck you talking about?
angry_07-51	/datasets/violence/audio/angry_07-51.wav	Yes	You better fucking get your workers right. You better get your fucking workers right. I should have took a picture of that shit on my cell phone.
angry_07-52	/datasets/violence/audio/angry_07-52.wav	Yes	Nasty motherfuckers!
angry_07-53	/datasets/violence/audio/angry_07-53.wav	Yes	You're a nasty motherfucker. If I got a fucking cell phone, I should have did that shit. Yo, you ain't gonna give me nothing extra for my fucking time?
angry_07-54	/datasets/violence/audio/angry_07-54.wav	Yes	For my fucking time!
angry_07-55	/datasets/violence/audio/angry_07-55.wav	Yes	Motherf***ing.....
angry_07-56	/datasets/violence/audio/angry_07-56.wav	Yes	Where the fuck are you?
angry_07-57	/datasets/violence/audio/angry_07-57.wav	Yes	What the fuck you doing? Give me my shit! Give me my shi-
angry_07-58	/datasets/violence/audio/angry_07-58.wav	Yes	I mean do my shit and I mean do my shit now
angry_07-59	/datasets/violence/audio/angry_07-59.wav	Yes	Well, don't play with me. All right? Don't you talk to me.
angry_07-6	/datasets/violence/audio/angry_07-6.wav	Yes	Just like mate.
angry_07-60	/datasets/violence/audio/angry_07-60.wav	Yes	You're gonna play with somebody.
angry_07-61	/datasets/violence/audio/angry_07-61.wav	Yes	You gotta look at shit.
angry_07-62	/datasets/violence/audio/angry_07-62.wav	Yes	Oh fuck you, everybody better watch they shit when they fuck with you
angry_07-63	/datasets/violence/audio/angry_07-63.wav	Yes	Because these motherfuckers will fuck you around. And then you come back here and ready to throw something at these fucking faces.
angry_07-64	/datasets/violence/audio/angry_07-64.wav	Yes	No, no, no, fuck it, yeah, buy my ass.
angry_07-65	/datasets/violence/audio/angry_07-65.wav	Yes	By my fucking ass!
angry_07-66	/datasets/violence/audio/angry_07-66.wav	Yes	Fuck you think you talking to fuck you or you the supervisor you know what you something
angry_07-67	/datasets/violence/audio/angry_07-67.wav	Yes	I will guarantee you I will make you lose your
angry_07-68	/datasets/violence/audio/angry_07-68.wav	Yes	Bitch, I'll make you lose your job. You motherfucker, I'll make you lose your fucking job.
angry_07-69	/datasets/violence/audio/angry_07-69.wav	Yes	You had to watch your motherfucking work!
angry_07-70	/datasets/violence/audio/angry_07-70.wav	Yes	Because everybody come here doing that shit to me. I think the first time I ever went to a motherfucker's McDonald's is to get that dumb shit.
angry_07-71	/datasets/violence/audio/angry_07-71.wav	Yes	Jag fick det, man!
angry_07-72	/datasets/violence/audio/angry_07-72.wav	Yes	Yeah, I know I'm down to I'm gonna get sick behind me shit
angry_07-74	/datasets/violence/audio/angry_07-74.wav	Yes	Thanks for watching!
angry_07-75	/datasets/violence/audio/angry_07-75.wav	Yes	I'm gonna close my window.
angry_07-76	/datasets/violence/audio/angry_07-76.wav	Yes	You're just a fakin' motherfucker!
angry_07-77	/datasets/violence/audio/angry_07-77.wav	Yes	You better go back to making motherfucking curry go. Go back to making curry fucking go. Or your chicken.
angry_07-78	/datasets/violence/audio/angry_07-78.wav	Yes	Motherfucker you! Go back to making curry, go a jerk chicken! Cause you don't need this motherfucking job!
angry_07-79	/datasets/violence/audio/angry_07-79.wav	Yes	You're the bitch!
angry_07-8	/datasets/violence/audio/angry_07-8.wav	Yes	Fuck's sake, just lock it up. Thing is the cameras...
angry_07-80	/datasets/violence/audio/angry_07-80.wav	Yes	Hey, hey, hey, hey, hey! You motherfuckers are ridiculous! How the fuck you gonna give somebody a mix of burgers?
angry_07-81	/datasets/violence/audio/angry_07-81.wav	Yes	A big Mac, a big Mac.
angry_07-82	/datasets/violence/audio/angry_07-82.wav	Yes	Look at this a big fucking map A big bet with no meat right here. You got meat and everything here
angry_07-83	/datasets/violence/audio/angry_07-83.wav	Yes	But you don't give nobody that shit. How the fuck you gonna be so ignorant? You got it? You got it?
angry_07-84	/datasets/violence/audio/angry_07-84.wav	Yes	Go back to making just sick and then fucking die. You have it. You motherfucker. Dude. You motherfucker. You don't.
angry_07-85	/datasets/violence/audio/angry_07-85.wav	Yes	I don't know what the fuck you doing, and it's fucking established.
angry_07-86	/datasets/violence/audio/angry_07-86.wav	Yes	you seductive!
angry_07-87	/datasets/violence/audio/angry_07-87.wav	Yes	And I don't care what the fuck nobody
angry_07-89	/datasets/violence/audio/angry_07-89.wav	Yes	Jacket! Let's see, buddy!
angry_07-9	/datasets/violence/audio/angry_07-9.wav	Yes	laughter
angry_08-1	/datasets/violence/audio/angry_08-1.wav	Yes	You trying to grab your feet?
angry_08-10	/datasets/violence/audio/angry_08-10.wav	Yes	AAAAAA Gülüşmeler Gülüşmeler Gülüşmeler Gülüşmeler
angry_08-11	/datasets/violence/audio/angry_08-11.wav	Yes	I have 200 likes on Facebook! HAHA! Yo that shit is gonna get me! YOOOOO! I have people! Yeah! HAHAHAHA! YOOOOO!
angry_08-12	/datasets/violence/audio/angry_08-12.wav	Yes	SAVAGE!! Go around front!!
angry_08-13	/datasets/violence/audio/angry_08-13.wav	Yes	Away laughing She cumming away laughing away laughing away laughing Not very funny
angry_08-14	/datasets/violence/audio/angry_08-14.wav	Yes	Come on you nigger!
angry_08-15	/datasets/violence/audio/angry_08-15.wav	Yes	Oh What to what the good like the wild bees
angry_08-16	/datasets/violence/audio/angry_08-16.wav	Yes	hahahaha ahhhhhh yo we had the breeze yo i had a fancy night hahahaha
angry_08-17	/datasets/violence/audio/angry_08-17.wav	Yes	amor ben
angry_08-18	/datasets/violence/audio/angry_08-18.wav	Yes	I'm not beautiful, I'm beautiful. You're a stupid, you're a stupid, you're a fucking dumb. Hey, look at that. Hey, go, go.
angry_08-19	/datasets/violence/audio/angry_08-19.wav	Yes	Have a soldier here, man! No! No! What the fuck's this? Look at that!
angry_08-2	/datasets/violence/audio/angry_08-2.wav	Yes	Oh
angry_08-20	/datasets/violence/audio/angry_08-20.wav	Yes	Last time! Last time! Last time I was on the ground! Last time I was on the ground! I'm not a kid anymore, I'm not a kid anymore! Fuck!
angry_08-23	/datasets/violence/audio/angry_08-23.wav	Yes	Thanks for watching!
angry_08-24	/datasets/violence/audio/angry_08-24.wav	Yes	I'm not gonna be able to just lose your power, right? Don't be able to lose your power, right? You know, I just need you to get out of here.
angry_08-25	/datasets/violence/audio/angry_08-25.wav	Yes	Come on, take it! I'll be with you! Oh, wow! Oh, wow! Wester!
angry_08-26	/datasets/violence/audio/angry_08-26.wav	Yes	I'm gonna rape your other sister! Look at your nose! Your feet! No no no no no!
angry_08-27	/datasets/violence/audio/angry_08-27.wav	Yes	Hey, brother, you can rest up. You can rest up. Hey, brother, I'm alive.
angry_08-29	/datasets/violence/audio/angry_08-29.wav	Yes	Get the fuck out of here! You can't go! Fuck you, go! I'll let you go! Get him!
angry_08-3	/datasets/violence/audio/angry_08-3.wav	Yes	You will get stuff in the mouth. Oh man enough. I'm bleeding man. What do you want? Take your shit and go.
angry_08-30	/datasets/violence/audio/angry_08-30.wav	Yes	We're haunted!
angry_08-31	/datasets/violence/audio/angry_08-31.wav	Yes	Stop, stop, stop, stop! Oh my god! Hey! Stop! What are you guys doing?
angry_08-32	/datasets/violence/audio/angry_08-32.wav	Yes	I got half of them right, the other half of them wrong. This is the third try to get these burgers right. I am really angry. I got all the way home. And they're still not right.
angry_08-33	/datasets/violence/audio/angry_08-33.wav	Yes	I don't know who is so stupid you can't read English. It's not hard. I'm really angry and I'm sorry I'm yelling.
angry_08-34	/datasets/violence/audio/angry_08-34.wav	Yes	I'm really upset. But you did it first, you did it once. And you're still wrong. It's not hard. This is burgers. This is ketchup, mustard, onion, pickle.
angry_08-35	/datasets/violence/audio/angry_08-35.wav	Yes	Yes, this is not rocket science! You're gonna watch that for me, okay? I've got all the way holding back again now! Did you get it right?
angry_08-36	/datasets/violence/audio/angry_08-36.wav	Yes	because I'm really, really cool. I'm sorry, I have to cool down. Disturbing. I need a chicken, please. No, I don't need the chicken. I ate it.
angry_08-37	/datasets/violence/audio/angry_08-37.wav	Yes	It was awful but I ate it. Boy it was, it's the worst chicken I've ever had here.
angry_08-38	/datasets/violence/audio/angry_08-38.wav	Yes	Who the fuck are these faggots right here walking around shit? Fuck UDF! Fuck UDF!
angry_08-39	/datasets/violence/audio/angry_08-39.wav	Yes	They fucking support dairy. UDF dairy farmers. Okay. I'm a dairy farmer. I know Andy Milonakis. Andy Milonakis is my brother, bitch. I will knock his ice cream.
angry_08-4	/datasets/violence/audio/angry_08-4.wav	Yes	Go fuck. Who's their boyfriend? Go fuck yourself! Eat his fucking, eat his fucking, eat his fucking, eat his fucking slut bag! Work at your club, you placard skanks!
angry_08-40	/datasets/violence/audio/angry_08-40.wav	Yes	Get loud with me! Get loud with me! Get loud with me, motherfucker! Get loud! You're on camera!
angry_08-41	/datasets/violence/audio/angry_08-41.wav	Yes	I would buy everybody's shit but this motherfucker Food stamps, food stamps This motherfucker was, who are you? This motherfucker was putting his hand in my face Bitch get knocked the fuck out
angry_08-42	/datasets/violence/audio/angry_08-42.wav	Yes	I am Annie Monocchus' cousin, okay? Fuck them, right? Say fuck them. I'll take a picture of her if the fuck I want, because it's a free kind of...
angry_08-43	/datasets/violence/audio/angry_08-43.wav	Yes	Bitch you won't fuck nothing up, I'll knock your ass out dude, I don't give a fuck. I don't give a fuck how ghetto you think you are. I was raised in foster care bitch!
angry_08-44	/datasets/violence/audio/angry_08-44.wav	Yes	Give a fuck! Give a fuck about no dirty bitch up in UDS! My clique is bigger than you! I don't give a fuck!
angry_08-45	/datasets/violence/audio/angry_08-45.wav	Yes	You put my ass, do it on camera bitch! Take a picture of me, do you fucking know me? Bitch!
angry_08-46	/datasets/violence/audio/angry_08-46.wav	Yes	Thanks for watching!
angry_08-47	/datasets/violence/audio/angry_08-47.wav	Yes	Come on now, come on now. Come on now, come on now. Come on now, come on now. She fucking told you to stop fucking taking pictures. Hey, hey, hey!
angry_08-48	/datasets/violence/audio/angry_08-48.wav	Yes	Fuckin' shit. So I just got punched in the face like 47 times.
angry_08-49	/datasets/violence/audio/angry_08-49.wav	Yes	My head hurts really bad.
angry_08-5	/datasets/violence/audio/angry_08-5.wav	Yes	Oh, she's fucking technical, as usual. Oh shit. God fucking knows. She is bad. She's bad. This bitch is, yo.
angry_08-50	/datasets/violence/audio/angry_08-50.wav	Yes	Excuse me, do you mind sitting down? You are very disgusting! My child is down there! Sit your whore ass down!
angry_08-51	/datasets/violence/audio/angry_08-51.wav	Yes	I'm sick of you! You keep creating the stuff with children on the Skytrain! I'm sick of you! Stop yelling! Stop!
angry_08-52	/datasets/violence/audio/angry_08-52.wav	Yes	You can witness that on the tram, you daft little bitch! Now get off! Why are you swearing? Who's swearing at you? Where? What's it got to do with you? Who's swearing at you? Where? What's it got to do with you?
angry_08-53	/datasets/violence/audio/angry_08-53.wav	Yes	Who swore at you? Who swore at you? Is anyone swearing? So then there's no need to swear?
angry_08-54	/datasets/violence/audio/angry_08-54.wav	Yes	Mae'n dda iawn, mae'n dda iawn, mae'n dda iawn. Yn ogystal â'r camion. Nid oes gen i ddod nifer, ddod i chi ymwneud, a dydw i, oes gen i ddod i chi ymwneud. Rwy'n siarad.
angry_08-55	/datasets/violence/audio/angry_08-55.wav	Yes	I rocked his ball! I love his football! I love his football! I'm doing a present for my little star! Stop fucking videoing me!
angry_08-56	/datasets/violence/audio/angry_08-56.wav	Yes	I'll bring you home first take a
angry_08-57	/datasets/violence/audio/angry_08-57.wav	Yes	What? No one said that! It's fucking video, Rumi! I don't fucking want to be videoed! Oh, you stupid bitch! Shut up! You're not teaching me anything!
angry_08-59	/datasets/violence/audio/angry_08-59.wav	Yes	Thanks for watching!
angry_08-6	/datasets/violence/audio/angry_08-6.wav	Yes	I'm not from that team! I'm from the new party! I'm from the new party! We out here! Oh yeah, I'm a fucking big idiot!
angry_08-63	/datasets/violence/audio/angry_08-63.wav	Yes	Thanks for watching!
angry_08-7	/datasets/violence/audio/angry_08-7.wav	Yes	I'm fucking with you. You obviously don't want it, I don't want it. Oh! Ah! Ah! Ah! Ah! Ah! Let me see! Ah!
angry_08-8	/datasets/violence/audio/angry_08-8.wav	Yes	Woo! Woo! World star! Take it! Yeah! Woo! Woo! Woo! Just me!
angry_08-9	/datasets/violence/audio/angry_08-9.wav	Yes	You said it was a lie! Yes you wanted my name! You said it was a koochie thing! Just leave!
angry_09-1	/datasets/violence/audio/angry_09-1.wav	Yes	Parking handicap spots. Are you handicapped? Yep. Well, what makes you so special that you can park in a handicap spot? Record me, I'll break your fucking head. You're on-
angry_09-10	/datasets/violence/audio/angry_09-10.wav	Yes	Don't Threat Me! Don't Threat Me! Don't Threat Me! Thank God I was recording that.
angry_09-11	/datasets/violence/audio/angry_09-11.wav	Yes	I'm not mad at you. You're crazy. You're crazy. You're crazy. You're crazy.
angry_09-12	/datasets/violence/audio/angry_09-12.wav	Yes	I don't know where he is. I don't know where he is. He's over there. He's over there.
angry_09-13	/datasets/violence/audio/angry_09-13.wav	Yes	Who are you?
angry_09-14	/datasets/violence/audio/angry_09-14.wav	Yes	Where are you?
angry_09-19	/datasets/violence/audio/angry_09-19.wav	Yes	I think it's from... Right here. What is it? I think it's from right here. It came from the other side.
angry_09-2	/datasets/violence/audio/angry_09-2.wav	Yes	Why? What makes you so special? Back the fuck up! Back the fuck up! What makes you so special? Back the fuck up in my car! What makes you so special?
angry_09-20	/datasets/violence/audio/angry_09-20.wav	Yes	I told her about it, so don't do it.
angry_09-21	/datasets/violence/audio/angry_09-21.wav	Yes	Come on man! I just want to get this hook out of Walmart! Like... Yeah, let's...right. Okay, this should go to the... So don't make a scene. Okay.
angry_09-22	/datasets/violence/audio/angry_09-22.wav	Yes	There is manners, so get the fuck on it. If there's manners, then keep them open. You got your child right here, get the fuck on. You shut the fuck up, bitch! Don't tell me to shut up.
angry_09-23	/datasets/violence/audio/angry_09-23.wav	Yes	Come on, come on, come on, come on. I'm sorry but she, I mean, Shut up. Shut up. Shut up. Shut up. Not out of me. Not out of me. You are too.
angry_09-24	/datasets/violence/audio/angry_09-24.wav	Yes	You have your child, you got your child. You gotta carry your ass. So learn good manners, and I'm gonna teach you how to learn from you. Thank you. Thank you. Okay. That's all. Great.
angry_09-25	/datasets/violence/audio/angry_09-25.wav	Yes	I understand her very well. Fuck yeah! Wow! Just a 21 ounce shit for that. Oh!
angry_09-27	/datasets/violence/audio/angry_09-27.wav	Yes	Thank you.
angry_09-28	/datasets/violence/audio/angry_09-28.wav	Yes	You still talking, you still here? I am still here! I'm fucking still here! Sit down! Sit down!
angry_09-29	/datasets/violence/audio/angry_09-29.wav	Yes	Stop
angry_09-3	/datasets/violence/audio/angry_09-3.wav	Yes	special that you can park in a handicaps. What makes you so special?
angry_09-30	/datasets/violence/audio/angry_09-30.wav	Yes	No, you're not trying to go home. You don't fucking scare me. It ain't about being scared, it's about you respecting someone. You don't fucking, no, you don't fucking scare me! Motherfucker!
angry_09-31	/datasets/violence/audio/angry_09-31.wav	Yes	I don't give a fuck who you are! I don't care! No, I don't! You don't fucking scare me!
angry_09-32	/datasets/violence/audio/angry_09-32.wav	Yes	You don't fucking scare me! You don't scare me, you don't scare my man, you don't scare my dog, you don't scare fucking anybody, bro!
angry_09-33	/datasets/violence/audio/angry_09-33.wav	Yes	Don't put your hands out in the open! Don't! Don't! Stop, stop, stop! Stop! Don't! Stop! Put your hands out! Stop!
angry_09-34	/datasets/violence/audio/angry_09-34.wav	Yes	I'm fucking sick of it now! Get off the fucking street! Get off the fucking street!
angry_09-35	/datasets/violence/audio/angry_09-35.wav	Yes	You're better than me. You're better than me. You're better than me. You're not bossing folks! You're the one with the fucking sign!
angry_09-36	/datasets/violence/audio/angry_09-36.wav	Yes	You better do this! You better do this! You better do this!
angry_09-37	/datasets/violence/audio/angry_09-37.wav	Yes	You are better. You are better. You are better. You are better. You are better. Come on. I'm gonna say it. Come on. Come on. Come on.
angry_09-38	/datasets/violence/audio/angry_09-38.wav	Yes	Look at the scale! What's my name? What's my name? The door's open, take her off!
angry_09-39	/datasets/violence/audio/angry_09-39.wav	Yes	We'll be okay with that. Don't punch her. Don't let the doors open. Just throw her off the train. Off the train. Off the train. Throw her off the train. No, no, no, no.
angry_09-4	/datasets/violence/audio/angry_09-4.wav	Yes	Don't, don't be talking to history. Don't.
angry_09-40	/datasets/violence/audio/angry_09-40.wav	Yes	You better! You're off the train! You're off the train! You're off the train!
angry_09-41	/datasets/violence/audio/angry_09-41.wav	Yes	No, no, no, no, no, no, no, no, no, no, no. I'm not the one. Who the fuck are you? You're not the one to blame. You're not the one to blame.
angry_09-42	/datasets/violence/audio/angry_09-42.wav	Yes	We're not just right now, we're right now. It's nice. Hey, we're here. Yeah! Woo! That's what I'm talking about.
angry_09-43	/datasets/violence/audio/angry_09-43.wav	Yes	You got the answer that you were supposed to get! I'm Andy Ari's. God bless you. Thank you one minute. Good luck! Bye bye! Good luck! Good luck! Good luck!
angry_09-44	/datasets/violence/audio/angry_09-44.wav	Yes	I tried to be nice. I asked for your money. What you doing? I felt you recording this. I can record it, girl.
angry_09-45	/datasets/violence/audio/angry_09-45.wav	Yes	I'm not gonna let you fuck and stay for bitches. For late and I fuck out at 11 o'clock and I can't get my fucking money. I told them that bitch and I can't get my fucking money. And this guy's serious.
angry_09-46	/datasets/violence/audio/angry_09-46.wav	Yes	Hooo wages hhh Oradkими ben Ben ben Ben
angry_09-47	/datasets/violence/audio/angry_09-47.wav	Yes	I'm gonna go to work. Hell no. This is what's going on. Hey, what just happened G? What just happened G? I just smoked his butt.
angry_09-48	/datasets/violence/audio/angry_09-48.wav	Yes	I just smoked this one. That's what you get, zero to 100. Who ate it? I'm a gun, I'm a world star. Fuck you Tom Brown.
angry_09-49	/datasets/violence/audio/angry_09-49.wav	Yes	We in the pause, stay pause shit.
angry_09-5	/datasets/violence/audio/angry_09-5.wav	Yes	ご視聴ありがとうございました
angry_09-50	/datasets/violence/audio/angry_09-50.wav	Yes	I get treated like shit, I get treated like shit, I ain't gonna do that shit here. Bitch give me my fucking paper. Bitches want to treat some...
angry_09-51	/datasets/violence/audio/angry_09-51.wav	Yes	Oh my God. That was my secret. You did that. You did that. Welcome to...
angry_09-52	/datasets/violence/audio/angry_09-52.wav	Yes	You're fucked up! Now pay for that! You don't want to give me fucking twenty fucking dollars, bitch? Pay for that! Yeah, yeah, yeah. Ah, fuck!
angry_09-53	/datasets/violence/audio/angry_09-53.wav	Yes	You get enough. Shut the fuck up. Right. Shut the fuck up. Bitch, just go. Just go. Just go. Just go. He tried me like a bitch. Just go. Bitch, you don't pay for my money, dog.
angry_09-54	/datasets/violence/audio/angry_09-54.wav	Yes	I can't do nothing. I'm popping your tights too bitch.
angry_09-55	/datasets/violence/audio/angry_09-55.wav	Yes	It's gonna be new. The turn up is real. On me? You let him know it's a... Turn up.
angry_09-56	/datasets/violence/audio/angry_09-56.wav	Yes	I don't wanna get you like iced.
angry_09-58	/datasets/violence/audio/angry_09-58.wav	Yes	Hey, hey Hey, hey Hey, hey
angry_09-6	/datasets/violence/audio/angry_09-6.wav	Yes	He's talking to himself.
angry_09-60	/datasets/violence/audio/angry_09-60.wav	Yes	Thanks for watching!
angry_09-61	/datasets/violence/audio/angry_09-61.wav	Yes	Thanks for watching!
angry_09-62	/datasets/violence/audio/angry_09-62.wav	Yes	Thanks for watching!
angry_09-7	/datasets/violence/audio/angry_09-7.wav	Yes	Thank you for watching!
angry_09-8	/datasets/violence/audio/angry_09-8.wav	Yes	Yeah. I do. If you don't back away from me, I'm gonna knock you the fuck out. I believe you, man. That's gonna knock you the fuck out. Thank you, sir.
angry_09-9	/datasets/violence/audio/angry_09-9.wav	Yes	walk away from me I got all the cop cars in jail that makes sense walk away from me don't threaten me don't provoke me walk
angry_10-10	/datasets/violence/audio/angry_10-10.wav	Yes	He, he went, I went, next thing I know, he crossed over in front of me.
angry_10-11	/datasets/violence/audio/angry_10-11.wav	Yes	This here, this back end, a ski crossover into the other lane. And I was going out, I just cut my dog off a little, and I was going off.
angry_10-12	/datasets/violence/audio/angry_10-12.wav	Yes	So you were pulling out of Goodwill? I was pulling out of Yabaniq Road there. Urbano Road? Yeah, Urbano Road. Okay. Okay, there was a black SUV at that stop sign. Okay, we didn't worry about him.
angry_10-13	/datasets/violence/audio/angry_10-13.wav	Yes	Worrying about what you did? Now wait a minute, I'm just telling you, there was a black SUV there. I, after the black SUV went to the stop sign, there was nothing, I came. He came out of nowhere.
angry_10-14	/datasets/violence/audio/angry_10-14.wav	Yes	crossed over from where you come out of class goes into the lane to go up this way and I was in that lane and when he crossed over my back end of my
angry_10-15	/datasets/violence/audio/angry_10-15.wav	Yes	friend in my car hit his back end when he crossed over. So you were leaving the stop sign? I already left the stop sign. OK, so that means you had the right. He had the right of way, but you smashed it.
angry_10-16	/datasets/violence/audio/angry_10-16.wav	Yes	No, no, no, no, no, you're wrong. I was out of upanec on where the valvoline is. Here's what I can tell you, I don't determine who's at fault.
angry_10-17	/datasets/violence/audio/angry_10-17.wav	Yes	I'm just telling you where the Valvoline is, is where I was at and I was going straight and he crossed over to get in the lane to turn up this way.
angry_10-18	/datasets/violence/audio/angry_10-18.wav	Yes	I was in the right lane going down the hill.
angry_10-19	/datasets/violence/audio/angry_10-19.wav	Yes	I'm gonna fuck you up! I'm gonna fuck you up! Yeah, I'm gonna fuck you up! I will fuck you up! I will fuck you up!
angry_10-2	/datasets/violence/audio/angry_10-2.wav	Yes	Yum yum yum.
angry_10-20	/datasets/violence/audio/angry_10-20.wav	Yes	You're not worth it! Get the fuck out! No! I'll just go to fucking camp!
angry_10-22	/datasets/violence/audio/angry_10-22.wav	Yes	Fuck you up! Fuck you up!
angry_10-23	/datasets/violence/audio/angry_10-23.wav	Yes	And he crossed over and hit the front end of my car. And then he goes, you hit me bitch, you better pull over.
angry_10-24	/datasets/violence/audio/angry_10-24.wav	Yes	And that was his exact word, and he was being smart, and then I got it. I am sorry. I take Zinbalta. I'm ready to explode. And I did not.
angry_10-25	/datasets/violence/audio/angry_10-25.wav	Yes	I'm going to take my pill today. So I'm telling you right now, I'm ready to explode. Just don't explode on me. Because right now I can make a fist with no problem. I've broke many people's arms.
angry_10-26	/datasets/violence/audio/angry_10-26.wav	Yes	arms and I'm um cuz it's his fault he's the one that crossed over in front of me. Don't break arms right now cuz I gotta get this written up okay?
angry_10-27	/datasets/violence/audio/angry_10-27.wav	Yes	That's where he crossed over and that bumper hit right through here. You can tell from that lift, he went over that bumper.
angry_10-28	/datasets/violence/audio/angry_10-28.wav	Yes	Put the camera away. This is going to look awesome on YouTube. I'll tell you right now mister, that freaking show's
angry_10-29	/datasets/violence/audio/angry_10-29.wav	Yes	up on YouTube I will find you.
angry_10-3	/datasets/violence/audio/angry_10-3.wav	Yes	No, I was here first.
angry_10-30	/datasets/violence/audio/angry_10-30.wav	Yes	Tell him to shut the camera off now. By law I can't. This shows up on YouTube. Robinson tells you about coming after and I'm coming after you. Assume it's a lie.
angry_10-31	/datasets/violence/audio/angry_10-31.wav	Yes	I suggest you get in your vehicle, sit on. Don't touch me. Get off. Shut it off. Shut it off now. Go sit in your vehicle. I do not like my picture taken.
angry_10-32	/datasets/violence/audio/angry_10-32.wav	Yes	Listen to me, sit in your vehicle. Tell him to shut it off now. Go sit in your vehicle or he can't take you, okay? Go sit in your vehicle. I do not want this on YouTube. I don't want to tell him.
angry_10-33	/datasets/violence/audio/angry_10-33.wav	Yes	Shut it off now. Shut it off now. Okay, it's off. Shut it off now. It's off. Shut it off. Put the goddamn thing in your car now. Listen. Now.
angry_10-34	/datasets/violence/audio/angry_10-34.wav	Yes	Get in your vehicle or I'm going to arrest you for creative disturbance. Okay? Do you understand me? Sit down. Let me write this up. We'll get him by underway. He's taping me again! Yeah.
angry_10-35	/datasets/violence/audio/angry_10-35.wav	Yes	He's taping me again! I do not like that stuff! I do not like that stuff! Sir, I don't like that stuff! I hate that stuff!
angry_10-36	/datasets/violence/audio/angry_10-36.wav	Yes	I don't care! He's going to get in his vehicle and write this up. I want that off! What the fuck is up there? What the fuck?
angry_10-37	/datasets/violence/audio/angry_10-37.wav	Yes	nice yo he has a knife
angry_10-38	/datasets/violence/audio/angry_10-38.wav	Yes	Yeah
angry_10-39	/datasets/violence/audio/angry_10-39.wav	Yes	Not everybody picks retards from the The veraks SORRY
angry_10-4	/datasets/violence/audio/angry_10-4.wav	Yes	I was here first.
angry_10-40	/datasets/violence/audio/angry_10-40.wav	Yes	너무kinsh Feedment 후
angry_10-41	/datasets/violence/audio/angry_10-41.wav	Yes	Oh my god, what the fuck is going on dude? That's people. I mean that's what you do. Where am I at?
angry_10-42	/datasets/violence/audio/angry_10-42.wav	Yes	I mean, are you out of work? So you're bored? Where am I at? Why did you send Tyler down to my house with a stick? He didn't come down with... Wait, wait, wait, wait.
angry_10-43	/datasets/violence/audio/angry_10-43.wav	Yes	Where did I get the stick from? They were playing. No, Tyler was getting like this. When I came down, you had Tyler tied up with those ropes. You sent Tyler down to my house.
angry_10-44	/datasets/violence/audio/angry_10-44.wav	Yes	house. What do you have in your hand? What do you have in your hand? What do you have in your hand? So what, you can't keep a job?
angry_10-45	/datasets/violence/audio/angry_10-45.wav	Yes	This is about a stick in your kit. This is about you and your kit. You're an angry, angry, angry man.
angry_10-46	/datasets/violence/audio/angry_10-46.wav	Yes	There it is. Go ahead. Nobody calls the police on you. Or whatever. Why would somebody... I'm talking about your kid.
angry_10-47	/datasets/violence/audio/angry_10-47.wav	Yes	I'm talking about your kid with a stick your kids got a stick What's wrong with you? You gave your kid a stick?
angry_10-48	/datasets/violence/audio/angry_10-48.wav	Yes	You gave your kid a stick. So you come over to my house. There were three kids playing. With what?
angry_10-49	/datasets/violence/audio/angry_10-49.wav	Yes	No, I was just talking about everything else. What were the kids playing with? A Tyler, a child. Liam, I took Tyler with me. What were the kids playing with? I was driving him off the road. I was coming here. I'll talk slowly.
angry_10-5	/datasets/violence/audio/angry_10-5.wav	Yes	I was here first.
angry_10-50	/datasets/violence/audio/angry_10-50.wav	Yes	as bad as anyone else. What were the kids playing with? What do you have in your hand? I'm worried about getting therapy. What do you have in your hand? Let's see. I mean, look, you're a father. Let's see. Let's see what you got in your hand.
angry_10-51	/datasets/violence/audio/angry_10-51.wav	Yes	Let's see what you got. Let's see what you got. Uh huh, huh. You're trying to make something worse, huh? Go ahead. What is the problem you have with me? I don't have any problem with you. What is the problem you have with me?
angry_10-52	/datasets/violence/audio/angry_10-52.wav	Yes	You got a stick in your hand. Why are you just unnecessarily harassing me? Sir, you're turning me into a whore. I want that off me, I want it off now! That is my right and I don't want that shit!
angry_10-53	/datasets/violence/audio/angry_10-53.wav	Yes	I don't like to be on the internet at all! I don't believe in the internet! Please! Give me your vehicle, okay? He's not putting it on the road. Just get that shit out!
angry_10-54	/datasets/violence/audio/angry_10-54.wav	Yes	I said it was good on YouTube and I don't want it. So I'll be glad it's on YouTube. You guys are all going to be fucking dead. I don't give a shit. You know what?
angry_10-56	/datasets/violence/audio/angry_10-56.wav	Yes	Right now I'm speaking to your sidekick, but this is a repository of all the SBARs you shot. You hear me? Run to work, twist the moon, and you go to jail. Now, sit down, shut up, I'm going to treat you like a five year old.
angry_10-57	/datasets/violence/audio/angry_10-57.wav	Yes	I don't care what you like, what you don't like. You shut up. I don't want you dropping that bomb to the public, okay? Put a warrant on you if you ever want to try to get...
angry_10-58	/datasets/violence/audio/angry_10-58.wav	Yes	I'm going to jail. Oh, no worries. I'll just be tight. You say you're trying to come here after all. We're trying to sue you. You're going to jail. Now sit down and shut up.
angry_10-6	/datasets/violence/audio/angry_10-6.wav	Yes	Your car wasn't here!
angry_10-60	/datasets/violence/audio/angry_10-60.wav	Yes	Shut up! Oh my God. They got something. Oh my God. You got your driver!
angry_10-61	/datasets/violence/audio/angry_10-61.wav	Yes	You got a nice red stretch for George or anybody? I do, I ain't so sorry. Nah, she's about to go to jail, she don't shut her mouth.
angry_10-7	/datasets/violence/audio/angry_10-7.wav	Yes	Your car wasn't even here.
angry_10-8	/datasets/violence/audio/angry_10-8.wav	Yes	He was like on the other side, okay?
angry_10-9	/datasets/violence/audio/angry_10-9.wav	Yes	You see any road down here where the grid wheel is? There's a black car sitting at that stop sign, okay, at Costco.
angry_11-1	/datasets/violence/audio/angry_11-1.wav	Yes	I am about to leave, but it's no kidding. Give me your ID so that I can type you. I am not going to give you my ID because I did not do nothing wrong. Officer. Adam 11 from...
angry_11-10	/datasets/violence/audio/angry_11-10.wav	Yes	Merced police. Merced police.
angry_11-11	/datasets/violence/audio/angry_11-11.wav	Yes	Alright bro, alright bro, alright bro, bro I gotta get out of here bro.
angry_11-12	/datasets/violence/audio/angry_11-12.wav	Yes	Why are you doing this? What about what I do to you? Come on now? Going home. This is what we see on Facebook. I don't want to argue with you, but I don't know what happened.
angry_11-13	/datasets/violence/audio/angry_11-13.wav	Yes	Yeah, I know today he was refusing to invite the officers. Officers request. Officers request for what? For his ID. That's it.
angry_11-14	/datasets/violence/audio/angry_11-14.wav	Yes	If you were to get on ID, that's it. There won't be no clickbait. Get off of me then. Sit down. Okay, can you get off me? Sit down. Bro, why is you squeezing my fucking cuffs? Sit down. God, right?
angry_11-15	/datasets/violence/audio/angry_11-15.wav	Yes	Oh, why is it taking me? Taking you breath. Let me tell you I don't care now. You squeeze my cuffs and you fucking squeeze me to
angry_11-16	/datasets/violence/audio/angry_11-16.wav	Yes	fucking hard right you got me fucked up dude shit I swear to God right he's sitting officer Jake Gonzalez Merced police officer Jake Gonzalez
angry_11-17	/datasets/violence/audio/angry_11-17.wav	Yes	Mercer department. Derry just fuck off me nigga! Back up! Yes sir, yes sir. Yes sir. Hey! Oh what the?
angry_11-18	/datasets/violence/audio/angry_11-18.wav	Yes	Felly fel es i chi, ia, just walking down the road casually, got nothing on me, no weed, no nothing, don't even smoke nothing yet, i've not smoked weed all day, so there's no chance, plod can say, that i've got weed.
angry_11-19	/datasets/violence/audio/angry_11-19.wav	Yes	ar fi, nid oes ganddyn, nid oes ganddyn, gallwch chi ddod yn fy nghymru nawr, ond gwelwch i mi i ddysgu nawr, er mwyn i ddysgu a byddwn yn mynd yn ymwneud â hynny, byddwn yn gweld ymlaen ychydig pan maen nhw'n mynd i fyny.
angry_11-2	/datasets/violence/audio/angry_11-2.wav	Yes	You can go ahead and arrest me. I don't care about it. You can arrest me for right on the sidewalk. Okay, I'm telling you right now. Officer N Martinez. Merced Police.
angry_11-20	/datasets/violence/audio/angry_11-20.wav	Yes	CCC for Harassment.
angry_11-21	/datasets/violence/audio/angry_11-21.wav	Yes	That is the same thing. Gun and TV get stopped, like.
angry_11-22	/datasets/violence/audio/angry_11-22.wav	Yes	With the fan.
angry_11-23	/datasets/violence/audio/angry_11-23.wav	Yes	Standen hier, doen we nog even.
angry_11-24	/datasets/violence/audio/angry_11-24.wav	Yes	Good walking right there.
angry_11-25	/datasets/violence/audio/angry_11-25.wav	Yes	Other words, gentlemen?
angry_11-26	/datasets/violence/audio/angry_11-26.wav	Yes	Sorry mate, what for? Because... You want to have a look at the card, by the way? No, you want to just... That's fine! That's fine! Don't stick it in my face! It's not like you'll have to grab him, that's all!
angry_11-27	/datasets/violence/audio/angry_11-27.wav	Yes	Yn dda i'n gwybod bod y gwaith oedd wedi mynd dros y ffordd, yn gwybod, mae'n mynd i'n cwybod. Yn dda i'n cwybod, mae'n dda i'n cwybod, mae'n dda i'n cwybod, mae'n dda i'n cwybod. Mae'n dda i'n cwybod, mae'n dda i'n cwybod!
angry_11-28	/datasets/violence/audio/angry_11-28.wav	Yes	Mae'n rhan o'r record. Mae'n rhan. Machi. Gym. Muffet.
angry_11-29	/datasets/violence/audio/angry_11-29.wav	Yes	ac i'r b ellwy'r hyn nes i all productions i'w sôn Poppy e raz웃io?'anhurwch, mae gandde i fi gydag hanes benio cowr gan meddwl â p interesting led. Rhywbeth, rydym yn gwneud galwedd, terme sadd tur mas greul. при achosiad jw felly pa mor bwritten rhyw f staircase. Bye bye.
angry_11-3	/datasets/violence/audio/angry_11-3.wav	Yes	I don't have to give you nothing. No I don't. Yes you do. Why? What law says that? So that I can... 400 block will bless me.
angry_11-30	/datasets/violence/audio/angry_11-30.wav	Yes	Mae'r ofsai yma, mae'n angen i'w gael aros i mi i gyd, mae hwn yn aros, ddwy a ddwy dydd, aros. Mae'r ofsai hwn, beth yw hynny? 7930.
angry_11-31	/datasets/violence/audio/angry_11-31.wav	Yes	Mae'n dda iawn, mae'n dda iawn, felly mae'n dda. Mae'r ddau yn ymwneud â chi, yw hynny'n rhaid i ni? A'r hyn sy'n mynd i ni? Mae'n dda i ni. Mae gennym ddau i ni. Mae gennym ddau i ni.
angry_11-32	/datasets/violence/audio/angry_11-32.wav	Yes	We've got daily stuff to do. I know we've got stuff to do, I don't want to drop my stuff because of the uniform. Well, no mate, well that's how you... She loved us big, naughty fire over there. Shouldn't be going doing your job getting all... Am I a fa...
angry_11-33	/datasets/violence/audio/angry_11-33.wav	Yes	I'm not sure you're on the same page. No we're not at all. Why are you speaking to him like that? Why are you speaking to him like that? There's no reason to speak to him like that.
angry_11-34	/datasets/violence/audio/angry_11-34.wav	Yes	So we can leave, we're all free to leave, we're all free to leave, we're free to leave, we've just been told to go, we're free to leave, we're not being detained.
angry_11-35	/datasets/violence/audio/angry_11-35.wav	Yes	We're all going. Macky grab your face. Hey why are you getting in his face eh? Look at this intimidation. Intimidation. Invest that money all the way on my face. You're going IPCC.
angry_11-36	/datasets/violence/audio/angry_11-36.wav	Yes	I'm not allowed to touch you. Go away. Go away. Go away. Go away.
angry_11-37	/datasets/violence/audio/angry_11-37.wav	Yes	I've been walking back, we're walking back and you're following me? Stop following me then! You're following us, intimidation! You're going IPCC, you're going IPCC!
angry_11-38	/datasets/violence/audio/angry_11-38.wav	Yes	See you later. See you later. I can't believe how fucking stress you've just made me like block that. Can't believe that.
angry_11-39	/datasets/violence/audio/angry_11-39.wav	Yes	Mae'r ddau, y ddau o'r ddau. Nid oes rhaid i ni ddod o.
angry_11-4	/datasets/violence/audio/angry_11-4.wav	Yes	This is what happens. This is what happens. This is what happens. One of the officers knows me so bad. Do you need to give me your ID? Excuse me.
angry_11-40	/datasets/violence/audio/angry_11-40.wav	Yes	in our public place. Just go away. You don't have to leave. That's intimidation. I must get you to go away from me. Stay to the commotion.
angry_11-41	/datasets/violence/audio/angry_11-41.wav	Yes	down to the police, police cause the trouble. Do you understand this? Did you see that?
angry_11-42	/datasets/violence/audio/angry_11-42.wav	Yes	You just shouted your face off, not us! Did you hear how loud that was? Breach of peace! Whatever, see you later! See you later!
angry_11-43	/datasets/violence/audio/angry_11-43.wav	Yes	Gotediwch y ceai Boston Enemy haelod y maesad yn cael ei ly conventions.
angry_11-44	/datasets/violence/audio/angry_11-44.wav	Yes	Mae'r cwbl wedi'i tynnu, dweud nid oes unrhyw ddau, nid hynny, nid hynny, rydym wedi'i tynnu, IPCC, rydych chi'n cael ei ddweud, mae'n dda. Yr hyn sy'n dda!
angry_11-45	/datasets/violence/audio/angry_11-45.wav	Yes	Nid oes unrhyw beth o'r mawr. Nid oes unrhyw beth o'r mawr. Nid oes unrhyw beth o'r mawr. Ha, ha. Ychwanegwch. Ychwanegwch.
angry_11-46	/datasets/violence/audio/angry_11-46.wav	Yes	features well well well well well well well well well well well the yeah oh Oh yeah
angry_11-47	/datasets/violence/audio/angry_11-47.wav	Yes	There you go. This is what I've been waiting for. This is what they should have been doing.
angry_11-49	/datasets/violence/audio/angry_11-49.wav	Yes	You better kill me! You better kill me! You better kill me! You better kill me! Bitch, I'm gonna jump down on her, boy! I don't tell you, I'm stopping this motherfucker, either!
angry_11-5	/datasets/violence/audio/angry_11-5.wav	Yes	Okay, okay, okay. Hey, letter, letter. Hey, it's good. I got it. Hey, I got it. I got it. I got it.
angry_11-50	/datasets/violence/audio/angry_11-50.wav	Yes	Who said stop? Look at that, nigga, they slidin', nigga! Damn, ah! Oh, nigga! Oh, nigga!
angry_11-52	/datasets/violence/audio/angry_11-52.wav	Yes	Let me up. Let me up. Let me up for some crank. For some crank, bro. For some crank. Let me let go for you.
angry_11-53	/datasets/violence/audio/angry_11-53.wav	Yes	They call me nigger. They been in the bin. Oh. Ow. Ow. Ow. Ow. Ow. Ow. Ow. Ow. Ow. Ow. Ow.
angry_11-54	/datasets/violence/audio/angry_11-54.wav	Yes	Hey, go in the house. You get nice. You can't even get me. I'm fine. Go get in the house, girl.
angry_11-55	/datasets/violence/audio/angry_11-55.wav	Yes	Harry
angry_11-56	/datasets/violence/audio/angry_11-56.wav	Yes	Guess what? YouTube World Star, you already know it.
angry_11-6	/datasets/violence/audio/angry_11-6.wav	Yes	I got it. Don't touch me. Are you in a car? Don't touch me. I got it, bro. You need to give me your ID now. I got it. What do you think this is? You need to give me your ID. I got it. You better get off me. Hey, hey. Chill out. Chill out. Give me your ID. Why is he-
angry_11-7	/datasets/violence/audio/angry_11-7.wav	Yes	Hey, I got a I got on film bro. It's all good. It's all good. It's all good. It's all good It's all good. No. I'm not giving you nothing
angry_11-8	/datasets/violence/audio/angry_11-8.wav	Yes	Let a What is you doing You hear her talk
angry_11-9	/datasets/violence/audio/angry_11-9.wav	Yes	Hey, hey, all right All right, it's all good. This is Merced. Merced police
angry_12-1	/datasets/violence/audio/angry_12-1.wav	Yes	These girlfriends, but they're over there making major ramps and destroying the landscaping don't do it in the park Do it in some other area, but don't do it in the park at
angry_12-10	/datasets/violence/audio/angry_12-10.wav	Yes	That stuff, that stuff is just absolutely a no-go. Okay. Plus the landscaping thing. Don't do the park. Find some other area. Lots of bare hills over here. I drive and see them.
angry_12-100	/datasets/violence/audio/angry_12-100.wav	Yes	He's one walker. Like, I don't know. Oh my god, he's biting him! He's a fucking zombie, bitch! Bitch!
angry_12-101	/datasets/violence/audio/angry_12-101.wav	Yes	I believe it. I believe it. He's a walker. He's a walker. He's a walker. Oh my god. Oh no. Oh hell no. Oh hell no. Oh that's the girl I came with. Uh uh.
angry_12-104	/datasets/violence/audio/angry_12-104.wav	Yes	Oh, wow. Big breath. Hey! Hahaha. Goal!
angry_12-105	/datasets/violence/audio/angry_12-105.wav	Yes	keep your hands off me take of men have a good night
angry_12-106	/datasets/violence/audio/angry_12-106.wav	Yes	Fuck this. Fuck this. Fuck this. What are you talking about? Kill me!
angry_12-107	/datasets/violence/audio/angry_12-107.wav	Yes	I'm gonna kill me motherfucker! Rich I got money Rich! Rich I got money! What the fuck is wrong with you? Fuck! It's gonna be hate!
angry_12-108	/datasets/violence/audio/angry_12-108.wav	Yes	I'm born here, I know what I'm doing. Get a passport, bro. Sit up here, mum's cunt. You're a nigger. Nasty fucking nigger. He's too lazy to joke off his-
angry_12-109	/datasets/violence/audio/angry_12-109.wav	Yes	You can only get a gook, you can't even get a regular girlfriend! My sister died in October, you lied! There's no fucking gods! Get lost, don't touch me! You're a fucking hijacker!
angry_12-11	/datasets/violence/audio/angry_12-11.wav	Yes	every day.
angry_12-110	/datasets/violence/audio/angry_12-110.wav	Yes	Get the fuck out of the car! SHUT YOUR NOSE DOG! Don't come up in my face! Don't buy it out of care! And if I could walk in the store and get the
angry_12-111	/datasets/violence/audio/angry_12-111.wav	Yes	You're acting like a nigger now give me the cards back. You want me to lock you up for life you asshole? Shut your fucking wounds on me you fucking slut!
angry_12-112	/datasets/violence/audio/angry_12-112.wav	Yes	I'm tired of being beat up by people!
angry_12-113	/datasets/violence/audio/angry_12-113.wav	Yes	photographers who use the photos against people! I'm getting really sick of you! Get out! No! I just made time for the meal! Let's go!
angry_12-114	/datasets/violence/audio/angry_12-114.wav	Yes	Call them right now! Call the motherfucking police! Bitch, I'm crazy! Don't call me bitch! Don't fucking call me! Why? Don't fucking call me! Don't call me the fuck!
angry_12-115	/datasets/violence/audio/angry_12-115.wav	Yes	I'm gonna goddamn kill you! There's a bomb on the plane! There's a bomb on this fucking plane! If she takes me off, I'll blow the fucking plane up! There's a bomb on the plane!
angry_12-116	/datasets/violence/audio/angry_12-116.wav	Yes	Run! Get off the bus! Shut up! Get off the bus! They're waiting. Ma'am, run, run! Okay.
angry_12-117	/datasets/violence/audio/angry_12-117.wav	Yes	I'm gonna go in the back. Oh my gosh. Oh my gosh. Oh my gosh.
angry_12-118	/datasets/violence/audio/angry_12-118.wav	Yes	I'm a psycho! I'm a psycho! I'm a psycho! I'm a psycho! See the fucking girl?
angry_12-119	/datasets/violence/audio/angry_12-119.wav	Yes	Oh my god!
angry_12-12	/datasets/violence/audio/angry_12-12.wav	Yes	You have to care about some fucking, you know, 20-somethings on a rail, on an edge, on a snowboard. Okay. And I fucking snowboard. Nice. And I'm 52 fucking years old. How do you ride? Huh?
angry_12-120	/datasets/violence/audio/angry_12-120.wav	Yes	What the fuck is that? That's shit! Shit! Hold it!
angry_12-122	/datasets/violence/audio/angry_12-122.wav	Yes	Come here! Get out! Whoa! Help! Ah! My shooter!
angry_12-123	/datasets/violence/audio/angry_12-123.wav	Yes	yay!
angry_12-124	/datasets/violence/audio/angry_12-124.wav	Yes	Shit. Need some help?
angry_12-125	/datasets/violence/audio/angry_12-125.wav	Yes	Do you know how to do it? Yeah, this is our stuff.
angry_12-126	/datasets/violence/audio/angry_12-126.wav	Yes	This is yours? Yes. Wait a minute. Wait, this is ours? No, it is. This is all o- God damn camera. No, no, step away from my shit. How about that?
angry_12-127	/datasets/violence/audio/angry_12-127.wav	Yes	You know what? I will and then I'm going to take that camera and put it in the grass. Are you going to like that?
angry_12-128	/datasets/violence/audio/angry_12-128.wav	Yes	Step back. Stop it. Seriously? What the fuck?
angry_12-129	/datasets/violence/audio/angry_12-129.wav	Yes	Oh fuck! Oh fuck no! Oh fuck!
angry_12-13	/datasets/violence/audio/angry_12-13.wav	Yes	Anything that comes along. Got a Burton board, basic bullshit. What's that?
angry_12-130	/datasets/violence/audio/angry_12-130.wav	Yes	HAHAHAHA Yeah son! Go on! What the fuck! Fuck you!
angry_12-131	/datasets/violence/audio/angry_12-131.wav	Yes	P healed long gone time and did not experience anything like neither food nor water. P didn't do anything. He gonna die
angry_12-132	/datasets/violence/audio/angry_12-132.wav	Yes	No? Give it all you goddamn want! Let me get your license plate, asshole!
angry_12-134	/datasets/violence/audio/angry_12-134.wav	Yes	Subscribe, so you get notified!
angry_12-135	/datasets/violence/audio/angry_12-135.wav	Yes	Fuck you! Fuck you! Fuck you! Fucking asshole!
angry_12-136	/datasets/violence/audio/angry_12-136.wav	Yes	You think you're so goddamn funny? When you fucking cut me off I'm a
angry_12-137	/datasets/violence/audio/angry_12-137.wav	Yes	I almost fucking wrecked you, asshole! Film that! Goddamn it! Don't touch me! Don't touch me! You're the one who almost caused the wreck! That's fucking us all! Shut up!
angry_12-138	/datasets/violence/audio/angry_12-138.wav	Yes	Fuck off you fat ass! Film that fatty! Yup, fuck you. Fuck you too, what you gonna do about it? Get the fuck out of here, move! Oh really? Really?
angry_12-139	/datasets/violence/audio/angry_12-139.wav	Yes	Oh yeah fat boy, go fat boy, go fat boy! Fat boy! What the fuck you doing? I'm not a bunny, I'm a pumpkin butt!
angry_12-14	/datasets/violence/audio/angry_12-14.wav	Yes	Sean White? Yeah, you know, I mean, Sean White's here. Fucking helicopter in here, bang your mom and your girlfriend, and then set your board on fire.
angry_12-140	/datasets/violence/audio/angry_12-140.wav	Yes	Hey, y'all from the German world, call the police now, call them. We are the police. Call the police.
angry_12-142	/datasets/violence/audio/angry_12-142.wav	Yes	What the fuck you doing? I'm a cool initially Go down there Yooo, damn
angry_12-143	/datasets/violence/audio/angry_12-143.wav	Yes	Come on now! What are you doing? Hey! Come on now! Come on now!
angry_12-144	/datasets/violence/audio/angry_12-144.wav	Yes	Come on! This is a gun on a book Come on! What the fuck? Hey bitch!
angry_12-145	/datasets/violence/audio/angry_12-145.wav	Yes	What the fuck? I was playing. What the fuck you doing? I was playing. What the fuck?
angry_12-146	/datasets/violence/audio/angry_12-146.wav	Yes	We shout our asses, that's what we do. That's right. Everything, feel. No, don't touch, don't touch. Come on, come on. Come on, come on. Come on, come on.
angry_12-147	/datasets/violence/audio/angry_12-147.wav	Yes	Oh, shit. Fuckin' shit! Fuckin' shit! Oh, shit.
angry_12-148	/datasets/violence/audio/angry_12-148.wav	Yes	Look at this, this is fucked up. Look at all this.
angry_12-149	/datasets/violence/audio/angry_12-149.wav	Yes	Give me the straw. Give me the straw. Give me the straw. Go. Come on the top. Thank you. No, no, because she holds it in my mind. I'm not going to stop her. Give her my straw.
angry_12-15	/datasets/violence/audio/angry_12-15.wav	Yes	Well, tell you what, child white wouldn't piss around in a city park and do it. But just don't fuck around with my rails, because the neighbors will go ape shit. Okay. And I'm gonna deal with them for weeks. Okay.
angry_12-150	/datasets/violence/audio/angry_12-150.wav	Yes	You're talking to it! You're talking to the manager! Get out! You're not going to be standing here! Bye! Bye!
angry_12-151	/datasets/violence/audio/angry_12-151.wav	Yes	Bye!
angry_12-152	/datasets/violence/audio/angry_12-152.wav	Yes	Tell me the price you want to keep on. So which one you want to go? Which one you want to go? You're not going to be served here. Which one you want to go? Go ahead.
angry_12-153	/datasets/violence/audio/angry_12-153.wav	Yes	Are you sure? Which one? Which one? Are you okay? Are you okay? Are you not getting any out?
angry_12-154	/datasets/violence/audio/angry_12-154.wav	Yes	No, no! Bye! Bye! I want to see fire! Wait!
angry_12-156	/datasets/violence/audio/angry_12-156.wav	Yes	Yeah, yeah, yeah, she said I steal it! She's not stealing it! She's not stealing it! She's not stealing it! She's not stealing it! She's defending us!
angry_12-16	/datasets/violence/audio/angry_12-16.wav	Yes	We will get out of here. And I'll find out where you live, because I love doing that too. That's scary. I have no fucking life. I live in Reno. This is a shit hole. Okay, what do you think I have to do? Follow you guys around.
angry_12-17	/datasets/violence/audio/angry_12-17.wav	Yes	I live in Fallon. What's that? I live in Fallon. Well, that's a bigger shit hole. Yeah, it is. Too bad for you. It's pretty tight, though. Sucks for you. All right. Let's live in Maui, San Francisco, Santa Fe. Trust me.
angry_12-18	/datasets/violence/audio/angry_12-18.wav	Yes	nice places. I fucked up. I lost my home. Got divorced. Don't fucking do that either. Okay. But don't ride a board down here. All right. Don't do it. I'm just going to get to the neighbors.
angry_12-19	/datasets/violence/audio/angry_12-19.wav	Yes	then they call the council, then it just turns into one big shit storm. Okay. You know, but don't do it here. And that's after
angry_12-2	/datasets/violence/audio/angry_12-2.wav	Yes	plenty of bear hills over here but don't do it in the park. This stuff just fucks up the landscaping. Got your shovels, you got all this shit. I have to come over here and tear up all this shit.
angry_12-20	/datasets/violence/audio/angry_12-20.wav	Yes	I get paid for this shit. I'm strong and light, you know. I beat a tight little vagina, I'd bang him too.
angry_12-21	/datasets/violence/audio/angry_12-21.wav	Yes	I'm a whoremonger, trust me. I'm an angry fucking 50 year old guy, trust me.
angry_12-22	/datasets/violence/audio/angry_12-22.wav	Yes	I go out and I pump young girls.
angry_12-23	/datasets/violence/audio/angry_12-23.wav	Yes	I just fingered my baby sister. That's how I feel about it.
angry_12-24	/datasets/violence/audio/angry_12-24.wav	Yes	Keep the office. You know, hold it hard. Okay, thanks guys. Just don't fuck up the trees. Don't come back and do the half-pipe shit. You know, I know...
angry_12-25	/datasets/violence/audio/angry_12-25.wav	Yes	All this stuff is real practice for you, but try to do it someplace where you're not going to be damaged. Where are you going to find the pieces that have been found? No, they're built to park. I'll fucking tear it up.
angry_12-26	/datasets/violence/audio/angry_12-26.wav	Yes	I'll tear it off. It's in the city park. I will tear the motherfuckin' rock. Does that make sense to you? You should be sparking up a bone. Just fucking get lit.
angry_12-27	/datasets/violence/audio/angry_12-27.wav	Yes	You know, you should be doing all those fun things I did last year. Break a man, always do it sexually. That's the best way to do it.
angry_12-28	/datasets/violence/audio/angry_12-28.wav	Yes	do it yeah break a man that way you make your bitch for life hey look at my that's what I want for winter I want girls naked
angry_12-29	/datasets/violence/audio/angry_12-29.wav	Yes	That's what I want. Oiled up? That's what you want. Not that winter stuff. Yeah, don't do it in the car. Yeah, please. Do it to me. Plenty of kill sides.
angry_12-3	/datasets/violence/audio/angry_12-3.wav	Yes	eight, nine hours doing this. I get calls from the public all over your shtick.
angry_12-30	/datasets/violence/audio/angry_12-30.wav	Yes	on here. You can go over to the winnaker, you can fight the bombs, you can do a bum fight, and then watch the, you know, because they will build you a half-pipe for like two tall boys.
angry_12-31	/datasets/violence/audio/angry_12-31.wav	Yes	Nice. Yeah, but I know how attractive it is, but every time it snows right here, that's what we're doing, just turning these shit down.
angry_12-32	/datasets/violence/audio/angry_12-32.wav	Yes	happens is they build these ramps these jumps it was just a matter of just getting on your board and doing it fine but don't build the ramps and jumps and don't do this
angry_12-33	/datasets/violence/audio/angry_12-33.wav	Yes	I'm making a deal with you right here, right now. They better all hear it. Any profanity? No, you like it.
angry_12-34	/datasets/violence/audio/angry_12-34.wav	Yes	Any profanity comes out of any of y'all's mouths. There is a rule that says no profanity. There is a city policeman sitting right over there.
angry_12-35	/datasets/violence/audio/angry_12-35.wav	Yes	And I will take any one of y'all to him and y'all will go to juvenile court. Tape recorder, put it on YouTube, put it wherever you'd like. I am. Where is this coming from? Here.
angry_12-36	/datasets/violence/audio/angry_12-36.wav	Yes	He was cussing like a sailor and I asked him not to. And he refused. So I called the ship.
angry_12-37	/datasets/violence/audio/angry_12-37.wav	Yes	City police and they said I can take him or any of you that can't respect it if you want to mouth off in front of a child.
angry_12-38	/datasets/violence/audio/angry_12-38.wav	Yes	Because this is a city park and there's no reason to be talking like that. Alright, I understand. A lot of us don't act like that though. Exactly.
angry_12-39	/datasets/violence/audio/angry_12-39.wav	Yes	But for those of you who do and don't have a sense enough to put a cork in it when asked to be respectful, thank you.
angry_12-4	/datasets/violence/audio/angry_12-4.wav	Yes	But yeah, the tree stuff, that's absolute fucking no-go. That pisses me off. You know, pisses me off.
angry_12-40	/datasets/violence/audio/angry_12-40.wav	Yes	But you should do it a whole lot harder. Tell her. Tell mom. You tattlin'? Mom is gonna... You're gonna get grounded for tattlin'. Mom's gonna ground the hell out of you. Hey! What the heck?
angry_12-41	/datasets/violence/audio/angry_12-41.wav	Yes	Wait till mom comes to pick me up. No, there are enough F words coming out of his mouth that he should be ashamed of what he said. And he said his mouth...
angry_12-42	/datasets/violence/audio/angry_12-42.wav	Yes	didn't fire. You're getting his dad. Don't listen to him, he's crazy.
angry_12-43	/datasets/violence/audio/angry_12-43.wav	Yes	I hope his parents see it. I had his mom's number, you want to call her? And I hope she grounds him for eternity. Because you...
angry_12-44	/datasets/violence/audio/angry_12-44.wav	Yes	have been served, my man. You've been served! No! Boom!
angry_12-45	/datasets/violence/audio/angry_12-45.wav	Yes	Even leaving you hanging boy leaving you hanging
angry_12-46	/datasets/violence/audio/angry_12-46.wav	Yes	Somebody else is coming over here! Speed them up! City police are right over there waiting. Where they at? And it's on speed though. It's on the order!
angry_12-47	/datasets/violence/audio/angry_12-47.wav	Yes	I'm going to do it. There's a guy over there waiting. Actually, I ride scooters. Hi, roller blade.
angry_12-48	/datasets/violence/audio/angry_12-48.wav	Yes	I'm done. Alright, progress. Alright, alright. Alright, your side. Now y'all, it's your side.
angry_12-49	/datasets/violence/audio/angry_12-49.wav	Yes	Why you gotta be such a... I take full blame for it, I'm sorry for whatever I've done to you. Shut the front door. God, forgive my sins, shame it. Just shut the front door, bruh!
angry_12-5	/datasets/violence/audio/angry_12-5.wav	Yes	Like police shit, break up the boards, set things on fire, that's how it pisses me off. Okay, I don't want you to set anything on fire.
angry_12-50	/datasets/violence/audio/angry_12-50.wav	Yes	No, I'm just saying, I don't like people being over there.
angry_12-51	/datasets/violence/audio/angry_12-51.wav	Yes	I'll be glad to. What are you going to do? Would you like me to go get him? I'll be glad to. We can check his camera. Be glad to.
angry_12-52	/datasets/violence/audio/angry_12-52.wav	Yes	If the teacher shows up, I can sue you. Same thing. How can you sue him? It's not illegal to video. Yeah, no it is. He just told me it was illegal.
angry_12-53	/datasets/violence/audio/angry_12-53.wav	Yes	He's telling me it's illegal for me to be here. He just told me it was illegal for me to. He's telling me it's illegal for me to.
angry_12-54	/datasets/violence/audio/angry_12-54.wav	Yes	I was there once. I'm trying to get some of the urbanized. Urbanized poo.
angry_12-55	/datasets/violence/audio/angry_12-55.wav	Yes	He's doing this again and doesn't know what's coming out of it. He's not even talking about it. He's talking to us about something else.
angry_12-56	/datasets/violence/audio/angry_12-56.wav	Yes	He came to me, he just said, you're jumping into my spilling, no, no, the flavor. He just walked up to me and started a conversation. I like that saying, too. That's a really good saying.
angry_12-57	/datasets/violence/audio/angry_12-57.wav	Yes	He just walked up to me and started a conversation. So see you in. If you don't have a college degree and you don't know what you're talking about.
angry_12-58	/datasets/violence/audio/angry_12-58.wav	Yes	I think he's a ball of shoe. He's a ball of shoe. You wouldn't know it, but I hear actions. Alright. Megan, you're so immature.
angry_12-59	/datasets/violence/audio/angry_12-59.wav	Yes	So, we done? Oh, we're done. I'm just asking please to just not videotape me. We done. Alright.
angry_12-6	/datasets/violence/audio/angry_12-6.wav	Yes	No, I'm gonna radical trust me boys fucking radical from the 70s hard fucking core Okay, all right gasoline. You know pour sugar in the gasoline
angry_12-60	/datasets/violence/audio/angry_12-60.wav	Yes	Done, Blytheon. Can you come make a sponsor music tape? Nope. Why? You and I can't have enough banter for the day unless you're going to go to the street.
angry_12-61	/datasets/violence/audio/angry_12-61.wav	Yes	Now I'm getting back to videoing. What's up with the street? The cops. Come on. Let's go get a line. I'm just asking a question. I was just asking a question. But I was just asking a question.
angry_12-62	/datasets/violence/audio/angry_12-62.wav	Yes	But if I try to start a conversation with you, why can't you answer it? Jerry! Jerry! I swear, we don't play!
angry_12-63	/datasets/violence/audio/angry_12-63.wav	Yes	I'm not into the class's anger. It's not between us.
angry_12-64	/datasets/violence/audio/angry_12-64.wav	Yes	Alright! Your smile makes my day go on. Amy, will you wake up? I don't know, I hear little munchkins think y'all have to get into my business.
angry_12-65	/datasets/violence/audio/angry_12-65.wav	Yes	We're a family. Are you? Then you want to come with him and go with him down to the family? Oh boy! Oh hell no. Family reunion!
angry_12-66	/datasets/violence/audio/angry_12-66.wav	Yes	Dang! What is that? Is that how you do a frontside blunt slide for me? He's already easy.
angry_12-67	/datasets/violence/audio/angry_12-67.wav	Yes	Watch out, police! I'm trying to disrespect your... Wait, what are they called? Hops? MOVE!
angry_12-68	/datasets/violence/audio/angry_12-68.wav	Yes	Who got the wave? He's trying to video it. Oh! Dude, I just got it! Ahhhhh!
angry_12-69	/datasets/violence/audio/angry_12-69.wav	Yes	I got it though. I care how smart you are. Just touch me. I dare you to touch me. Just touch me. I'll close my eyes and let you in. Do it.
angry_12-7	/datasets/violence/audio/angry_12-7.wav	Yes	Set the fucking house on fire, fuck your girlfriend, that kind of radical. That's how bad I am. Really bad. Don't do it in the park.
angry_12-70	/datasets/violence/audio/angry_12-70.wav	Yes	The air. It's not worth bringing. There's not enough air. Why are you so worried about looking so good? I'm not.
angry_12-71	/datasets/violence/audio/angry_12-71.wav	Yes	conversation with the young man. I don't understand boy, why you got, look, look what you've done started. That made it ten times worse.
angry_12-72	/datasets/violence/audio/angry_12-72.wav	Yes	I'll be down here Monday. Oh boy, we got school Monday! Oh, that's school day! Oh boy! No we not?
angry_12-73	/datasets/violence/audio/angry_12-73.wav	Yes	We got homework!
angry_12-74	/datasets/violence/audio/angry_12-74.wav	Yes	You little fucking bitch. Always gonna be. You're right, you're always gonna be. You're a little fucking bitch.
angry_12-75	/datasets/violence/audio/angry_12-75.wav	Yes	Come on! Come on! Come on! Always from urbanism. Always! The rest of your life!
angry_12-76	/datasets/violence/audio/angry_12-76.wav	Yes	Remember this the rest of your life. You got- I-I will punch up this- Remember this the rest of your life. Get out of here! Get out of here! Remember this the rest of your life. You got treated like a little bitch.
angry_12-77	/datasets/violence/audio/angry_12-77.wav	Yes	If you touch this guy again, I'll break your head! Go drink some water, you bastard! What's that for a truck? The rest of your life, remember you got a truck like that. Oh, you got it!
angry_12-78	/datasets/violence/audio/angry_12-78.wav	Yes	What's up?11 remaining ,
angry_12-79	/datasets/violence/audio/angry_12-79.wav	Yes	Sorry! Oh! Get them! Sorry! Sorry! Sorry!
angry_12-8	/datasets/violence/audio/angry_12-8.wav	Yes	up the landscaping, alright? Don't do it here. Every time it snows, my dick takes a beating with this shit. Really fucking hard.
angry_12-80	/datasets/violence/audio/angry_12-80.wav	Yes	Shit. What is she on? What is she even on?
angry_12-81	/datasets/violence/audio/angry_12-81.wav	Yes	Sorry! I'm sorry, I'm sorry! I forgot! Sorry! I forgot that you were a cunt! Sorry!
angry_12-82	/datasets/violence/audio/angry_12-82.wav	Yes	Sorry! Bye! She's a power girl. Everyone's like, she's high. She's gonna get arrested.
angry_12-83	/datasets/violence/audio/angry_12-83.wav	Yes	I'm sorry I forgot. What did you forget?
angry_12-84	/datasets/violence/audio/angry_12-84.wav	Yes	ご視聴ありがとうございました
angry_12-85	/datasets/violence/audio/angry_12-85.wav	Yes	I feel like she just got dumped or something.
angry_12-86	/datasets/violence/audio/angry_12-86.wav	Yes	Shit.
angry_12-87	/datasets/violence/audio/angry_12-87.wav	Yes	She's so ratchet.
angry_12-88	/datasets/violence/audio/angry_12-88.wav	Yes	ご視聴ありがとうございました
angry_12-89	/datasets/violence/audio/angry_12-89.wav	Yes	ご視聴ありがとうございました
angry_12-9	/datasets/violence/audio/angry_12-9.wav	Yes	you know got it yeah I don't want to call our PD get the cops involved all this kind of shit but like that
angry_12-90	/datasets/violence/audio/angry_12-90.wav	Yes	Two blocks away. The bag that's right there. Oh! Oh, this is happening! You've heard of Olive Garden?
angry_12-91	/datasets/violence/audio/angry_12-91.wav	Yes	That's awesome, great. Good. Wow, my Olive Garden experience has been made. Yeah, really. I didn't even need the breadsticks. I'm gonna get breadsticks in a crazy way.
angry_12-92	/datasets/violence/audio/angry_12-92.wav	Yes	She's... Oh yes. She's my biggest fan. She's following us. We following her.
angry_12-93	/datasets/violence/audio/angry_12-93.wav	Yes	Oh shit! That is not okay.
angry_12-94	/datasets/violence/audio/angry_12-94.wav	Yes	What are you gonna do? What are you gonna do? You gonna get me? You're gonna get me? Yo, she's just begging to be roasted right now, son.
angry_12-95	/datasets/violence/audio/angry_12-95.wav	Yes	Get the fuck out!
angry_12-96	/datasets/violence/audio/angry_12-96.wav	Yes	Oh, Mitcha! Mitcha! Where is it? It's out. Oh, no!
angry_12-97	/datasets/violence/audio/angry_12-97.wav	Yes	Don't even fucking try it! Don't even fucking try it! They're not fighting! They're just acting! They're friends!
angry_12-98	/datasets/violence/audio/angry_12-98.wav	Yes	Bye, friends! Bye, friends!
angry_12-99	/datasets/violence/audio/angry_12-99.wav	Yes	He watches Walking Dead? Sometimes. He looks like a really fucking monster.
angry_13-14	/datasets/violence/audio/angry_13-14.wav	Yes	Thanks for watching please subscribe and hit that like button.
angry_13-17	/datasets/violence/audio/angry_13-17.wav	Yes	Thanks for watching!
angry_13-21	/datasets/violence/audio/angry_13-21.wav	Yes	I'm a man of my word. I'm a man of my word. I'm a man of my word.
angry_13-32	/datasets/violence/audio/angry_13-32.wav	Yes	I'm going to go to bed. I'm going to go to bed. I'm going to go to bed.
angry_13-43	/datasets/violence/audio/angry_13-43.wav	Yes	That's it for now. Thanks for watching. See you next time.
angry_13-46	/datasets/violence/audio/angry_13-46.wav	Yes	I'm sorry, I'm sorry, I'm sorry, I'm sorry.
angry_13-5	/datasets/violence/audio/angry_13-5.wav	Yes	Thanks for watching!
angry_13-53	/datasets/violence/audio/angry_13-53.wav	Yes	Thanks for watching!
angry_13-74	/datasets/violence/audio/angry_13-74.wav	Yes	Thanks for watching!
angry_13-9	/datasets/violence/audio/angry_13-9.wav	Yes	Thanks for watching!
angry_14-1	/datasets/violence/audio/angry_14-1.wav	Yes	Awak lihat bot tanda di sana? Saya minta maaf untuk itu. Awak lihat bot tanda di sana? Tidak. Ia benar bahawa kita tidak melihat bot tanda. Berlaku! Itu salah kita. Sangat besar itu, anda tidak dapat melihat bot tanda.
angry_14-10	/datasets/violence/audio/angry_14-10.wav	Yes	Tidak, kami tidak memahami itu. Kami bersimpati. Kami sudah bersimpati. Kami juga sudah bersimpati. Ini adalah kekuatan kami.
angry_14-11	/datasets/violence/audio/angry_14-11.wav	Yes	I'm extremely sorry for that. I'm very sorry for that, brother. I'm extremely very sorry for that. I don't know where we are.
angry_14-12	/datasets/violence/audio/angry_14-12.wav	Yes	Jangan beritahu saya bahawa anda tidak dapat melihat bantuan. Jangan beritahu saya bahawa anda tidak dapat melihat bantuan. Adakah anda melihat bantuan atau tidak? Kami tidak melihat bantuan. Kami tidak melihat bantuan.
angry_14-13	/datasets/violence/audio/angry_14-13.wav	Yes	Jadi sekarang anda sudah menerima kereta saya. Sekarang anda akan buat apa? Kami akan menguji anda. Oh, bagaimana? Kami akan menguji anda.
angry_14-14	/datasets/violence/audio/angry_14-14.wav	Yes	Oh, kamu perlu perbaiki kereta saya. Kamu dari Singapura. Saya dari Sharlan. Bagaimana kamu mahu perbaiki kereta saya? Saya berada di belakang KL.
angry_14-15	/datasets/violence/audio/angry_14-15.wav	Yes	Where are you going to repair my car? Can you tell me how much it will cost you? Oh, I'll tell you how much, any amount you give it to me. Reasonable amount? What's reasonable? You tell me.
angry_14-16	/datasets/violence/audio/angry_14-16.wav	Yes	So what is reasonable? What is reasonable? You tell me what is reasonable?
angry_14-17	/datasets/violence/audio/angry_14-17.wav	Yes	Tidak, apa-apa saja... Kau beritahu saya apa yang berlaku. Kami benar-benar tidak tahu kerana kami benar-benar tidak tahu.
angry_14-18	/datasets/violence/audio/angry_14-18.wav	Yes	Saya bercakap dengan orang utama di sini. Tunggu. Kamu beritahu saya apa yang berbaloi. Kami akan menawarkan Rp1,000 untuk memperbaiki kereta. Oh! Betul? Rp1,000 untuk memperbaiki kereta saya?
angry_14-19	/datasets/violence/audio/angry_14-19.wav	Yes	Betul? Rp1,000 untuk dipanggil dalam kereta saya?
angry_14-2	/datasets/violence/audio/angry_14-2.wav	Yes	kerana ada banyak kereta saya tidak peduli dengan 10,000 kereta itu adalah hantikan kereta di Singapura, anda semua melakukan ini atau tidak? anda semua melakukan ini atau tidak?
angry_14-20	/datasets/violence/audio/angry_14-20.wav	Yes	Is it okay for you?
angry_14-21	/datasets/violence/audio/angry_14-21.wav	Yes	But we told you he's an article for free inhabitant, so he does not have to have a license This is on recording article for free inhabitant pursuant to the Articles and Confederation you can look at
angry_14-22	/datasets/violence/audio/angry_14-22.wav	Yes	It's in the United States Book of Codes. It is your laws you have to follow.
angry_14-23	/datasets/violence/audio/angry_14-23.wav	Yes	All right Walk back here article for free inhabitant pursuant to the Articles of Confederation Down for me is that if it records that's fine, but
angry_14-24	/datasets/violence/audio/angry_14-24.wav	Yes	I don't want you holding anything. No weapons, no weapons. All right, no. So what I'm going to ask you to do is the same thing. And get out of the car? Yes. No, I'm not getting out of the car. You can go get your superior.
angry_14-25	/datasets/violence/audio/angry_14-25.wav	Yes	Well, I am going to tow this car and you cannot be in the vehicle while I'm towing this vehicle. Well, if you go get your superior, he'll clarify that he can be set free because he does not have to.
angry_14-26	/datasets/violence/audio/angry_14-26.wav	Yes	It's not going to happen right now young lady. So either you're going to come out of the car on your own free will or I'm going to assist you. I'm going to get out of the car.
angry_14-27	/datasets/violence/audio/angry_14-27.wav	Yes	and walk down to that house? No, you are not free to leave right now. Are you saying you have authority over me? Yes I do. You have proven authority over me? Yes I do. How did you do that?
angry_14-28	/datasets/violence/audio/angry_14-28.wav	Yes	of Imperial through the sheriff. You do not have authority over a human being over a free inhabitant. Do you want to argue the point? You need to go look up your laws. I don't have to look at anything right now. What I need to do...
angry_14-29	/datasets/violence/audio/angry_14-29.wav	Yes	do is get you out of the vehicle and if you have identification please hand the identification over to me. No! Identify yourself to me. And I'm not going to step out of the vehicle. All right well
angry_14-3	/datasets/violence/audio/angry_14-3.wav	Yes	Saya rasa orang Singapura sangat berkhutbah, mengikuti peraturan. Sebaiknya anda datang, anda boleh melanggar peraturan anda.
angry_14-30	/datasets/violence/audio/angry_14-30.wav	Yes	You know, you are impeding my investigation. You are delaying me, which is a penal code violation in the state of California. That law only applies to US citizens. Well,
angry_14-31	/datasets/violence/audio/angry_14-31.wav	Yes	were you a citizen of? I am not a US citizen. See, that's where you're mistaken. I am a free inhabitant. I am of the earth. I do not belong to any corporation. I do not belong to any country. As long as you're in the sovereign...
angry_14-32	/datasets/violence/audio/angry_14-32.wav	Yes	States of the United States You will abide by the rules and laws No a free inhabitant is is is they
angry_14-33	/datasets/violence/audio/angry_14-33.wav	Yes	They are allowed to, they are free people, they have all of the rights of a US citizen without following any of their laws. Well that would just be pure anarchy if that were the case.
angry_14-34	/datasets/violence/audio/angry_14-34.wav	Yes	No, because we're peaceful people. Go call them up and ask them and they'll tell you exactly what I'm talking about. Well, I don't know who to call. You're superior. Well, I'm superior.
angry_14-35	/datasets/violence/audio/angry_14-35.wav	Yes	I am a superior to a certain extent. So call your superior. Well, it's gonna take a couple hours or so for somebody to come down. So that's not gonna happen right now. Well, then we're gonna.
angry_14-36	/datasets/violence/audio/angry_14-36.wav	Yes	We just need to call in and tell them I'm a free inhabitant and find out what that is. Well I am going to tow this vehicle young lady so you cannot be in this vehicle.
angry_14-37	/datasets/violence/audio/angry_14-37.wav	Yes	I understand that. So I'm to, alright, then I'm going to get out of the vehicle and I'm going to walk down to that house because you do not have authority over me. No you're not. Well then I'm not getting out of the vehicle. No you're not. Why? You're not free to leave.
angry_14-38	/datasets/violence/audio/angry_14-38.wav	Yes	Fuck you bitch! Now! Whatever!
angry_14-39	/datasets/violence/audio/angry_14-39.wav	Yes	I want my kids! I want my kids!
angry_14-4	/datasets/violence/audio/angry_14-4.wav	Yes	Kami tidak sepatutnya melakukannya kerana kami tidak mempunyai satu kata. Jadi kami hanya mempunyai satu kata. Oh, jadi kamu tidak bermakna kerana satu kata kamu hanya memutuskan untuk memotong peraturan?
angry_14-40	/datasets/violence/audio/angry_14-40.wav	Yes	You better tell me you're in part of this shit. You're gonna work on me, you better go at home. For real? I know it. Yo! I know it.
angry_14-41	/datasets/violence/audio/angry_14-41.wav	Yes	Talk to me bitch, talk to me bitch, talk to me bitch, talk to me bitch.
angry_14-42	/datasets/violence/audio/angry_14-42.wav	Yes	You're out of your mind! I'm not going nowhere! Alright, just leave it on the hallway. What am I going to leave it on the wall? Just walk your way!
angry_14-43	/datasets/violence/audio/angry_14-43.wav	Yes	James, shut up! Really? You serious? You serious? You're a grown ass man! What? You fucking 16!
angry_14-44	/datasets/violence/audio/angry_14-44.wav	Yes	I don't want that bitch! Stupid! Why you telling me to let it go? I'm not saying nothing! I don't have kids!
angry_14-45	/datasets/violence/audio/angry_14-45.wav	Yes	My kids, my baby daddy gonna smash him, smash him.
angry_14-46	/datasets/violence/audio/angry_14-46.wav	Yes	I'm talking. What kind of niggas get wild with a bitch? Y'all right. You hear that, girl? He can't talk. He can't talk. I will get out of the vehicle.
angry_14-47	/datasets/violence/audio/angry_14-47.wav	Yes	Well, I'm getting some on us. All right, well you're not free to leave. I'm, I, I, no. You're gonna take the bag off. No, no I'm not. You're gonna take the bag off. No I'm not. Is it not your? Hey!
angry_14-48	/datasets/violence/audio/angry_14-48.wav	Yes	This is, you're raping me. This is rape, this is rape. This is rape. Ah! Ah! Okay. Relax your arms.
angry_14-49	/datasets/violence/audio/angry_14-49.wav	Yes	It's relaxed. Stop fighting with me. It's relaxed. Stop fighting with me. Stop fighting. All right. I'm not fighting. Center two, five.
angry_14-5	/datasets/violence/audio/angry_14-5.wav	Yes	Kami berkata ini salah kami. Ini salah kami. Kami sangat-sangat minta maaf. Kenapa kamu tidak memberi maaf kepada orang yang dihantar? Orang yang tidak dapat menemukan apa-apa?
angry_14-50	/datasets/violence/audio/angry_14-50.wav	Yes	I'm lifting my arm up, I'm lifting my arm up. It's hot, okay? I just, I told you what I was doing. This is pain compliance, okay? It's not meant to be comfortable.
angry_14-51	/datasets/violence/audio/angry_14-51.wav	Yes	Do I have your attention?
angry_14-52	/datasets/violence/audio/angry_14-52.wav	Yes	This is completely illegal. No! Take my bag off! I can't. You're not putting me in the car. You can wait till you get to your pier.
angry_14-53	/datasets/violence/audio/angry_14-53.wav	Yes	You are not taking my bag off. You can handcuff me with my bag on. You're right, I will. Relaxed. Unrelaxed.
angry_14-54	/datasets/violence/audio/angry_14-54.wav	Yes	You're gonna get in so much trouble, you son of a bitch! You're gonna-
angry_14-55	/datasets/violence/audio/angry_14-55.wav	Yes	You don't even know what you're doing! I'm telling you, I'm gonna fucking sue you! Stop. What's your name? Argedona, Ard fucking Godona, you're gonna get arrested, you're gonna get fu-
angry_14-56	/datasets/violence/audio/angry_14-56.wav	Yes	Oh my god, you don't know your own laws! I'm whooping your motherfucking ass! I'm not playing!
angry_14-57	/datasets/violence/audio/angry_14-57.wav	Yes	I'm not playing. I'm gonna stump a mud hole in your ass and walk it dry. Tonight! If you don't have all of that shit on.
angry_14-58	/datasets/violence/audio/angry_14-58.wav	Yes	You got an excuse for every goddamn thing and it's a motherfucking lie. It ain't even an excuse, it's a motherfucking lie.
angry_14-59	/datasets/violence/audio/angry_14-59.wav	Yes	You told me you didn't have no goddamn books. They didn't give me none. I know that's a goddamn lie.
angry_14-60	/datasets/violence/audio/angry_14-60.wav	Yes	You must fucking think I'm stupid! You must think I'm stupid!
angry_14-61	/datasets/violence/audio/angry_14-61.wav	Yes	your mother stupid. All that shit that y'all do, we done did it six times already. So don't think you smarter than us.
angry_14-62	/datasets/violence/audio/angry_14-62.wav	Yes	You better get them goddamn books. That's all that's what I know and you better pass that motherfucking class Or your ass is stupid
angry_14-63	/datasets/violence/audio/angry_14-63.wav	Yes	Period. And I don't like to call people stupid. You smarter than that. It don't take you five
angry_14-64	/datasets/violence/audio/angry_14-64.wav	Yes	10 minutes to do your goddamn homework and do your classwork and stop fucking talking and giggling. That goes for you too, Signe.
angry_14-65	/datasets/violence/audio/angry_14-65.wav	Yes	How the fuck we getting called? Oh, Sydney was giggling and laughing and playing with other goddamn students. Do your fucking work!
angry_14-66	/datasets/violence/audio/angry_14-66.wav	Yes	If y'all fail, I'm not gonna feel bad for you. I'm just gonna say, guys.
angry_14-67	/datasets/violence/audio/angry_14-67.wav	Yes	It's a damn shame because all y'all are smart. Y'all just don't want to do the fucking work. It ain't that hard. You do your homework. You do your classwork.
angry_14-68	/datasets/violence/audio/angry_14-68.wav	Yes	You fucking pass! If you don't know something, you ask a goddamn question! That's how simple it is!
angry_14-69	/datasets/violence/audio/angry_14-69.wav	Yes	Thanks for watching!
angry_14-7	/datasets/violence/audio/angry_14-7.wav	Yes	Kali ini, perempuan yang akan menghadapinya akan perlu menunggu selama berapa lama. Baiklah, kami minta maaf. Kami minta maaf. Kami sangat minta maaf. Kami minta maaf. Kami minta maaf. Kami minta maaf.
angry_14-8	/datasets/violence/audio/angry_14-8.wav	Yes	Saya minta maaf. Saya minta maaf kerana... Saya sakit dan penat dengan orang yang tidak bertanggungjawab seperti anda. Ya, sekarang anda...
angry_14-9	/datasets/violence/audio/angry_14-9.wav	Yes	Kami sangat minta maaf, kami minta maaf kerana kami di sini, kami sangat memuji anda. Kamu takut? Kamu tak tahu apa yang dikatakan? Kerana orang yang menguruskan keadaan tidak boleh bergaduh untuk hak mereka.
angry_15-1	/datasets/violence/audio/angry_15-1.wav	Yes	I don't give a fuck about going to jail. That's the point. Why can't I give my shit, dude? Get what? My car. That's the only thing I can think of that's with my kid. Your name is not on it. My wife...
angry_15-10	/datasets/violence/audio/angry_15-10.wav	Yes	Fuck off! You fuck off! Go on! Go on! Fuck off! On engine!
angry_15-11	/datasets/violence/audio/angry_15-11.wav	Yes	You're a scardag! Fuck off now! You're a cold fuck-off! Fuck off! Come on! Come on, come on, come on! Fuck off! Fuck off! Fuck off!
angry_15-12	/datasets/violence/audio/angry_15-12.wav	Yes	Go on the fuck in the car! Go on! Fuck you! I won't fucking hit you! I'll kick you!
angry_15-13	/datasets/violence/audio/angry_15-13.wav	Yes	Hey ladies!
angry_15-15	/datasets/violence/audio/angry_15-15.wav	Yes	Danny!
angry_15-16	/datasets/violence/audio/angry_15-16.wav	Yes	Dude, get it!
angry_15-17	/datasets/violence/audio/angry_15-17.wav	Yes	I'm done! It's not focusing on him, because...
angry_15-18	/datasets/violence/audio/angry_15-18.wav	Yes	This is annoying, come on What the fuck? Yeah, he's not happy Alright!
angry_15-19	/datasets/violence/audio/angry_15-19.wav	Yes	We have different. Are you the mom? No, no. Are you the mom? Not going nowhere. Not going nowhere. You touch me, you touch me.
angry_15-2	/datasets/violence/audio/angry_15-2.wav	Yes	I just picked up the car, man. Where the fuck you, dude? Okay, you're a fucking piece of shit. How the fuck you gonna do that to me? How you gonna do this, man?
angry_15-20	/datasets/violence/audio/angry_15-20.wav	Yes	Don't touch me! Don't touch me! Don't worry! Because you kicked my other restaurant! You did not kick my other restaurant!
angry_15-21	/datasets/violence/audio/angry_15-21.wav	Yes	Yeah, you can. This is a private establishment. Are you kidding me? This is private property. Yeah, you can.
angry_15-22	/datasets/violence/audio/angry_15-22.wav	Yes	What? This is America, are you kidding me? I have a question, are you bothered by the kid crying? I am actually, yeah, I am. Do you have a bias? No, I don't.
angry_15-23	/datasets/violence/audio/angry_15-23.wav	Yes	And okay, and that's not my problem. I choose not to have kids. It's not my problem
angry_15-24	/datasets/violence/audio/angry_15-24.wav	Yes	Okay? You are crazy! I am crazy! You are dealing with a crazy one here! You are crazy! You know, if you talk a bitch, I'm a bitch!
angry_15-25	/datasets/violence/audio/angry_15-25.wav	Yes	I have no clue what she's doing. I don't want to figure out what she's doing.
angry_15-26	/datasets/violence/audio/angry_15-26.wav	Yes	What are we gonna do?
angry_15-27	/datasets/violence/audio/angry_15-27.wav	Yes	Ring around the rosy, pockets full of pussies Hey! Weird. Watch.
angry_15-28	/datasets/violence/audio/angry_15-28.wav	Yes	We want to move our vehicular. I have no clue who she is. Yes. Yes, what do you want?
angry_15-29	/datasets/violence/audio/angry_15-29.wav	Yes	I'm getting out of my car. You want a medal for being the creepiest person I've ever seen?
angry_15-3	/datasets/violence/audio/angry_15-3.wav	Yes	I'm the fucking other dude. At this point, I'm gonna have to go walk away from you. Why? It's the law, man. We don't ride it. Why the fuck can't I get my car back, man? Fuck you, you fucking punk.
angry_15-30	/datasets/violence/audio/angry_15-30.wav	Yes	I would like to leave right now, but this lady is standing here, and she's breathing on your window watch watch the fog
angry_15-31	/datasets/violence/audio/angry_15-31.wav	Yes	She's gonna break my fucking window.
angry_15-32	/datasets/violence/audio/angry_15-32.wav	Yes	Two hours later Don't do that, don't do that! What are you doing? Now she's shaking my fucking car
angry_15-33	/datasets/violence/audio/angry_15-33.wav	Yes	Oh, let's see this.
angry_15-34	/datasets/violence/audio/angry_15-34.wav	Yes	Is it recording? Yes.
angry_15-35	/datasets/violence/audio/angry_15-35.wav	Yes	Creepy lady.
angry_15-36	/datasets/violence/audio/angry_15-36.wav	Yes	I don't know what I want to do.
angry_15-37	/datasets/violence/audio/angry_15-37.wav	Yes	Let me do voice over here.
angry_15-38	/datasets/violence/audio/angry_15-38.wav	Yes	Oh man!
angry_15-39	/datasets/violence/audio/angry_15-39.wav	Yes	I wish I was dead right now, can you please run me over?
angry_15-4	/datasets/violence/audio/angry_15-4.wav	Yes	What? Are you laughing at each other? Oh my god! What's wrong with the guy? Oh, she's so cute.
angry_15-40	/datasets/violence/audio/angry_15-40.wav	Yes	I'm just gonna take off.
angry_15-41	/datasets/violence/audio/angry_15-41.wav	Yes	Just start backing up. I don't know what she'll do. Oh, oh sneeze coming you guys sneeze coming
angry_15-42	/datasets/violence/audio/angry_15-42.wav	Yes	Oh my god.
angry_15-43	/datasets/violence/audio/angry_15-43.wav	Yes	What the f***?
angry_15-44	/datasets/violence/audio/angry_15-44.wav	Yes	Is it on the rib? Is the rib like... How do people let... yeah, how do people let her out of... I don't know. Hold this.
angry_15-45	/datasets/violence/audio/angry_15-45.wav	Yes	Yeah, I took it. You're not sure it's on the train. Until I've written out the form, I'm not gonna be doing it. Carry on writing. You know what I'm saying? You know what I'm saying?
angry_15-46	/datasets/violence/audio/angry_15-46.wav	Yes	It's the first time I've dealt with you. It's the first time I've taken you off the street.
angry_15-47	/datasets/violence/audio/angry_15-47.wav	Yes	What the hell is that? You're not coming in? What? You're jumping off the street. No, don't come in.
angry_15-48	/datasets/violence/audio/angry_15-48.wav	Yes	He just said he's gonna drag me off the train. If we have to, we will, yes. Come near me, it's an assault. Come near me, it's an assault! Because he just said he's gonna drag me off the train.
angry_15-49	/datasets/violence/audio/angry_15-49.wav	Yes	Get away from me. Then jump off. Get away from me. Come on in. You couldn't touch me. You couldn't touch me. Come on in. You first. Come on in. Get away. Let him try first. Come on. Come on in. That was one and one and first.
angry_15-50	/datasets/violence/audio/angry_15-50.wav	Yes	It's not going on one. Why on one? It's not going on one. Steven, get off. Off the train. Off the train. Off the train.
angry_15-51	/datasets/violence/audio/angry_15-51.wav	Yes	Alright, I'll turn you down mate. Stephen, it's only the first time, it's there to happen is it?
angry_15-52	/datasets/violence/audio/angry_15-52.wav	Yes	What do you mean, you fag? Fuck off!
angry_15-53	/datasets/violence/audio/angry_15-53.wav	Yes	Arrgh, Argentina! FUCKING?!?
angry_15-54	/datasets/violence/audio/angry_15-54.wav	Yes	What? Get off me now. Get off! Get off!
angry_15-55	/datasets/violence/audio/angry_15-55.wav	Yes	Not yet
angry_15-56	/datasets/violence/audio/angry_15-56.wav	Yes	You ripped my coat, I swear to God.
angry_15-57	/datasets/violence/audio/angry_15-57.wav	Yes	Welcome to the rest of my life!
angry_15-59	/datasets/violence/audio/angry_15-59.wav	Yes	I need my shirt.
angry_15-6	/datasets/violence/audio/angry_15-6.wav	Yes	Why is he doing it?
angry_15-60	/datasets/violence/audio/angry_15-60.wav	Yes	Alright.
angry_15-62	/datasets/violence/audio/angry_15-62.wav	Yes	Thanks for watching!
angry_15-63	/datasets/violence/audio/angry_15-63.wav	Yes	Det v Game Godt,Ed stand
angry_15-65	/datasets/violence/audio/angry_15-65.wav	Yes	Dude, it's too bad.
angry_15-67	/datasets/violence/audio/angry_15-67.wav	Yes	I can call some bloods of the crypt, but how about the war I farmed up, bitch? Didn't I kick you in the goddamn open town for driving you down the goddamn alley?
angry_15-68	/datasets/violence/audio/angry_15-68.wav	Yes	Stay in L.A. motherfucker!
angry_15-69	/datasets/violence/audio/angry_15-69.wav	Yes	Check all this shit down, man.
angry_15-7	/datasets/violence/audio/angry_15-7.wav	Yes	Thank you.
angry_15-70	/datasets/violence/audio/angry_15-70.wav	Yes	Fuck
angry_15-71	/datasets/violence/audio/angry_15-71.wav	Yes	Get the fuck out of here!
angry_15-72	/datasets/violence/audio/angry_15-72.wav	Yes	I'm gonna go down there and show them. Dig it! Dig it! This is world-class shit, though.
angry_15-73	/datasets/violence/audio/angry_15-73.wav	Yes	Goddamn! I'm going platinum for this shit! Goddamn!
angry_15-8	/datasets/violence/audio/angry_15-8.wav	Yes	Fuck off! Who are you? Who are you? I'll tell you what.
angry_15-9	/datasets/violence/audio/angry_15-9.wav	Yes	What the fuck did you do? What the fuck did you do? What the fuck did you do? What the fuck did you do? Get out of here!
angry_16-1	/datasets/violence/audio/angry_16-1.wav	Yes	Thanks for watching.
angry_16-10	/datasets/violence/audio/angry_16-10.wav	Yes	You got him!
angry_16-11	/datasets/violence/audio/angry_16-11.wav	Yes	Don't do that. I don't believe you. Oh! Oh! Holy shit!
angry_16-12	/datasets/violence/audio/angry_16-12.wav	Yes	I am done, she pulled out the pad. I am fucking done. Can I sneak up? What? Do you want to see me go out, man? I'm going to the back floor. That's what I'm saying. One.
angry_16-14	/datasets/violence/audio/angry_16-14.wav	Yes	You're stuck, you're stuck. You gonna do all that? All that. You gonna do all that? All that shit. All that shit, nigga. It's my life I'm fighting for. I'm gonna fight.
angry_16-15	/datasets/violence/audio/angry_16-15.wav	Yes	He raw start hip hop right here bro. My phone dead boy.
angry_16-17	/datasets/violence/audio/angry_16-17.wav	Yes	Oh
angry_16-18	/datasets/violence/audio/angry_16-18.wav	Yes	I love you, Finn! I love you, Finn! I love you, Finn! We love you, Finn!
angry_16-19	/datasets/violence/audio/angry_16-19.wav	Yes	Oh shit! Yo, white people said it!
angry_16-21	/datasets/violence/audio/angry_16-21.wav	Yes	Get out of here! Get out of here! Get in! Get in! Get in! Get in!
angry_16-22	/datasets/violence/audio/angry_16-22.wav	Yes	I gotta get out! Two! Two! Two! HONK! Shut the rickety- Hey!
angry_16-23	/datasets/violence/audio/angry_16-23.wav	Yes	You know? You can't pop in and get us like that for him. That's what he's got for me. What? Go, go!
angry_16-25	/datasets/violence/audio/angry_16-25.wav	Yes	Oh, yeah! Yeah! Yeah! Yeah! Oh, shit! What's that? What's that about a nigga? What the fuck? What the fuck?
angry_16-26	/datasets/violence/audio/angry_16-26.wav	Yes	I ain't got nothing to do with it. Jakes coming. He popped it on Duke, Duke was a co-incent.
angry_16-27	/datasets/violence/audio/angry_16-27.wav	Yes	Thanks! Whoa whoa! What the fuck are you doing? Look how he popped him! Morgan then shot Billy Clamp.
angry_16-28	/datasets/violence/audio/angry_16-28.wav	Yes	If I then became General...
angry_16-29	/datasets/violence/audio/angry_16-29.wav	Yes	After several shots were fired, I clanned and ran up and grabbed my arm.
angry_16-3	/datasets/violence/audio/angry_16-3.wav	Yes	you
angry_16-30	/datasets/violence/audio/angry_16-30.wav	Yes	and see no weapon in his hand and thought at the time he had none, and so I said to him
angry_16-31	/datasets/violence/audio/angry_16-31.wav	Yes	The fight has now commenced. Go to fighting or get away.
angry_16-32	/datasets/violence/audio/angry_16-32.wav	Yes	At the same time, I pushed him off with my left hand.
angry_16-33	/datasets/violence/audio/angry_16-33.wav	Yes	Okay, we'll see you next time.
angry_16-34	/datasets/violence/audio/angry_16-34.wav	Yes	That's a good seat, right? Yeah, that's what I wanted to do. Go! Ow!
angry_16-35	/datasets/violence/audio/angry_16-35.wav	Yes	Huh? see what hockey is Mmm F**K38
angry_16-37	/datasets/violence/audio/angry_16-37.wav	Yes	Cheers guys, cheers! What the f***? I didn't see anything!
angry_16-39	/datasets/violence/audio/angry_16-39.wav	Yes	Oh yeah. Oh yeah. Oh! Oh! Oh!
angry_16-4	/datasets/violence/audio/angry_16-4.wav	Yes	I could do some shit.
angry_16-40	/datasets/violence/audio/angry_16-40.wav	Yes	Thank you.
angry_16-41	/datasets/violence/audio/angry_16-41.wav	Yes	Fuck out of here. Your man is a fucking fool. Anyway, mommy, I thought you were going to have a great girlfriend. And so was the man right there.
angry_16-43	/datasets/violence/audio/angry_16-43.wav	Yes	Go! Go! Go! Go! Whoa!
angry_16-44	/datasets/violence/audio/angry_16-44.wav	Yes	Get out of there! Get out of there! Don't take me! Don't stop! Stop!
angry_16-45	/datasets/violence/audio/angry_16-45.wav	Yes	Stop! Stop! Stop it! Come on! Stop! Stop! Stop! Get out!
angry_16-47	/datasets/violence/audio/angry_16-47.wav	Yes	No, you don't have to do that.
angry_16-5	/datasets/violence/audio/angry_16-5.wav	Yes	Oh You score
angry_16-6	/datasets/violence/audio/angry_16-6.wav	Yes	Got sandy cheese boy you ain't notice? Got a booty on him.
angry_16-7	/datasets/violence/audio/angry_16-7.wav	Yes	Do it for the camera. Do it for the camera right now. Do it for the camera. Do it for the camera. We don't know who you are yet. Straight Bulls outfit. It give you that power.
angry_16-8	/datasets/violence/audio/angry_16-8.wav	Yes	Show everything, let's see the ball outfit. No! Okay. Let's go. Okay. Okay. How you gonna get the ball? Don't trip.
angry_16-9	/datasets/violence/audio/angry_16-9.wav	Yes	I tripped before too! Don't trip! Don't trip! Don't trip now! Take everything off my nigga, take everything off! One side, one side! Get him! Get him now! Get him, you got him, you got him, you got him!
angry_17-1	/datasets/violence/audio/angry_17-1.wav	Yes	HAPPY BIRTHDAY!
angry_17-10	/datasets/violence/audio/angry_17-10.wav	Yes	Go. It's on those cameras and it's going to be Do not touch me. I'm not taking a picture. I'm making sure that I'm going to
angry_17-11	/datasets/violence/audio/angry_17-11.wav	Yes	be safe whenever I walk out of here. What you mean? What you want to go though? Go, bye. This place is getting shut down. I will do what I can.
angry_17-12	/datasets/violence/audio/angry_17-12.wav	Yes	You suck my bitch for real? Get off of my foot. You wanna get slapped? This is a f***ing holocaust. I'm gonna f*** all the things in here.
angry_17-13	/datasets/violence/audio/angry_17-13.wav	Yes	Do you see any road down here where the grid wheel is? There's a black car sitting at that stop sign, okay, at Costco.
angry_17-14	/datasets/violence/audio/angry_17-14.wav	Yes	He went, I went, next thing I know, he crossed over in front of me.
angry_17-15	/datasets/violence/audio/angry_17-15.wav	Yes	this back end, a speed crossover into the other lane. And I was going out, I just cut my daughter off the curb, and I was going off of that corner.
angry_17-16	/datasets/violence/audio/angry_17-16.wav	Yes	I was pulling out of the Yabani Road there. Urbano Road? Urbano Road. Yeah, Urbano Road. Okay, there's a black SUV at that stop sign. Okay, we ain't worried about him. We're worried about what you did. Well, I just...
angry_17-17	/datasets/violence/audio/angry_17-17.wav	Yes	Now wait a minute, I'm just telling you, there was a black SUV there. I, after the black SUV went to the stop sign, there was nothing coming. I came. He came out of nowhere, crossed over...
angry_17-18	/datasets/violence/audio/angry_17-18.wav	Yes	from where you come out of class goes into the lane to go up this way and I was in that lane and he when he crossed over my back end of my friend in my car hit his
angry_17-19	/datasets/violence/audio/angry_17-19.wav	Yes	back in when he crossed over. So you were leaving the stop sign? I already left the stop sign. OK, so that means you had the right. He had the right of way, but you smashed it in. No, no, no.
angry_17-2	/datasets/violence/audio/angry_17-2.wav	Yes	I'm crying.
angry_17-20	/datasets/violence/audio/angry_17-20.wav	Yes	No, no, you're wrong. I was out of upionic on where the Valvoline is. Here's what I can tell you. I don't determine who's at fault. OK, but I'm just telling you.
angry_17-21	/datasets/violence/audio/angry_17-21.wav	Yes	Where the Velveline is, is where I was at and I was going straight and he crossed over to get in the lane to turn up this way. Coming from Crossroads.
angry_17-22	/datasets/violence/audio/angry_17-22.wav	Yes	I was in the right lane going down the hill. And he crossed over and hit the front end of my car. And then he goes, you hit me bitch!
angry_17-23	/datasets/violence/audio/angry_17-23.wav	Yes	"You better pull over."" And that was his exact words, and he was being smart, and then I got it. I am sorry. I take Zimbalta. I'm ready to explode."
angry_17-24	/datasets/violence/audio/angry_17-24.wav	Yes	and I did not take my pill today. Okay. So I'm telling you right now, I'm going to explode. Just don't explode on me. I'm going to write this up. Because right now, I can make a fist with no problem.
angry_17-25	/datasets/violence/audio/angry_17-25.wav	Yes	I broke many people's arms and I'm, because it's his fault. He's the one that crossed over in front of me. Don't break arms right now because I gotta get this written up, okay?
angry_17-26	/datasets/violence/audio/angry_17-26.wav	Yes	That's where he crossed over and that bumper hit right here.
angry_17-27	/datasets/violence/audio/angry_17-27.wav	Yes	Put the camera away. This is going to look awesome on YouTube. I'll tell you right now.
angry_17-28	/datasets/violence/audio/angry_17-28.wav	Yes	that shows up on YouTube, I will find you. And yes, it's a threat. Tell him to shut the camera off.
angry_17-29	/datasets/violence/audio/angry_17-29.wav	Yes	Honest Guard Officer, tell him to shut the camera off now. By law I can't. Honest Guard, this shows up on YouTube. Robinson, count she about coming after and her coming after.
angry_17-3	/datasets/violence/audio/angry_17-3.wav	Yes	Okay, I just want to refund all my shake at that
angry_17-30	/datasets/violence/audio/angry_17-30.wav	Yes	I suggest you get in your vehicle sit on don't touch me Go sit in your vehicle
angry_17-31	/datasets/violence/audio/angry_17-31.wav	Yes	I don't like my picture taken! Ma'am, ma'am, listen to me. Sit in your vehicle. Tell him to shut it off now. Go sit in your vehicle or he can't take you, okay? Go sit in your vehicle. I do not want this on YouTube.
angry_17-32	/datasets/violence/audio/angry_17-32.wav	Yes	Tell him to shut it off now! Shut it off now! Okay, it's off. Shut it off now! Put the goddamn thing in your car now!
angry_17-33	/datasets/violence/audio/angry_17-33.wav	Yes	Listen, get in your vehicle or I'm going to arrest you for creative disturbance. Okay, do you understand me? Sit down, let me write this up, we'll get out of my underwears. He's taping me again!
angry_17-34	/datasets/violence/audio/angry_17-34.wav	Yes	He's taping me again! I do not like that stuff! I do not like that stuff! Sir, I don't like that stuff!
angry_17-35	/datasets/violence/audio/angry_17-35.wav	Yes	I hate this stuff! I don't care! I want that off! I want that off! I want that off!
angry_17-36	/datasets/violence/audio/angry_17-36.wav	Yes	No! That is my right and I don't like that shit! I don't like to be on the internet at all! I don't believe in the internet! Please!
angry_17-37	/datasets/violence/audio/angry_17-37.wav	Yes	I'm not putting it on the YouTube, just getting that shit out. Yeah, he just said it was going on YouTube and I don't want it. So I'll be glad it's on YouTube, you guys are all gonna be fucking dead. Hey, ma'am. Oh, my God. You know what?
angry_17-38	/datasets/violence/audio/angry_17-38.wav	Yes	I can keep going hahahaha
angry_17-39	/datasets/violence/audio/angry_17-39.wav	Yes	You can work. Right now I'm giving you a citation. This is a repository for all the SBARs you've shot. You hear me? Run the work, miss the meter, you go to jail.
angry_17-4	/datasets/violence/audio/angry_17-4.wav	Yes	Thank you for watching!
angry_17-40	/datasets/violence/audio/angry_17-40.wav	Yes	Now, sit down and shut up. I'm gonna treat you like a five-year-old until you learn to behave yourself. I don't care what you like, what you don't like. You shut up. I don't like you driving that car into public.
angry_17-41	/datasets/violence/audio/angry_17-41.wav	Yes	Okay? Put the word on you if you don't want to be caught and killed. Put the word on you. You say you're trying to cover that phone, you're trying to sue me, you're going to kill me.
angry_17-42	/datasets/violence/audio/angry_17-42.wav	Yes	Sit down and shut up!
angry_17-43	/datasets/violence/audio/angry_17-43.wav	Yes	I'm not a last man on the road. I'm just doing my job. Shut up. Oh, my gosh. They got something going on.
angry_17-44	/datasets/violence/audio/angry_17-44.wav	Yes	You got your drive-by stretch for George or anybody? I do, I'm so sorry. Nah, she's about to go to jail, she don't shut her mouth.
angry_17-45	/datasets/violence/audio/angry_17-45.wav	Yes	God, this is not looking good! Hush, I'm not coming! You're like a disease! I'm the truth! And you're an unwanted tribe!
angry_17-46	/datasets/violence/audio/angry_17-46.wav	Yes	Mom, get out of here! I wouldn't even stop. Let's go. What do you want, boy? What do you want, boy? Wait, he's the driver. He's the boy! OK.
angry_17-47	/datasets/violence/audio/angry_17-47.wav	Yes	You better be the driver, why wouldn't you drive you around? Why wouldn't you drive your fucking butt around? I'm not gonna drive you around! I'm not gonna drive you around!
angry_17-48	/datasets/violence/audio/angry_17-48.wav	Yes	You know there's been two suicide bus drivers in this city already. Shut up! Slam the bus straight into the wall, man! Shut the fuck up! You're retarded, girl! You're so retarded, man!
angry_17-49	/datasets/violence/audio/angry_17-49.wav	Yes	If you're great, it's gonna turn to black. I smell 770, may your green turn to black. May your green turn to black. May your green.
angry_17-5	/datasets/violence/audio/angry_17-5.wav	Yes	Excuse me, ma'am, who is the manager? What? Who is the manager? Can I please speak to-
angry_17-50	/datasets/violence/audio/angry_17-50.wav	Yes	May your grin turn to blood. Call the cops. Yeah, it's going to be a come on line. May your grin turn to blood. May your grin turn to blood.
angry_17-51	/datasets/violence/audio/angry_17-51.wav	Yes	lay off that crack. I'm calling the Messiah I'll kill you, serve the Jews or die. You have no idea what you're talking about. I'm part of the Reddys campaign and I don't ever want the Messiah.
angry_17-52	/datasets/violence/audio/angry_17-52.wav	Yes	I want you to be completely abandoned and I want you to turn into a slave. There's no point in a reason. I'm a Jew, it's not my fault, I killed the retired Nazis.
angry_17-54	/datasets/violence/audio/angry_17-54.wav	Yes	Every mix what I do kills you not.
angry_17-55	/datasets/violence/audio/angry_17-55.wav	Yes	Every enemy I kill is off the Jewish people. Now shut your nasty mouth up, or shut the cock. How much cock have you...
angry_17-56	/datasets/violence/audio/angry_17-56.wav	Yes	You suck that cup! Put it in your throat girl, you got to get that cup in your beard! You little ho! You little naughty girl, you're naughty! You're naughty! I
angry_17-57	/datasets/violence/audio/angry_17-57.wav	Yes	I will call around my house if I curse you in the shop. Please be quiet. Please. Come around my house if I curse you in the shop. Are you listening? Yes. Yeah. I'm listening. Be quiet. Go outside and look.
angry_17-58	/datasets/violence/audio/angry_17-58.wav	Yes	Thanks for watching!
angry_17-6	/datasets/violence/audio/angry_17-6.wav	Yes	the manager. Can I please speak to the manager? Can I get a refund right now? Thank you.
angry_17-7	/datasets/violence/audio/angry_17-7.wav	Yes	You're cursing. Are you serious? Are you serious? Are you... You cannot treat people like this. This is your...
angry_17-8	/datasets/violence/audio/angry_17-8.wav	Yes	job. Are you for real? I don't know what happened to you today. I'm sorry.
angry_17-9	/datasets/violence/audio/angry_17-9.wav	Yes	ice cream and they gave me some garbage and I'm not gonna eat it. Really? Really? Okay. Get out of here. And you're rude. Go ahead bro, go ahead. You are so rude. You gotta give a 4-3. Bitch I- You are so rude.
angry_18-1	/datasets/violence/audio/angry_18-1.wav	Yes	You just take a picture motherfucker. Oh for shit. You could have scanned this. You could have scanned this. When you sit down and went in FBI with that punk ass shit over 250.
angry_18-10	/datasets/violence/audio/angry_18-10.wav	Yes	你嚇我有鱸魚你嚇我我一般鱸魚你把我放下來我你嚇我我放我我都給你打鱸魚你把我打鱸魚你叫我打鱸魚
angry_18-11	/datasets/violence/audio/angry_18-11.wav	Yes	我幫你打你屁屁屁你打我家我幫你打我家Fucking skaterFucking skater
angry_18-12	/datasets/violence/audio/angry_18-12.wav	Yes	Get out! We go!
angry_18-13	/datasets/violence/audio/angry_18-13.wav	Yes	Don't do that anymore. Don't do that to the Korean. Don't do that! You're not going to ask the customer to check the price. I said I'm sorry. I didn't get anything.
angry_18-14	/datasets/violence/audio/angry_18-14.wav	Yes	No, you did? No, because you pointed your finger. No, before I did, you did too many things I couldn't do. You failed. You're supposed to not walk here.
angry_18-15	/datasets/violence/audio/angry_18-15.wav	Yes	Your job is not for you! Your job is not for you! What? Don't you like to quarrel? Do you understand?
angry_18-16	/datasets/violence/audio/angry_18-16.wav	Yes	You do so many times to the Korean. And they do not know how to speak in English. That's why you need to make up. Old, no makeup.
angry_18-17	/datasets/violence/audio/angry_18-17.wav	Yes	行くなとめ!シュラッ!
angry_18-18	/datasets/violence/audio/angry_18-18.wav	Yes	Cry doesn't mean anything. Cry doesn't mean anything. So what do you want to do to me? I'm here right now. I do. I do.
angry_18-19	/datasets/violence/audio/angry_18-19.wav	Yes	You tell them there's no price tag. I told them there's no price tag. Yeah, because I was mad, because she get me mad.
angry_18-2	/datasets/violence/audio/angry_18-2.wav	Yes	You call the staff, don't tell me what that. Hey, Bush, you can't tell them anyway. So don't use that. I'm gonna cash it. That ain't no big tag. You're making a big tag out of it.
angry_18-21	/datasets/violence/audio/angry_18-21.wav	Yes	She's so impolite!
angry_18-22	/datasets/violence/audio/angry_18-22.wav	Yes	Put it right on your tacks, son. Put it right on your tacks.
angry_18-23	/datasets/violence/audio/angry_18-23.wav	Yes	Put it right on your tab.
angry_18-24	/datasets/violence/audio/angry_18-24.wav	Yes	It's all over the world now anyway, baby.
angry_18-25	/datasets/violence/audio/angry_18-25.wav	Yes	Put it right on your chest, put it right on your chest, get it down on your chest.
angry_18-26	/datasets/violence/audio/angry_18-26.wav	Yes	Help out the Canadian Army, get it right on your tacks.
angry_18-27	/datasets/violence/audio/angry_18-27.wav	Yes	Help out the Canadian Army, get it right on your tack.
angry_18-28	/datasets/violence/audio/angry_18-28.wav	Yes	Got it? Very good.
angry_18-29	/datasets/violence/audio/angry_18-29.wav	Yes	Have a good day! You too.
angry_18-3	/datasets/violence/audio/angry_18-3.wav	Yes	You want to scare them now? I thought I had to get in line to scare them. You guys have money? I need the paper. Come on, you got fucking...
angry_18-30	/datasets/violence/audio/angry_18-30.wav	Yes	I got some work out to do, because the air knows the rest.
angry_18-31	/datasets/violence/audio/angry_18-31.wav	Yes	Yes, we do. Well done, me! Well done, Army! Well done!
angry_18-32	/datasets/violence/audio/angry_18-32.wav	Yes	Say hello to White Canada, son. Say hello and wish me peace. Wish me peace, son.
angry_18-33	/datasets/violence/audio/angry_18-33.wav	Yes	Can you speak English? Probably not. Can you speak English?
angry_18-34	/datasets/violence/audio/angry_18-34.wav	Yes	Can you speak English? Okay son, you're arrested. Arrest! Dishonesty!
angry_18-35	/datasets/violence/audio/angry_18-35.wav	Yes	And we know where he works!
angry_18-36	/datasets/violence/audio/angry_18-36.wav	Yes	Right there. Well done, you just got yourself arrested.
angry_18-37	/datasets/violence/audio/angry_18-37.wav	Yes	Thanks for watching!
angry_18-4	/datasets/violence/audio/angry_18-4.wav	Yes	Here. My bullshit, this is bullshit. I come in and get my prescription all the fucking time. I don't steal nothing. I'm gonna kiss my ass with that bullshit.
angry_18-5	/datasets/violence/audio/angry_18-5.wav	Yes	Calm down. You ready? You finished? You little sissy, you happy? Look at you, you smug as fuck. There you little bitch.
angry_18-6	/datasets/violence/audio/angry_18-6.wav	Yes	You ha- now you ain't got nothing fucking hard to do! Jump on the motherfuck about 250 news papers! Okay, have a good day! Fuck you John Wayne and you too John Wayne! Have a good day sir! I ain't even have one about- cause I got you guys fucked in the-
angry_18-7	/datasets/violence/audio/angry_18-7.wav	Yes	Yeah, whatever. Even if it's an evening anyway, I'm gonna do better. And I'm gonna fuck with you, nigga lady. With your ugly ass. Thank you, medical care.
angry_18-8	/datasets/violence/audio/angry_18-8.wav	Yes	I'm the bitch!
angry_18-9	/datasets/violence/audio/angry_18-9.wav	Yes	you
angry_19-10	/datasets/violence/audio/angry_19-10.wav	Yes	I'm not taking that.
angry_19-11	/datasets/violence/audio/angry_19-11.wav	Yes	I'm not taking that.
angry_19-12	/datasets/violence/audio/angry_19-12.wav	Yes	I didn't say that.
angry_19-13	/datasets/violence/audio/angry_19-13.wav	Yes	If you don't take it, this will be it.
angry_19-14	/datasets/violence/audio/angry_19-14.wav	Yes	I asked her and I said, put it back, you're causing it.
angry_19-15	/datasets/violence/audio/angry_19-15.wav	Yes	I'm not taking that. I mean how far back do you freaking go?
angry_19-16	/datasets/violence/audio/angry_19-16.wav	Yes	You deaf?
angry_19-17	/datasets/violence/audio/angry_19-17.wav	Yes	I said I'm not taking it.
angry_19-18	/datasets/violence/audio/angry_19-18.wav	Yes	I'll not give it to you, just leave it.
angry_19-2	/datasets/violence/audio/angry_19-2.wav	Yes	Fucking coming out!
angry_19-20	/datasets/violence/audio/angry_19-20.wav	Yes	Check. Check, check, check, cash. I'm not taking it. Right to refuse. I'm not giving to you. Big what?
angry_19-21	/datasets/violence/audio/angry_19-21.wav	Yes	It isn't yours.
angry_19-22	/datasets/violence/audio/angry_19-22.wav	Yes	It isn't yours. I just put it back. I'm not taking it. It's not yours.
angry_19-24	/datasets/violence/audio/angry_19-24.wav	Yes	Thank you.
angry_19-25	/datasets/violence/audio/angry_19-25.wav	Yes	What's my total?
angry_19-26	/datasets/violence/audio/angry_19-26.wav	Yes	What's my total?
angry_19-27	/datasets/violence/audio/angry_19-27.wav	Yes	How do you want the limited?
angry_19-28	/datasets/violence/audio/angry_19-28.wav	Yes	Thank you. Sure.
angry_19-29	/datasets/violence/audio/angry_19-29.wav	Yes	Stop taking it, it's not yours.
angry_19-3	/datasets/violence/audio/angry_19-3.wav	Yes	You were in the public ha- you were in a public place! It doesn't fucking matter! It's against the law to take our picture without our fucking- No it's not! Don't fucking touch me, man! Fucking swear to God!
angry_19-30	/datasets/violence/audio/angry_19-30.wav	Yes	I'm not sure I'll just mind.
angry_19-31	/datasets/violence/audio/angry_19-31.wav	Yes	Can I get a pack of two packs of Prolight 100s? I don't hear what you're saying. I'm saying it isn't yours. Did you understand the question? I think she wanted 100s.
angry_19-32	/datasets/violence/audio/angry_19-32.wav	Yes	Huh? One of my legs? Probably like 100s, yeah. Parliament, right up there?
angry_19-33	/datasets/violence/audio/angry_19-33.wav	Yes	Oh, we're there. To them. You caused it. You're not staying.
angry_19-34	/datasets/violence/audio/angry_19-34.wav	Yes	You've caused...
angry_19-35	/datasets/violence/audio/angry_19-35.wav	Yes	22. It's gonna be 28. 22, 28.
angry_19-36	/datasets/violence/audio/angry_19-36.wav	Yes	Thank you.
angry_19-37	/datasets/violence/audio/angry_19-37.wav	Yes	Thanks for watching!
angry_19-38	/datasets/violence/audio/angry_19-38.wav	Yes	Thanks for watching!
angry_19-39	/datasets/violence/audio/angry_19-39.wav	Yes	Fucking Allah. Allah. You fucking Muslim. Yeah, you got problems lady. I have...
angry_19-4	/datasets/violence/audio/angry_19-4.wav	Yes	Fuck off!
angry_19-40	/datasets/violence/audio/angry_19-40.wav	Yes	Oh yeah, you got serious problems.
angry_19-41	/datasets/violence/audio/angry_19-41.wav	Yes	You got serious problems, lady.
angry_19-42	/datasets/violence/audio/angry_19-42.wav	Yes	Fucking olive get out of here get out of here bitch All right, you're you're what you say
angry_19-43	/datasets/violence/audio/angry_19-43.wav	Yes	I'm telling you I hate you! Good, awesome, awesome, get out of here! You kidding me right now? Oh totally!
angry_19-44	/datasets/violence/audio/angry_19-44.wav	Yes	LOL
angry_19-45	/datasets/violence/audio/angry_19-45.wav	Yes	Oh!
angry_19-46	/datasets/violence/audio/angry_19-46.wav	Yes	Is that yours? Oh, yeah, but we don't know how to do it. Oh, you need some help? You know how to do it? Yeah, this is our stuff.
angry_19-47	/datasets/violence/audio/angry_19-47.wav	Yes	This is yours? Yes.
angry_19-48	/datasets/violence/audio/angry_19-48.wav	Yes	No, it is.
angry_19-49	/datasets/violence/audio/angry_19-49.wav	Yes	This is all ours.
angry_19-50	/datasets/violence/audio/angry_19-50.wav	Yes	All of it. The chairs, the bag, this is all our stuff. My kids, yep, that's my kids. I'm sorry. Yeah.
angry_19-51	/datasets/violence/audio/angry_19-51.wav	Yes	You're no problem.
angry_19-52	/datasets/violence/audio/angry_19-52.wav	Yes	Linda, we didn't bring... It's okay.
angry_19-53	/datasets/violence/audio/angry_19-53.wav	Yes	We'll let it slide, but I'm glad I made it in time. No, I'm not making it slide, I'm telling you. No, you're gonna turn the goddamn camera off. No, no, step away from my shit. How about that?
angry_19-54	/datasets/violence/audio/angry_19-54.wav	Yes	You know what, I will, and then I'm gonna take that camera and put it in the grass, are you gonna like that?
angry_19-55	/datasets/violence/audio/angry_19-55.wav	Yes	Step back.
angry_19-56	/datasets/violence/audio/angry_19-56.wav	Yes	Stop it. Seriously? Yes. Why are you videotaping me right now? You're touching me. Why are you hitting me, lady? No, you're touching me. Why are you hitting me?
angry_19-57	/datasets/violence/audio/angry_19-57.wav	Yes	Don't touch me! Get out of here! Don't touch me! Don't touch me! Wave! What the fuck you doing? You wanna rape me? What are you doing? I'm not touching you! Stop hitting me lady! Oh help me!
angry_19-58	/datasets/violence/audio/angry_19-58.wav	Yes	Stop hitting me lady! Help me! Help me! Help me! Help me! Help me! Help me!
angry_19-59	/datasets/violence/audio/angry_19-59.wav	Yes	Oh, help me. Oh, Mike. Lady, you're scaring me. I know, you're scaring me. You're scaring me too.
angry_19-6	/datasets/violence/audio/angry_19-6.wav	Yes	Fuck!
angry_19-60	/datasets/violence/audio/angry_19-60.wav	Yes	Sir, get away from me. Get away from me, you're scaring me. Why did you come into my room like this? Why did you come into my room?
angry_19-61	/datasets/violence/audio/angry_19-61.wav	Yes	and the three of you threatened me like this. Why did you come in here and threaten me like this? Please get out of my room. Please get out of my room.
angry_19-62	/datasets/violence/audio/angry_19-62.wav	Yes	The hell me? He wants to rape me! I promise I won't squeal on you anymore! I'll do anything you want!
angry_19-63	/datasets/violence/audio/angry_19-63.wav	Yes	Please call the
angry_19-64	/datasets/violence/audio/angry_19-64.wav	Yes	and get out of my room. Please call the cops and get out of my room. I was trying to get out of your room you won't let me. Yeah that's why you were
angry_19-65	/datasets/violence/audio/angry_19-65.wav	Yes	grabbing for the can. Call the cops then. Call the cops then. Get the cops here. I don't have a phone you call. You have a phone right in your hand. Your boyfriend has a phone.
angry_19-66	/datasets/violence/audio/angry_19-66.wav	Yes	Your boyfriend has a phone right there. Call the cops! Are you alright? Please call the cops! Are you alright? Yeah. What the fuck?
angry_19-67	/datasets/violence/audio/angry_19-67.wav	Yes	fucking crocodile tears. I hate you for doing that to me! You better fucking relax! You're fucking going up there! Keep it up! Call the police!
angry_19-68	/datasets/violence/audio/angry_19-68.wav	Yes	Call the police and get out. I never touched her. I never touched her. I never touched her. I never touched her.
angry_19-69	/datasets/violence/audio/angry_19-69.wav	Yes	I never touched her. I never touched her. I never touched her. I opened up my door for you and the three of you come storming in on me.
angry_19-70	/datasets/violence/audio/angry_19-70.wav	Yes	You have no right to be storming in on me like this.
angry_19-71	/datasets/violence/audio/angry_19-71.wav	Yes	in you know what fucking rock yeah I don't the cops coming right now
angry_19-8	/datasets/violence/audio/angry_19-8.wav	Yes	Oh
angry_19-9	/datasets/violence/audio/angry_19-9.wav	Yes	I didn't!
angry_20-1	/datasets/violence/audio/angry_20-1.wav	Yes	30 years ago. The boundary goes from that pole, that pole straight back to the end of your driveway. So how is it that he got every other side?
angry_20-10	/datasets/violence/audio/angry_20-10.wav	Yes	He's 18! I'll call the cops out! He's 18! I'm gonna call him and tell him! Don't film my wife!
angry_20-100	/datasets/violence/audio/angry_20-100.wav	Yes	Hold on, hold on. Shit. Let him go. Let him go. Let him go.
angry_20-101	/datasets/violence/audio/angry_20-101.wav	Yes	Hold on. Y'all I can't get it. I can't get it. I can't get it. I can't get it. I can't get it.
angry_20-104	/datasets/violence/audio/angry_20-104.wav	Yes	Hold on!
angry_20-107	/datasets/violence/audio/angry_20-107.wav	Yes	I'm gonna go in there. I'm gonna go in there. Ha ha ha! I think you've got a sticky seat. Oh, it's a bitch.
angry_20-108	/datasets/violence/audio/angry_20-108.wav	Yes	You gotta stick on some dicks.
angry_20-109	/datasets/violence/audio/angry_20-109.wav	Yes	I'm not telling you! I can't tell you! You're so wrong! You're wrong! You're wrong!
angry_20-11	/datasets/violence/audio/angry_20-11.wav	Yes	This is public property. I can do whatever I want to. She's called a motherfucker! That's what she says! I did not! Thank you very much! I did not swear!
angry_20-110	/datasets/violence/audio/angry_20-110.wav	Yes	You got to be in my family, Jesus! You got to be in my family! You got to be in my family! We should move! We should move!
angry_20-111	/datasets/violence/audio/angry_20-111.wav	Yes	We're just the fuckers, you don't get no ground bitch. You don't get no ground bitch. We don't get no ground bitch. I'm not your bitch. I'm not your bitch.
angry_20-112	/datasets/violence/audio/angry_20-112.wav	Yes	So give it back! Give her back! Give her back! Give her back! Give her back!
angry_20-113	/datasets/violence/audio/angry_20-113.wav	Yes	IN COUNTRY CLUB
angry_20-115	/datasets/violence/audio/angry_20-115.wav	Yes	What? What? I told you I would get you. What? What? What? What? What? I'm not going to let you get in. What? What? What?
angry_20-117	/datasets/violence/audio/angry_20-117.wav	Yes	Why are you?
angry_20-118	/datasets/violence/audio/angry_20-118.wav	Yes	You're videotaping me right now! Why are you hitting me, lady? Why are you hitting me, lady? Don't touch me! Go touch me!
angry_20-119	/datasets/violence/audio/angry_20-119.wav	Yes	What the fuck you doing? Why am I not touching you? Stop hitting me lady! Stop hitting me lady! Help me!
angry_20-12	/datasets/violence/audio/angry_20-12.wav	Yes	you did swear and you said don't get it get off my fucking property don't touch my stuff how many times have I told you nicely not to touch my stuff and I'm like I have not touched your stuff
angry_20-120	/datasets/violence/audio/angry_20-120.wav	Yes	Help me! Help me! Help me! Help me! Oh Mike!
angry_20-121	/datasets/violence/audio/angry_20-121.wav	Yes	Lady you're scaring me. I know you're scaring me. You're scaring me too sir get away from me. Get away from me you're scaring me.
angry_20-122	/datasets/violence/audio/angry_20-122.wav	Yes	Why did you come into my room like this? Why did you come into my room and the three of you threaten me like this? Why did you come in here and threaten me?
angry_20-123	/datasets/violence/audio/angry_20-123.wav	Yes	like this. Please get out of my room. Please get out of my room.
angry_20-124	/datasets/violence/audio/angry_20-124.wav	Yes	I don't have a wheel on you anymore! I'll do anything you want! I'm gonna sit here.
angry_20-125	/datasets/violence/audio/angry_20-125.wav	Yes	Please call the cops and get out of my room.
angry_20-126	/datasets/violence/audio/angry_20-126.wav	Yes	No! I was trying to get out of your room, you won't let me! Yeah, that's why you were grabbing for the can! You won't let me get out of your room! Call the cops then! You won't let me! Call the cops then! Get the...
angry_20-127	/datasets/violence/audio/angry_20-127.wav	Yes	I don't have a phone, you call! You have a phone right in your hand! Your boyfriend has a phone! Your boyfriend has a phone right there! Call the cops! Are you alright?
angry_20-128	/datasets/violence/audio/angry_20-128.wav	Yes	Please call the cops Fucking crocodile tears
angry_20-129	/datasets/violence/audio/angry_20-129.wav	Yes	What the fuck are you doing up there? What are you doing? Keep it up. Call the police. Call the police and get out. Put your hands on her. I never touch.
angry_20-13	/datasets/violence/audio/angry_20-13.wav	Yes	once I didn't go by your husband's truck when so ever what is right here my
angry_20-130	/datasets/violence/audio/angry_20-130.wav	Yes	Both of them I never touched, you never made client burn
angry_20-131	/datasets/violence/audio/angry_20-131.wav	Yes	I opened up my door for you and the three of you come storming in on me. You have no right to be storming in on me like this. You have no right to be storming in on me like this.
angry_20-132	/datasets/violence/audio/angry_20-132.wav	Yes	Storming in on me like this. Just get the fuck out of here. You have no right to be storming in on me like this. I'm not storming in. You know what? I need to fucking rock this shit, man. Count on the cops coming. Count on it right now.
angry_20-133	/datasets/violence/audio/angry_20-133.wav	Yes	Get over here, you! The fuck is wrong with you?
angry_20-134	/datasets/violence/audio/angry_20-134.wav	Yes	It's not vandalism, it's my own car.
angry_20-135	/datasets/violence/audio/angry_20-135.wav	Yes	Those are my luggage right there. That's Ashley Jennifer Levitt.
angry_20-136	/datasets/violence/audio/angry_20-136.wav	Yes	Today is 5, 6, 12 and she just vandalized it, vandalized her own property maliciously.
angry_20-137	/datasets/violence/audio/angry_20-137.wav	Yes	And I'm not gonna say anything. I'm just gonna let you watch what she's doing
angry_20-138	/datasets/violence/audio/angry_20-138.wav	Yes	76
angry_20-139	/datasets/violence/audio/angry_20-139.wav	Yes	You hit me with that glass.
angry_20-14	/datasets/violence/audio/angry_20-14.wav	Yes	Yes, your lawnmower right here. My husband's truck right here. You did Okay, then
angry_20-140	/datasets/violence/audio/angry_20-140.wav	Yes	I'll sue you. I'm recording you right now.
angry_20-141	/datasets/violence/audio/angry_20-141.wav	Yes	Awesome.
angry_20-142	/datasets/violence/audio/angry_20-142.wav	Yes	Good job! You just destroyed our vehicle. I got money coming in, I ain't nothing to me.
angry_20-143	/datasets/violence/audio/angry_20-143.wav	Yes	See what she said.
angry_20-144	/datasets/violence/audio/angry_20-144.wav	Yes	Thank you for watching!
angry_20-145	/datasets/violence/audio/angry_20-145.wav	Yes	Thank you for watching!
angry_20-146	/datasets/violence/audio/angry_20-146.wav	Yes	If you touch my things or me, you're going away.
angry_20-147	/datasets/violence/audio/angry_20-147.wav	Yes	Thanks for watching!
angry_20-148	/datasets/violence/audio/angry_20-148.wav	Yes	Thanks for watching!
angry_20-149	/datasets/violence/audio/angry_20-149.wav	Yes	Are you going to pay for this?
angry_20-15	/datasets/violence/audio/angry_20-15.wav	Yes	Can you guys cut your lawn? Or I can call the city on this. Go ahead! I don't care! Go ahead! You have a survey too! Get it! Your survey's wrong! Steven!
angry_20-150	/datasets/violence/audio/angry_20-150.wav	Yes	your rent Ashley are you gonna pay our half your half you're not gonna pay your half of the rent are you you're contractually obligated from the lease to pay
angry_20-151	/datasets/violence/audio/angry_20-151.wav	Yes	You're half of the rent. I talked to Jeff today. He's aware. It's not funny, Ashley.
angry_20-152	/datasets/violence/audio/angry_20-152.wav	Yes	What you're doing right now is crazy. I don't think anybody would disagree with that. This is our property you're destroying.
angry_20-153	/datasets/violence/audio/angry_20-153.wav	Yes	Thanks for watching!
angry_20-154	/datasets/violence/audio/angry_20-154.wav	Yes	She's destroying our vehicle. You see that shit? See how crazy that is? I'm recording it all.
angry_20-155	/datasets/violence/audio/angry_20-155.wav	Yes	And now I got your truck on videotape as an eyewitness And if you touch anything that's mine, I'm suing you Yeah
angry_20-156	/datasets/violence/audio/angry_20-156.wav	Yes	It's in both of our names, it's my shit I can destroy it. Boy you're crazy. 4K40883 Ford.
angry_20-157	/datasets/violence/audio/angry_20-157.wav	Yes	Alright, well, I think we all know where this is going.
angry_20-158	/datasets/violence/audio/angry_20-158.wav	Yes	She's probably gonna hurt me after this
angry_20-159	/datasets/violence/audio/angry_20-159.wav	Yes	Thanks for watching!
angry_20-16	/datasets/violence/audio/angry_20-16.wav	Yes	Let's go.
angry_20-160	/datasets/violence/audio/angry_20-160.wav	Yes	Fucking coming at me!
angry_20-161	/datasets/violence/audio/angry_20-161.wav	Yes	and take fucking pictures! You are in the public ha- you're in a public place! It doesn't fucking matter! It's against the law to take our picture without our fucking- No it's not! Don't fucking touch me, man! Fucking swear to God!
angry_20-162	/datasets/violence/audio/angry_20-162.wav	Yes	Fuck off!
angry_20-164	/datasets/violence/audio/angry_20-164.wav	Yes	Fuck!
angry_20-166	/datasets/violence/audio/angry_20-166.wav	Yes	Oh
angry_20-167	/datasets/violence/audio/angry_20-167.wav	Yes	¡Mierda loco! ¡Pone el Youtube! ¡Lo estoy haciendo yo!
angry_20-168	/datasets/violence/audio/angry_20-168.wav	Yes	Oh shit, what are you doing? Come on, it's ladies' day. Let's go back in.
angry_20-169	/datasets/violence/audio/angry_20-169.wav	Yes	Get out of here, come on. We're going to that, please. She's got niggas, yo! Get out of here. She's got niggas, yo! She's got niggas, yo! Yo, why you got no, why you got type of old shirts? That's it. Yo, peace.
angry_20-17	/datasets/violence/audio/angry_20-17.wav	Yes	Go ahead. I have my my end of the deal is done. I got my deal right here. If you want to dispute that this is yours, then get get the city to come in. I will.
angry_20-170	/datasets/violence/audio/angry_20-170.wav	Yes	Come on. Yo my man Tips and shit Doritos
angry_20-172	/datasets/violence/audio/angry_20-172.wav	Yes	Oh, wow, you wildin'! Wow! Hey, you gotta pay for that! Yo, he just robbed it, yo, please! Hey, yo! Yo, that nigga just robbed Al Quizi, yo!
angry_20-173	/datasets/violence/audio/angry_20-173.wav	Yes	Yo, can you say something for the camera?
angry_20-174	/datasets/violence/audio/angry_20-174.wav	Yes	Hey yo! Hey yo smile for the camera son!
angry_20-175	/datasets/violence/audio/angry_20-175.wav	Yes	You stole them chips! Don't worry!
angry_20-176	/datasets/violence/audio/angry_20-176.wav	Yes	I'm not taking that.
angry_20-177	/datasets/violence/audio/angry_20-177.wav	Yes	I've not taken that.
angry_20-178	/datasets/violence/audio/angry_20-178.wav	Yes	I didn't say that.
angry_20-179	/datasets/violence/audio/angry_20-179.wav	Yes	If you don't take it, this will...
angry_20-18	/datasets/violence/audio/angry_20-18.wav	Yes	I don't want you either and I don't want you either. You wanna split the cost? Since he doesn't wanna talk, at least you're calm enough to talk to him. Thank you. If you wanna split the cost of... If you wanna split the cost of...
angry_20-180	/datasets/violence/audio/angry_20-180.wav	Yes	I asked for it and I said, put it back, you're pausing it.
angry_20-181	/datasets/violence/audio/angry_20-181.wav	Yes	I'm not taking that. I mean, how far back do you freaking go?
angry_20-182	/datasets/violence/audio/angry_20-182.wav	Yes	I said I'm not taking it. I'm not giving it to you, just leaving it.
angry_20-183	/datasets/violence/audio/angry_20-183.wav	Yes	� Just leave the stock
angry_20-184	/datasets/violence/audio/angry_20-184.wav	Yes	Check. Check, check, check, cash. I'm not taking it. Right to refuse. I'm not gonna do it. You're gonna do it. Big what?
angry_20-185	/datasets/violence/audio/angry_20-185.wav	Yes	It isn't yours.
angry_20-186	/datasets/violence/audio/angry_20-186.wav	Yes	Is it yours? I'll just put it in the bag.
angry_20-187	/datasets/violence/audio/angry_20-187.wav	Yes	I'm not taking it, it's not yours.
angry_20-188	/datasets/violence/audio/angry_20-188.wav	Yes	Thank you.
angry_20-19	/datasets/violence/audio/angry_20-19.wav	Yes	I'm not touching his phone. He has no right to videotape me. If you want to split the cost of getting the city to surveil, not even a private guy. Because this isn't even a private guy. This guy has nothing to do with me.
angry_20-190	/datasets/violence/audio/angry_20-190.wav	Yes	Thank you.
angry_20-191	/datasets/violence/audio/angry_20-191.wav	Yes	What's my total?
angry_20-192	/datasets/violence/audio/angry_20-192.wav	Yes	What's my total? You say it during the learnings.
angry_20-193	/datasets/violence/audio/angry_20-193.wav	Yes	How do you want the $1.90 for this? In the pink of pink cigars.
angry_20-194	/datasets/violence/audio/angry_20-194.wav	Yes	Sure.
angry_20-195	/datasets/violence/audio/angry_20-195.wav	Yes	It's not taken, it's not yours. I'm not sure, is this mine?
angry_20-196	/datasets/violence/audio/angry_20-196.wav	Yes	Can I get a pack of two packs of ProLight 100s? I don't care what you're saying. I'm saying it isn't yours. Do you want the super fresh? I think she wants the ProLight 100s.
angry_20-197	/datasets/violence/audio/angry_20-197.wav	Yes	Huh? One of them will last. Probably like 100s, yeah. Parliament, right up there.
angry_20-198	/datasets/violence/audio/angry_20-198.wav	Yes	Oh, we're there. To them? You caused it. So they're giving them to you. You're not staying.
angry_20-199	/datasets/violence/audio/angry_20-199.wav	Yes	22. It's going to be 28. 22, 28.
angry_20-2	/datasets/violence/audio/angry_20-2.wav	Yes	right except for yours that's what I want you to tell that explain to me what do you want me to do move our house over
angry_20-20	/datasets/violence/audio/angry_20-20.wav	Yes	didn't even hire him the bank hired him so it had nothing to do with me to begin with okay if you want to get a private guy to come in and survey it that's fine I'll have this city come in
angry_20-200	/datasets/violence/audio/angry_20-200.wav	Yes	ご視聴ありがとうございました
angry_20-201	/datasets/violence/audio/angry_20-201.wav	Yes	Thanks for watching!
angry_20-202	/datasets/violence/audio/angry_20-202.wav	Yes	Fucking Allah, Allah, you fucking Muslim. Yeah, you got problems lady.
angry_20-203	/datasets/violence/audio/angry_20-203.wav	Yes	Oh yeah, you got serious problems.
angry_20-204	/datasets/violence/audio/angry_20-204.wav	Yes	You got serious problems, lady.
angry_20-205	/datasets/violence/audio/angry_20-205.wav	Yes	Fucking olive! Get outta here! Get outta here, bitch!
angry_20-206	/datasets/violence/audio/angry_20-206.wav	Yes	Get the fuck out! You're the one outside! I don't hear what you say!
angry_20-207	/datasets/violence/audio/angry_20-207.wav	Yes	I'm telling you I hate you! Good, awesome, awesome, get out of here! You kidding me right now? Oh, totally!
angry_20-208	/datasets/violence/audio/angry_20-208.wav	Yes	laughing
angry_20-21	/datasets/violence/audio/angry_20-21.wav	Yes	We've been living here for 30 years and I've never had a... Okay so no one said anything to you. You're the only idiot that comes...
angry_20-22	/datasets/violence/audio/angry_20-22.wav	Yes	What's up, Bubba? How you doing?
angry_20-23	/datasets/violence/audio/angry_20-23.wav	Yes	What kind of balls do you shoot? Me? I don't know. I got this in my pocket.
angry_20-24	/datasets/violence/audio/angry_20-24.wav	Yes	Who owns this ball right there? Top foot. It's not me, bubba. Huh?
angry_20-25	/datasets/violence/audio/angry_20-25.wav	Yes	mine. Is it one of them fellas?
angry_20-26	/datasets/violence/audio/angry_20-26.wav	Yes	Maybe. Maybe, I was sitting on my back porch on the screen and that thing comes flying through me through the ball of it. Something came through like that. I don't remember what ball, it might be mine.
angry_20-27	/datasets/violence/audio/angry_20-27.wav	Yes	Well, if you can't shoot straight, you ain't got no been a shooting on this golf course, because it went through my screen. That's part of golf.
angry_20-28	/datasets/violence/audio/angry_20-28.wav	Yes	I'm gonna go fix my screen.
angry_20-29	/datasets/violence/audio/angry_20-29.wav	Yes	Yes, you are too, because I'm gonna watch you and I'm gonna get in the lawn.
angry_20-3	/datasets/violence/audio/angry_20-3.wav	Yes	I didn't take advantage of anybody
angry_20-30	/datasets/violence/audio/angry_20-30.wav	Yes	I will. What did I do wrong?
angry_20-31	/datasets/violence/audio/angry_20-31.wav	Yes	You live, you live, you live on a golf course.
angry_20-32	/datasets/violence/audio/angry_20-32.wav	Yes	I don't give a damn who I live with. If I do it on your stuff, I'd pay for it.
angry_20-33	/datasets/violence/audio/angry_20-33.wav	Yes	Don't sir, don't sir me. You just drove on the grass. You gonna pay $2,000 to repair the gas? Yes, yeah.
angry_20-34	/datasets/violence/audio/angry_20-34.wav	Yes	You don't grab on the grass, do you?
angry_20-35	/datasets/violence/audio/angry_20-35.wav	Yes	Who are you kidding? I've just seen you drive on the ground. I drive... oh god. I drive anywhere I want to go. That's fine.
angry_20-36	/datasets/violence/audio/angry_20-36.wav	Yes	I don't remember my ball in it. I'm going to let go of course. And I'm going to get you a life attack when you leave.
angry_20-37	/datasets/violence/audio/angry_20-37.wav	Yes	I didn't drive here.
angry_20-38	/datasets/violence/audio/angry_20-38.wav	Yes	Well, you, you, you, you, you...
angry_20-39	/datasets/violence/audio/angry_20-39.wav	Yes	WALKIN' UP FI-
angry_20-4	/datasets/violence/audio/angry_20-4.wav	Yes	You talk to her where? I have proof at my house. I got time. I don't have time for this. You don't have time. No, I don't.
angry_20-40	/datasets/violence/audio/angry_20-40.wav	Yes	I don't care if you ride with somebody. Don't tell. I'll get a cab. Well, I'll call it. OK. What are you going to do? I don't understand. I don't believe that if you damage something that you
angry_20-41	/datasets/violence/audio/angry_20-41.wav	Yes	You don't want pay for it. It's sort of, that's why you have to be sure.
angry_20-42	/datasets/violence/audio/angry_20-42.wav	Yes	It costs 500 dollars big
angry_20-43	/datasets/violence/audio/angry_20-43.wav	Yes	You think that they gonna, I'm gonna pay $500 to get a screen with this? Listen, I'm not here.
angry_20-44	/datasets/violence/audio/angry_20-44.wav	Yes	I'm sorry, I'm sorry my ball went to the left. Well if you shoot you should be able to shoot straight. I wish I could. Look, don't be shooting on the damn golf course.
angry_20-45	/datasets/violence/audio/angry_20-45.wav	Yes	Sir, that's how we practice. Oh yeah, you practicing messing my screen up. I don't practice messing your screen up. I try to shoot straight. You hit it real hard because I was setting the whole back.
angry_20-46	/datasets/violence/audio/angry_20-46.wav	Yes	with. Bam, bam, bam. Scientifically speaking, yeah, it does go hard.
angry_20-47	/datasets/violence/audio/angry_20-47.wav	Yes	Yeah, the driver.
angry_20-48	/datasets/violence/audio/angry_20-48.wav	Yes	fast, the ball takes off. Where it goes past that. No, no, no, I'm gonna watch it when you leave. I'm gonna follow you. I'm telling you, I didn't drive. If you follow me, I will call the police.
angry_20-49	/datasets/violence/audio/angry_20-49.wav	Yes	I don't give a damn who you call, I got the balls where you pull my strings. What's going on YouTube? And I guarantee you that the balls won't come up to me. I had the shot of my career.
angry_20-5	/datasets/violence/audio/angry_20-5.wav	Yes	You're the one who asked me about this. I don't like your wife coming and attacking my son and swearing up a storm like that. I'm like, talking like I don't care.
angry_20-50	/datasets/violence/audio/angry_20-50.wav	Yes	That's part of living on the golf course. No, it is not. Then I will speak with the golf course.
angry_20-51	/datasets/violence/audio/angry_20-51.wav	Yes	Alright. Okay.
angry_20-52	/datasets/violence/audio/angry_20-52.wav	Yes	Does he have camera? Is he a videotape of it?
angry_20-53	/datasets/violence/audio/angry_20-53.wav	Yes	Huh? Evidence.
angry_20-54	/datasets/violence/audio/angry_20-54.wav	Yes	Whatever then. What the hell is that?
angry_20-55	/datasets/violence/audio/angry_20-55.wav	Yes	Anybody that shoots and tear up somebody's stuff, they're going to have to pay for it. Yeah. I would pay for it if I tore your stuff up. I'd make you pay for it though.
angry_20-56	/datasets/violence/audio/angry_20-56.wav	Yes	golf course you know
angry_20-57	/datasets/violence/audio/angry_20-57.wav	Yes	There's no golf course in Chatham. Golf course ain't shootin' a ball. It's almost like if you live on the ocean.
angry_20-58	/datasets/violence/audio/angry_20-58.wav	Yes	You have a dog that goes in the water and gets eaten by a shark. I thought you were good, man. I shanked it.
angry_20-59	/datasets/violence/audio/angry_20-59.wav	Yes	You play golf? You golf at all? No, I do not, because I got bad legs.
angry_20-6	/datasets/violence/audio/angry_20-6.wav	Yes	Get off my...
angry_20-60	/datasets/violence/audio/angry_20-60.wav	Yes	We'll have to play out at Luke's the 9 hole and I'll walk and pull the car
angry_20-61	/datasets/violence/audio/angry_20-61.wav	Yes	Are you alright? I never have to lay down on this golf course. You never hitting up the wild or nothing like that when we're golfing? I put plenty in the water.
angry_20-62	/datasets/violence/audio/angry_20-62.wav	Yes	That's what we're saying man. We're not trying to ruin your day or anything like that. You boys are something else. We're just having a good time. You want to tear up stuff but you don't want to...
angry_20-63	/datasets/violence/audio/angry_20-63.wav	Yes	How much is it to repay that type of deal? I don't have no idea.
angry_20-64	/datasets/violence/audio/angry_20-64.wav	Yes	How much it cost? What does it cost? It cost me $900 to get to the top.
angry_20-65	/datasets/violence/audio/angry_20-65.wav	Yes	Well, what's it cost to replace a little piece of this green one? A little piece. What do you do, how much did you rip off? It's about, uh... It's one little square, right? No...
angry_20-66	/datasets/violence/audio/angry_20-66.wav	Yes	I mean it couldn't have went through the whole goddamn screen, motherfucking thing, right? It went through the screen and it's about...
angry_20-67	/datasets/violence/audio/angry_20-67.wav	Yes	6 foot, 6 foot, 6 feet. You cannot patch that. You gotta put the whole thing in. You come in and put the new deal in. How about you in the screen? Yeah, I mean.
angry_20-68	/datasets/violence/audio/angry_20-68.wav	Yes	I'll buy you a new screen. Go ahead. Whatever you want.
angry_20-69	/datasets/violence/audio/angry_20-69.wav	Yes	I live at 163 11 East school. I'm not going over there.
angry_20-7	/datasets/violence/audio/angry_20-7.wav	Yes	That's why! He was what? He brought your mom over and wrecked it this far away from us.
angry_20-70	/datasets/violence/audio/angry_20-70.wav	Yes	I'll drop it off at the golf course. I'll drop this fan.
angry_20-71	/datasets/violence/audio/angry_20-71.wav	Yes	Hey, hey, hey, hey! Follow me. Mama! If you follow, I'll give you a little proof. Hey! What proof do you have? Hey! Hey, hey, hey, hey, hey, hey, hey! Relax. You're following me. Mama! If you, if you follow me... Hey! What, what proof do you have? Hey! My fingerprint's out. Hey, hey, hey, hey, hey, hey, hey, hey, hey! Relax!
angry_20-72	/datasets/violence/audio/angry_20-72.wav	Yes	You know it, you already committed. Hey, Papa! Don't talk to me, I'm talking to him. I'm talking to you, how much does that cost? I didn't do nothing, but I'm asking you how much.
angry_20-73	/datasets/violence/audio/angry_20-73.wav	Yes	I'm gonna tell you something. I don't know if it's my fault. It's my business because you're stopping me right now on the fucking course. That's why it's my fucking business, guy. Fucking guy.
angry_20-74	/datasets/violence/audio/angry_20-74.wav	Yes	אני לא נהגתי. אתה עשה מחדיאם? אני עשה מחדיאם, אני לא נהגתי. תודה, זו שכבר 2.0
angry_20-75	/datasets/violence/audio/angry_20-75.wav	Yes	אני לא נהגתי כן זה תעודש שלי אבל אני לא נוהג מצאתם אותי ברחוב בסדר בסדר בסדר בסדר אני חושבת על זה מצאתם אותי עד מה אתה מצלם
angry_20-76	/datasets/violence/audio/angry_20-76.wav	Yes	אתם מצלם, אתם צולצים עליי, מה יש לכם? מה יש לכם? תרביץ, תרביץ! תרביץ, תרביץ, תרביץ!
angry_20-77	/datasets/violence/audio/angry_20-77.wav	Yes	Yeah, yeah, yeah, yeah, yeah.
angry_20-78	/datasets/violence/audio/angry_20-78.wav	Yes	Oh!
angry_20-79	/datasets/violence/audio/angry_20-79.wav	Yes	Is that yours? Oh, you need some help?
angry_20-8	/datasets/violence/audio/angry_20-8.wav	Yes	He knows what he's doing! Really? Then why do I yell at him? I don't know why you yell at me! I don't wanna see him! So your argument is that your son was on my property?
angry_20-80	/datasets/violence/audio/angry_20-80.wav	Yes	Do you know how to do it? Yeah, this is our stuff.
angry_20-81	/datasets/violence/audio/angry_20-81.wav	Yes	This is yours? Yes. Wait a minute. This is ours. No, it is. This is all ours.
angry_20-82	/datasets/violence/audio/angry_20-82.wav	Yes	All of it. The chairs, the bags, all our stuff. My kids, yep that's my kids. I'm sorry.
angry_20-83	/datasets/violence/audio/angry_20-83.wav	Yes	Yeah.
angry_20-84	/datasets/violence/audio/angry_20-84.wav	Yes	Linda, we didn't bring... It's okay.
angry_20-85	/datasets/violence/audio/angry_20-85.wav	Yes	We'll let it slide, but I'm glad I made it in time. No, I'm not making it slide, I'm telling you. No, there's...
angry_20-86	/datasets/violence/audio/angry_20-86.wav	Yes	No, no step away from my shit. How about that?
angry_20-87	/datasets/violence/audio/angry_20-87.wav	Yes	what I will and then I'm going to take that camera and put it in the grass or even like that.
angry_20-88	/datasets/violence/audio/angry_20-88.wav	Yes	Step back.
angry_20-89	/datasets/violence/audio/angry_20-89.wav	Yes	Stop it.
angry_20-9	/datasets/violence/audio/angry_20-9.wav	Yes	Now it's just that he knows what he's doing. I'm not going to allow you to tell him what he's done! What are you going to do?
angry_20-90	/datasets/violence/audio/angry_20-90.wav	Yes	Seriously.
angry_20-91	/datasets/violence/audio/angry_20-91.wav	Yes	Come on, get your pants on, please step out. Come on, come on. Get your pants on. Get your pants on.
angry_20-92	/datasets/violence/audio/angry_20-92.wav	Yes	I can't get it back! I can't get it back! I got it! I got it! I got it!
angry_20-93	/datasets/violence/audio/angry_20-93.wav	Yes	Oh
angry_20-94	/datasets/violence/audio/angry_20-94.wav	Yes	Ah! Damn! Damn! Oh, shit! Oh, shit! Ah!
angry_20-96	/datasets/violence/audio/angry_20-96.wav	Yes	I got you! I got you!
angry_20-97	/datasets/violence/audio/angry_20-97.wav	Yes	You got one<|es|>
angry_20-98	/datasets/violence/audio/angry_20-98.wav	Yes	Ha ha ha! Ha ha ha! Oh shit! Watch out!
angry_20-99	/datasets/violence/audio/angry_20-99.wav	Yes	Debut lasts for almost 24 hours...
angry_21-1	/datasets/violence/audio/angry_21-1.wav	Yes	Currently Film раза von 200 Menschen in den呼ulseiten Gründen cyklischnotabilir learns in abdamn urbanen K 예� Barbara arguably sieht nur daran aus, dass sie пожалуйста sunt!
angry_21-10	/datasets/violence/audio/angry_21-10.wav	Yes	I'm tired of fighting now. I'm tired of live fighting. I like Korean food. We're not issue here. I asked her.
angry_21-11	/datasets/violence/audio/angry_21-11.wav	Yes	I'm sorry, do you think I'm a little bit of a love-lifeline? I'm the conductor. Where do you think I was? I have permission to stop the train already. And that's the end of this. We do the language stop.
angry_21-12	/datasets/violence/audio/angry_21-12.wav	Yes	The language how soft, but how jerry-pick-oes being profane. I'm sorry, please repeat the words I was being profane with.
angry_21-13	/datasets/violence/audio/angry_21-13.wav	Yes	I found that from your mouth. From my mouth? Excuse me, do you have a well-educated audience? And you think I was talking to them in a private conversation to my friend?
angry_21-14	/datasets/violence/audio/angry_21-14.wav	Yes	about something. Being mad, she is now becoming loud and ivory. The river is too deep, I'm going to stop the train and have a look. I'm sorry, please stop the train then. Please.
angry_21-15	/datasets/violence/audio/angry_21-15.wav	Yes	Please stop the train. I would prefer not to. No, you are entertaining us. I ride this train all the time. In the morning? To work?
angry_21-16	/datasets/violence/audio/angry_21-16.wav	Yes	and from work all the time, and all the metronome to my parents house in Garrison. But you claim that I, oh, I touched you, oh I'm sorry, now I need to be done.
angry_21-17	/datasets/violence/audio/angry_21-17.wav	Yes	Alright, please pick me up. I do not I want my money back providing this train. Don't put your hands on me Actually, I would prefer to have my money back
angry_21-18	/datasets/violence/audio/angry_21-18.wav	Yes	Get the Metro North and buy money. Don't touch me. That's number one. I don't need to touch you. Get away from me. Get away from me. I was on my way walking away from you.
angry_21-19	/datasets/violence/audio/angry_21-19.wav	Yes	Please go away. No, we're going together. Let's go. I would like my money back for riding this trip to wherever the next trip is. What's the first?
angry_21-20	/datasets/violence/audio/angry_21-20.wav	Yes	No, do not tell me I'm not a crazy person. I'm a very well-educated person
angry_21-23	/datasets/violence/audio/angry_21-23.wav	Yes	That's why people work at this place.
angry_21-24	/datasets/violence/audio/angry_21-24.wav	Yes	GOBBIL ways vendors
angry_21-25	/datasets/violence/audio/angry_21-25.wav	Yes	Hey, you're good, dude. Damn, your pupils is big as fuck. Bro, you're good. I did drugs. You did drugs? What kind of drugs did you do? LSD and ecstasy. I told you!
angry_21-26	/datasets/violence/audio/angry_21-26.wav	Yes	It was on acid, god damn it. Dude, it's okay. You're gonna be fine, bro. Hold on, fool. You're gonna be fine. Oh! Oh! I can't.
angry_21-27	/datasets/violence/audio/angry_21-27.wav	Yes	What is going on? Yo, so this guy is hella freaking out and he's on drugs and he needs help. You're wasting memory on your phone. I'm not wasting memory.
angry_21-28	/datasets/violence/audio/angry_21-28.wav	Yes	This is classic, dude. I'm gonna remember this forever.
angry_21-29	/datasets/violence/audio/angry_21-29.wav	Yes	I'm about okay, he's mom. Yeah, I'm gonna go help him. Bro, you're good bro!
angry_21-3	/datasets/violence/audio/angry_21-3.wav	Yes	Und du kannst die Kamera nicht mehr lesen, das ist wie ein Rektor. Dann hast du es wurscht. Ihr lasst es euch sagen. Ihr könnt jeden den Motor.
angry_21-30	/datasets/violence/audio/angry_21-30.wav	Yes	I'm really just not feeling this one. I'm about to die. You guys, I'm freaking out. Dude, you're good, bro. I'm freaking out. I think I'm...
angry_21-31	/datasets/violence/audio/angry_21-31.wav	Yes	You're not going to die, I promise. I don't know where I am. You're not going to die. I promise, I have no idea.
angry_21-32	/datasets/violence/audio/angry_21-32.wav	Yes	where I am. You're at the water park, waiting wild. Fuck. Are you alright man? Fuck, no, I'm not. I just almost died.
angry_21-33	/datasets/violence/audio/angry_21-33.wav	Yes	You're not gonna die, dude, I promise. Yeah, no, I'm freaking out. Why are you freaking out? I don't know, no, I need to go to a hospital. You need to go to a hospital. Mom, someone, help me, help me, help me!
angry_21-34	/datasets/violence/audio/angry_21-34.wav	Yes	Help me, help me, help me, I'm freaking out! How about the water park, White and Wild? I'll have something to eat at White and Wild, yeah.
angry_21-35	/datasets/violence/audio/angry_21-35.wav	Yes	You gotta send me that video real quick. My dumbass is not.
angry_21-5	/datasets/violence/audio/angry_21-5.wav	Yes	Und so bleibt es auch noch. Ja, ich bin mir jetzt aufs Schnellfahren. Ich bin jetzt langsam gefahren, aber ich bin schnell. Ja, muss ich. Schnell, dem Haken.
angry_21-9	/datasets/violence/audio/angry_21-9.wav	Yes	Excuse me, do you know what schools have been doing to help women? Sorry, I'm out. First of all, I was not... The only reason to... I'm sorry. I'm confused. You're out if you're not so mean.
noviolence_01-1	/datasets/violence/audio/noviolence_01-1.wav	No	Hey guys, Rafe here from Evolvmue Play. Today I'm here with the Sturrets, Juliette and Kelly. These guys are some of my best friends in the movement world. Way back when...
noviolence_01-10	/datasets/violence/audio/noviolence_01-10.wav	No	that for years. You've worked with Karl Powley with the gymnastics stuff, you've done some parkour and
noviolence_01-100	/datasets/violence/audio/noviolence_01-100.wav	No	seeing and so you know and it's all compounded it's the food it's the sedentary and we've seen this in the Marines the you know the wheat because we get to see so many broad communities
noviolence_01-101	/datasets/violence/audio/noviolence_01-101.wav	No	and so many disparate communities. Everyone's talking about the same thing. The young Marines who come in now, they're like, they're not off the farm, they cannot work, they have terrible mechanics, their feet are already collapsed.
noviolence_01-102	/datasets/violence/audio/noviolence_01-102.wav	No	And then we're like, okay, let's do the things that we know we need to do to be soldiers and it's a disaster Well, and you think I mean we've worked with a bunch of professional athletes like Seahawks level athletes who
noviolence_01-103	/datasets/violence/audio/noviolence_01-103.wav	No	go to their two-a-day practices and sit for every other. I mean, these are professional athletes. They're in the film room all day long. They're flying all day long. And it's not just...
noviolence_01-104	/datasets/violence/audio/noviolence_01-104.wav	No	in that environment though because that's what they were doing in high school, right? They were specialized middle school. It's over and over again. So we're essentially taking...
noviolence_01-105	/datasets/violence/audio/noviolence_01-105.wav	No	making human children and saying just don't behave like a human. Well, let's not say human children. Let's say we're finally having a philosophical debate about what it means to be human.
noviolence_01-106	/datasets/violence/audio/noviolence_01-106.wav	No	What it means is, do you understand what a good spinal position is? You know, some physios have come at us lately from Australia and New Zealand, and they're like, hey look.
noviolence_01-107	/datasets/violence/audio/noviolence_01-107.wav	No	There is no correlation between postural dysfunction and pain. And I was like, hey, who's talking about pain here? What I can tell you is that your airway is compromised.
noviolence_01-108	/datasets/violence/audio/noviolence_01-108.wav	No	You can't put your shoulders over your head. Yeah, it may or may not cause pain, but that is the least of the conversation May or may not cause pain today, but what are we talking about? It may or may not. 30 years. It may or may not.
noviolence_01-109	/datasets/violence/audio/noviolence_01-109.wav	No	not cause pain under the metrics that we're looking at in that sample size. But ask yourself, how does it feel, right? Or how functional is it?
noviolence_01-11	/datasets/violence/audio/noviolence_01-11.wav	No	That's wonderful to me to see people who have that kind of broad spectrum movement. I'm curious, at this stage in your careers and your lives, what your movement practice looks like right now. Oh, it's simple.
noviolence_01-110	/datasets/violence/audio/noviolence_01-110.wav	No	Show me your backflip. Show me your arms are over the head. So what I think is happening is we're starting to all agree on a language of the spine and a language of the shoulder.
noviolence_01-111	/datasets/violence/audio/noviolence_01-111.wav	No	And we're saying if these are the things that we should be able to should be able to hit Panjsh build a squash build a somersault
noviolence_01-112	/datasets/violence/audio/noviolence_01-112.wav	No	Why can't you do a handstand yet? You know what I mean? There's some fundamental pieces that make us human.
noviolence_01-113	/datasets/violence/audio/noviolence_01-113.wav	No	And I think what's happening now is we can start to have a greater conversation about saying, what is it about the environment that isn't reflected in the physiology and more important
noviolence_01-114	/datasets/violence/audio/noviolence_01-114.wav	No	the movement because that's the thing that we are movement animals. Yeah absolutely. What we saw at our kids school because we volunteer at field day every year because it's super fun is we like to do
noviolence_01-115	/datasets/violence/audio/noviolence_01-115.wav	No	the sack races and we saw a lot of the kids literally lacked the range of motion to get into the sack. They couldn't put their hip up. They couldn't bring their hip to gear to get the sack up. They didn't have hip range of motion. And then...
noviolence_01-116	/datasets/violence/audio/noviolence_01-116.wav	No	I mean then it was a whole different story when we actually got them to try to jump. I mean a lot of the kids literally didn't have enough hip extension to jump. I mean you know every kid should be able to do a sac race like it's their jump.
noviolence_01-117	/datasets/violence/audio/noviolence_01-117.wav	No	You know, and we try to throw in little things like do a forward roll and, you know, with the sack on and, you know, maybe only 10% of the kids could actually do a forward roll. You know, a lot of kids would just kind of fall and, you know, squirm around on the ground.
noviolence_01-118	/datasets/violence/audio/noviolence_01-118.wav	No	And that was what was, you know, because the only thing in their life that could cause that kind of orthopedic dysfunction is sitting too much. So we had this moment where we were like, oh my god, why did I...
noviolence_01-119	/datasets/violence/audio/noviolence_01-119.wav	No	didn't we realize this earlier? You know, we've been telling everybody you can't sit and we've been talking to professional teams and military and getting all these cool photos from people all over the world have created these makeshift standing desk.
noviolence_01-12	/datasets/violence/audio/noviolence_01-12.wav	No	The evolutions, you go back to bicep curls, we're doing 21s. Yeah, yeah, yeah. For time. Lots of abs. You know, what's interesting, Juliette and I spent.
noviolence_01-120	/datasets/violence/audio/noviolence_01-120.wav	No	And then we're just carting our own kids off and they're sitting all day at school. So we were kind of horrified when we realized that. With our 10 year old now, Georgia started to walk more and more like a duck. And she was basically...
noviolence_01-121	/datasets/violence/audio/noviolence_01-121.wav	No	growing like a weed and starting to solve mechanical problems. She was starting to self organize in a critically difficult way. And this is just going to be an ACL statistic. I guarantee you higher Q angle than my other dog.
noviolence_01-122	/datasets/violence/audio/noviolence_01-122.wav	No	right? Georgia or Carolina and Juliet, they're almost varus in their like bow-legged like torque pigs that you guys are.
noviolence_01-123	/datasets/violence/audio/noviolence_01-123.wav	No	And then, George and I have a higher cue angle, right? Yeah. But there she was, twisting. We were taking her to a rolfer. We were trying to move. And it was only until we removed the noxious stem.
noviolence_01-124	/datasets/violence/audio/noviolence_01-124.wav	No	sitting that we literally have started to see her unwind.
noviolence_01-125	/datasets/violence/audio/noviolence_01-125.wav	No	but we were going down the path. When we wrote ready to run, we noticed that all of the first graders, kindergartners run beautifully. They run like.
noviolence_01-126	/datasets/violence/audio/noviolence_01-126.wav	No	They run like human beings, they're supposed to run. It doesn't matter what's on their feet. They pull, they fall. It's like you can't. They don't need to warm up before they can recess. No, sprint. Beginning of first grade, same thing, halfway through first.
noviolence_01-127	/datasets/violence/audio/noviolence_01-127.wav	No	grade half the cohorts splits and you start to see hill striking you're like whoa whoa whoa this kids went home and asked for a bunch of heel strike for Christmas like what you're seeing is that they have adapted to that
noviolence_01-128	/datasets/violence/audio/noviolence_01-128.wav	No	that habitus pattern and now we can start to have this conversation. What does it mean to be a human being? Yeah, and then can I make the environment reflective?
noviolence_01-129	/datasets/violence/audio/noviolence_01-129.wav	No	It's not like technology is not going away You know our kids are gonna be on technology for their whole lives a lot and we limit we limited our house We limit it, but nevertheless. It's gonna be a huge
noviolence_01-13	/datasets/violence/audio/noviolence_01-13.wav	No	our whole lives.
noviolence_01-130	/datasets/violence/audio/noviolence_01-130.wav	No	huge part of their lives, even more part of their lives than it is part of ours. So it's this thing of how do we make the environment work with their physiology. And we can't even limit it too much because if you know that they're going to...
noviolence_01-131	/datasets/violence/audio/noviolence_01-131.wav	No	have to have competency with technology to be successful in this modern world. So we have to teach our kids the same way we teach them to brush, you know, to brush their teeth or eat or this is how we sleep.
noviolence_01-132	/datasets/violence/audio/noviolence_01-132.wav	No	but this is how we interact. This is what it means to inoculate yourself. And once again, we start taking away movement variability. So...
noviolence_01-133	/datasets/violence/audio/noviolence_01-133.wav	No	If you're standing on your desk and your desk is this high, go ahead and try to slouch. You can't. And we've automatically protected you. And so I think that's what we want.
noviolence_01-134	/datasets/violence/audio/noviolence_01-134.wav	No	is if we give people an organizing principle, then suddenly they can apply that to, hey, what environment am I in? What decisions can I make at the moment?
noviolence_01-135	/datasets/violence/audio/noviolence_01-135.wav	No	try to reflect and respect who I am as a moving animal. Yeah, that's beautiful. One thing I talk about with my clients is this idea of movement hygiene, right? So yeah, you're practicing. You have a prac-
noviolence_01-136	/datasets/violence/audio/noviolence_01-136.wav	No	that's maybe an hour a day. What's happening those other 23 hours of the day? So you.
noviolence_01-137	/datasets/violence/audio/noviolence_01-137.wav	No	You can't fix these problems within that spell. Even two hours, even three hours. Because how many hours are you sitting on top of that?
noviolence_01-138	/datasets/violence/audio/noviolence_01-138.wav	No	and the way that you're sitting and the way that you're driving. You know, one thing, so my bad pattern historically is a lot of kyphosis. So I'm driving in the car with my wife and I'm talking to her and I'm like...
noviolence_01-139	/datasets/violence/audio/noviolence_01-139.wav	No	this again aren't I? Like if I pay attention. But I can feel it. I can feel like oh that that that when I actually pay attention when I start
noviolence_01-14	/datasets/violence/audio/noviolence_01-14.wav	No	play as whitewater athletes so you know we were we were mountain bikes we ran we were outdoors and then we backdoored him because you know 15 years ago
noviolence_01-140	/datasets/violence/audio/noviolence_01-140.wav	No	paying attention to my body's feedback. That's not good. It's lazy. I'm just sitting on these tissues. How about not lazy, but how about deeply patterned? Deeply patterned.
noviolence_01-141	/datasets/violence/audio/noviolence_01-141.wav	No	The neurobiology is known to us now that these you're wired for movement and that those neural pathways wire together and say hey This is the default. I'm stressed you default
noviolence_01-142	/datasets/violence/audio/noviolence_01-142.wav	No	to what you know and what you've practiced the most, and why would your physiology or your mechanics be any other way? In fact, we know it is.
noviolence_01-143	/datasets/violence/audio/noviolence_01-143.wav	No	You know, it's a movement is a physical manifestation of what's happening in the brain. That's all it is. Yeah. Yes, I mean, and you can't tell me that this is in a better shoulder position than this.
noviolence_01-144	/datasets/violence/audio/noviolence_01-144.wav	No	You may still be world champion in the world, but guess what? Someday, this is the limiting factor. I'll catch up with you. You know what I think, what I've come to believe is even though we own a gym and we of course believe in the world, we're going to be able to do it.
noviolence_01-145	/datasets/violence/audio/noviolence_01-145.wav	No	in exercising and movement practice that I think I actually value that less now than the concept of moving all day. You know I mean I read recently that the
noviolence_01-146	/datasets/violence/audio/noviolence_01-146.wav	No	gym memberships in this country literally track perfectly with the increase in obesity, right? So that's not working. Like people going to the gym for an hour a day is not solving the problem.
noviolence_01-147	/datasets/violence/audio/noviolence_01-147.wav	No	And it's because people have gotten in this mentality that they check the box and do their one hour of cardio a day and some little weight lifting here and there, that they're fine, that they're going to be protected.
noviolence_01-148	/datasets/violence/audio/noviolence_01-148.wav	No	But really it actually would be better for those people to quit going to the gym and figure out a way to move throughout their day and eat pretty well and they would actually be more healthy than if they did that.
noviolence_01-149	/datasets/violence/audio/noviolence_01-149.wav	No	exercise. 100%. We are trying to advocate for look you need a few things at home. You can develop a physical practice at home and then you can make decisions. We get up early and wake our kids up early.
noviolence_01-15	/datasets/violence/audio/noviolence_01-15.wav	No	20 years ago there was very little formal movement training on top of extreme athletics. The thing you did was you spent more time in your domain. You paddled more.
noviolence_01-150	/datasets/violence/audio/noviolence_01-150.wav	No	so we can walk to school.
noviolence_01-151	/datasets/violence/audio/noviolence_01-151.wav	No	Right? Like easy. And you know, we got in a bad habit for a couple years at school where we were getting up too late and we were all sleeping in and then we would have to drive our kids to school and then I read...
noviolence_01-152	/datasets/violence/audio/noviolence_01-152.wav	No	I read that book The Power of Habit and it was especially with walking to school was like a light bulb for me because I Realized that we weren't getting it together to walk to school simply because we were way
noviolence_01-153	/datasets/violence/audio/noviolence_01-153.wav	No	up 20 minutes too late. Like it was just a 20 minute habit difference and like we just figured it out and we committed to it and now we walk to school every day. That's that's one of the most important.
noviolence_01-154	/datasets/violence/audio/noviolence_01-154.wav	No	movement hygiene practices to me is walk and especially walking early in the day because you're getting that early morning sunlight That's resetting your circadian rhythm. So one of the things that I've been really working on
noviolence_01-155	/datasets/violence/audio/noviolence_01-155.wav	No	my own personal practices, when I get up with my kids, we go for a walk before I take them to daycare. And...
noviolence_01-156	/datasets/violence/audio/noviolence_01-156.wav	No	That's huge. You know what, it was really interesting. Just a couple weeks ago, the kids were sick so our whole schedule got messed up and I was out of it for a week and I've had insomnia problems my whole life.
noviolence_01-157	/datasets/violence/audio/noviolence_01-157.wav	No	they've been much
noviolence_01-158	/datasets/violence/audio/noviolence_01-158.wav	No	better and I got to the end of the week and all of a sudden I couldn't fall asleep at night. I wasn't sleepy at night. It's like, huh, I haven't had early morning sun exposure, I haven't had early morning exercise.
noviolence_01-159	/datasets/violence/audio/noviolence_01-159.wav	No	to reset all those cortisol rhythms. Boom, there it is.
noviolence_01-16	/datasets/violence/audio/noviolence_01-16.wav	No	That was the limiting factor. One of the things that happened then is that we grew up, went to grad school, had some babies and then also became obsessed with this formal...
noviolence_01-160	/datasets/violence/audio/noviolence_01-160.wav	No	That.
noviolence_01-161	/datasets/violence/audio/noviolence_01-161.wav	No	Human beings used to walk all the time. It's, you know, Katie Bowman's a friend of both of ours. We talked a lot about her. She talks about, this is probably the biggest missing movement nutrient.
noviolence_01-162	/datasets/violence/audio/noviolence_01-162.wav	No	Well, I know dr. New Isles looks the cross pattern motion or it's the fact that you're designed to move and that means a lot You're gonna walk. Yeah, and you should probably walk him something that looks flat or bare
noviolence_01-163	/datasets/violence/audio/noviolence_01-163.wav	No	foot. Yeah. So what's interesting now as we get into this conversation, well, because people are like, hey, I have two kids and this job and it's dark when I go. I mean, we were working with night.
noviolence_01-164	/datasets/violence/audio/noviolence_01-164.wav	No	on the fuel band. We've got some fuel bands put some on our kids.
noviolence_01-165	/datasets/violence/audio/noviolence_01-165.wav	No	And our kids would be like, look how many steps I did. It was raining. And literally their steps dropped in half. Yeah, and like, George was doing like 12,000 steps, rainy day, 4,000. Yeah. God forbid you live in Seattle.
noviolence_01-166	/datasets/violence/audio/noviolence_01-166.wav	No	where it rains all the time. But what's interesting then is that we're saying, okay, well, hey, this environment does affect. What we see is in the winter in Iowa, the movement options are different.
noviolence_01-167	/datasets/violence/audio/noviolence_01-167.wav	No	Kids aren't as active necessarily. We don't go outside, we don't expose ourselves to cold. We're not cold, we're not hot. Right? We've homogenized so much, we've stopped being...
noviolence_01-168	/datasets/violence/audio/noviolence_01-168.wav	No	just being uncomfortable. Well even just recess like our kids' school if it's raining they don't go outside. Which to me is crazy because you know when I was a kid I grew up in a snowy climate. Back in NOM.
noviolence_01-169	/datasets/violence/audio/noviolence_01-169.wav	No	and not but I mean we all had our snow clothes and I remember going to the little mud room in first grade and putting my snow clothes on to go outside and play at recess and come back in so the fact that my
noviolence_01-17	/datasets/violence/audio/noviolence_01-17.wav	No	whole lives movement, you know, because we needed to understand. Long before I found CrossFit, I was following Pavel's stuff. I was Olympic lifting, reading Dan John's work.
noviolence_01-170	/datasets/violence/audio/noviolence_01-170.wav	No	kids don't even go outside to play at recess is just crazy. We walk in the rain. Absolutely. But I don't want to lose this point because the question now is, OK, I have this pure movement.
noviolence_01-171	/datasets/violence/audio/noviolence_01-171.wav	No	practice outside and getting the sunlight and all I have to do is quit my job, not be with my family, homeschool my kids, grow my own kombucha.
noviolence_01-172	/datasets/violence/audio/noviolence_01-172.wav	No	So the question is...
noviolence_01-173	/datasets/violence/audio/noviolence_01-173.wav	No	If we, you know, because we evaluate a lot of the experience of people's program based on how does this scale? How does this scale?
noviolence_01-174	/datasets/violence/audio/noviolence_01-174.wav	No	impact a working family who doesn't have the flexibility that we have. And so then we need to start saying, well, what are the pieces? Can a night walk after, you know,
noviolence_01-175	/datasets/violence/audio/noviolence_01-175.wav	No	moving. Where can we slip this into a practice and what are the components of and what I'll tell you about our gym, our gym culture is that we really are saying hey you know we
noviolence_01-176	/datasets/violence/audio/noviolence_01-176.wav	No	gone away from maybe like tight couples and triplets to boy we better teach walking and crawling and and we've got to really restore the patterning that we're not getting because
noviolence_01-177	/datasets/violence/audio/noviolence_01-177.wav	No	because that is the thing that's going to make the base for the next piece. But if I could just interrupt, like the reason we love the standing desk is it's just so simple and it's just...
noviolence_01-178	/datasets/violence/audio/noviolence_01-178.wav	No	such an easy thing that anyone, whether you're a two person working family, you can go to work all day and just be in constant motion. Your kid can be in motion all day at school.
noviolence_01-179	/datasets/violence/audio/noviolence_01-179.wav	No	one of the simplest most universal solutions and certainly it's not the end-all be-all and we've never said that but it's just so Simple and easy and you know for people who don't have lifestyles
noviolence_01-18	/datasets/violence/audio/noviolence_01-18.wav	No	I was down south with an Olympic lifting coach. We would be in our club one, like the Globo Gym. Juliet was an attorney, I was in grad school.
noviolence_01-180	/datasets/violence/audio/noviolence_01-180.wav	No	and the desk has a bar at the bottom that pivots because what you're seeing is, okay, now I'm not sitting, but now I'm static again. We're not designed to be.
noviolence_01-181	/datasets/violence/audio/noviolence_01-181.wav	No	We're not supposed to be statues. We're supposed to be walking. You're supposed to be walking. And I always tell people, I'm like, have you ever meditated before? And they're like, yes. And I was like, how did you back to after the first two minutes? They're like, oh, it's burning. It's burning. And I was like, no.
noviolence_01-182	/datasets/violence/audio/noviolence_01-182.wav	No	So when you sat in a good position for 20 minutes, you died. So tell me how your child's gonna sit for eight hours if you can't manage 15 minutes of sitting.
noviolence_01-183	/datasets/violence/audio/noviolence_01-183.wav	No	in a good position, right? So the idea is you, we want to create movement rich environments. So then we start saying, okay, what is it about the human that makes us human? Let's make the environment
noviolence_01-184	/datasets/violence/audio/noviolence_01-184.wav	No	So at our school, our desks have a bar that moves, so kids are in constant motion. On to fascia, on the bone, on the muscular system, right? Balancing, they can lean. And guess what, when they're ready to go,
noviolence_01-185	/datasets/violence/audio/noviolence_01-185.wav	No	to sit down on the floor. Now we've introduced a squat. Now they sit on the floor. Now they work on the floor. Now we have hips from full range of motion. And by the way, all you had to do was take the chairs out.
noviolence_01-186	/datasets/violence/audio/noviolence_01-186.wav	No	give kids the option of being here or here. That's that block pattern and suddenly we start to see better movement hygiene through the course of the day. We just have to flip our brains about deciding.
noviolence_01-187	/datasets/violence/audio/noviolence_01-187.wav	No	what is it that makes us human? Yeah. And I'll tell you, we are in a cohort, Julien and I are in our 40s.
noviolence_01-188	/datasets/violence/audio/noviolence_01-188.wav	No	We work with a lot, we know all our working friends are not nerds like us, right? And they struggle with finding time to train, exercise, still exercise, like SoulCycle is exercise.
noviolence_01-189	/datasets/violence/audio/noviolence_01-189.wav	No	of them, right? Breathing hard is exercising, not moving. You know, plus maintain a job, be a good husband, be a good dad.
noviolence_01-19	/datasets/violence/audio/noviolence_01-19.wav	No	And I was doing Turkish get ups with a barbell and people would rush over and be like, you falling, are you okay? And I was like, I'm trying to figure this out. And a lot of it was reading from a book.
noviolence_01-190	/datasets/violence/audio/noviolence_01-190.wav	No	See, so that's the tricky part because the first thing that goes is the movement practice, which is the thing that makes us human Yeah, that's the thing that supports us. And so that's why when I said hey
noviolence_01-191	/datasets/violence/audio/noviolence_01-191.wav	No	I think you should have some formal movement training, but that can come in a lot of shapes and sizes The thing that we are talking about now is what is your daily physical practice? What can control did you eat six to eight fists?
noviolence_01-192	/datasets/violence/audio/noviolence_01-192.wav	No	vegetables? Could you control your sleep hygiene? Did you just mobilize for 10 minutes? Like show me that you're consistent day after day after day even if that means you didn't breathe hard today.
noviolence_01-193	/datasets/violence/audio/noviolence_01-193.wav	No	you went for a walk around your barefoot with your kids, boom, movement practice, right? That's where we need to start changing the conversation and say, stop being so stinking heroic and be consistent.
noviolence_01-194	/datasets/violence/audio/noviolence_01-194.wav	No	Even just silly things like it seems so cliche, but all these people are starting to take walking meetings now. That's a huge deal. I mean, if you just got, you know, not even including a standing desk, if you just got people to ...
noviolence_01-195	/datasets/violence/audio/noviolence_01-195.wav	No	take two or three walking meetings a day, that would already make a huge difference. You know, but. And we want people to recognize that like this thing.
noviolence_01-196	/datasets/violence/audio/noviolence_01-196.wav	No	It's designed to be ridden hard and put away wet. It can do that. So every once in a while, you should do something crazy.
noviolence_01-197	/datasets/violence/audio/noviolence_01-197.wav	No	But you have to set a preconditions so that when you do that crazy thing, you know, you don't go through your kneecap. You know? And that's the problem, right? We're like...
noviolence_01-198	/datasets/violence/audio/noviolence_01-198.wav	No	I'm gonna change everything, I'm gonna do this team and training run. Boy, now I have Conjured Malaysia Patella or I've torn my meniscus. And now what happens? So you're gonna be 110. We better start.
noviolence_01-199	/datasets/violence/audio/noviolence_01-199.wav	No	putting in the hygiene pieces that make us there. We have to have essentially.
noviolence_01-2	/datasets/violence/audio/noviolence_01-2.wav	No	I was struggling with a lot of different injuries and I came across Kelly's work mobility wad And that's where I really started fixing a shoulder injury that had been bugging me for years. That's where I really
noviolence_01-20	/datasets/violence/audio/noviolence_01-20.wav	No	you know, hey, I'm reading this, I'm gonna experiment with myself. We went into, you know, 15 years of real practice that looked very formal because of our time constraints and because...
noviolence_01-200	/datasets/violence/audio/noviolence_01-200.wav	No	that baseline human movement.
noviolence_01-201	/datasets/violence/audio/noviolence_01-201.wav	No	in general before we try to do the heroic human movement. One thing that's happened with me in my practice is I didn't know all these things, hadn't been exposed to this, didn't have this great movement education.
noviolence_01-202	/datasets/violence/audio/noviolence_01-202.wav	No	And I got to the point where despite all the stuff that I knew, it was taking me an hour and a half to warm up to be able to do what I knew that I could do. The big jumps, the swings, the crazy stuff that I could do.
noviolence_01-203	/datasets/violence/audio/noviolence_01-203.wav	No	That seemed insane. Like, this is total. And anathema too. Yeah, what is this? Where's my ready state? Yeah, exactly. I shouldn't have to warm up to a full range of motion. Yeah. I should be able to instantaneously do what I'm doing.
noviolence_01-204	/datasets/violence/audio/noviolence_01-204.wav	No	So I started, you know, ground-sitting, squatting, kneeling, cross-legged, straddle, just very, the positions as much as possible.
noviolence_01-205	/datasets/violence/audio/noviolence_01-205.wav	No	started hanging every day. Just take a movement snack, make sure that shoulder is getting full extension. I think it's a brilliant idea.
noviolence_01-206	/datasets/violence/audio/noviolence_01-206.wav	No	people go out for a smoke, right? Like, why do people go out for a smoke? Part of it's the, obviously the addiction to nicotine, but it was also an opportunity to get up from your desk. There's also an opportunity to socialize with other people. So you don't, you can throw.
noviolence_01-207	/datasets/violence/audio/noviolence_01-207.wav	No	away the nicotine and keep the habit of getting up and moving and in fact you can substitute with caffeine we're fine. Yeah I mean when I used to work at my old law firm literally no one would get up out of their
noviolence_01-208	/datasets/violence/audio/noviolence_01-208.wav	No	desk for 10 continuous hours except for the two smokers we had they got up four or five times a day and at the time I was like oh but now I look back on it and we all just sat there they
noviolence_01-209	/datasets/violence/audio/noviolence_01-209.wav	No	When I was working at, my first job was at Taco Del Mar slinging burritos and the smokers would take breaks and I was jealous and I was like, well I'm just going to go take a break.
noviolence_01-21	/datasets/violence/audio/noviolence_01-21.wav	No	there's a whole lot of world there that we were not exposed to. I discovered CrossFit, discovered I knew nothing about gymnastics, I knew nothing about powerlifting, and you know some of my early experiences around parkour were through.
noviolence_01-210	/datasets/violence/audio/noviolence_01-210.wav	No	I'm just going to run sprints in the courtyard. But people need this. People need to recognize that it's totally an unnatural thing for a human being to sit for a prolonged period.
noviolence_01-211	/datasets/violence/audio/noviolence_01-211.wav	No	And yet we're still going to have to produce something at work. So how do I make these decisions? Chevron locally shuts the computer system down every hour for five minutes. Beautiful.
noviolence_01-212	/datasets/violence/audio/noviolence_01-212.wav	No	Just plunk, just lock for five minutes. Everyone's like, ah! And then they stand up, they're like, ah! They're like, well, how you doing, Ted? What's going on, Bob? Hey, Mary, how are you? They walk around. Yeah, but apparently it's been great for their culture. Like, people actually talk to each other.
noviolence_01-213	/datasets/violence/audio/noviolence_01-213.wav	No	other and collaborate. And when we were at BBDO, what was the, I can't remember the little acronym they used, but they switched to a totally open plan office and they basically.
noviolence_01-214	/datasets/violence/audio/noviolence_01-214.wav	No	kind of made this rule for their employees that that if you can go talk to someone instead of sending them an email like that's what we expect you to do and because it's open plan they all have
noviolence_01-215	/datasets/violence/audio/noviolence_01-215.wav	No	these little red light green lights on their computer. So if you turn your red light on, it means, hey, I'm trying to get something done here. Don't just interrupt me and talk to me. But otherwise, green light on, the idea is don't send in.
noviolence_01-216	/datasets/violence/audio/noviolence_01-216.wav	No	emails, get up and go talk to someone. That's awesome. And you know that's unusual but cool. We, you know, I think it's amazing. I know you guys because of the internet. I, I've been traveling all over the world teaching because...
noviolence_01-217	/datasets/violence/audio/noviolence_01-217.wav	No	because of the internet. It's a powerful tool. But.
noviolence_01-218	/datasets/violence/audio/noviolence_01-218.wav	No	60% of communication is nonverbal. Within verbal communication we have tone, we have phrasing, we have all these things that are all getting lost when we are interfacing.
noviolence_01-219	/datasets/violence/audio/noviolence_01-219.wav	No	just with text. And we're moving more and more to this interface just with text. And just like movement is a nourishment, right? Socialization is a nourishment.
noviolence_01-22	/datasets/violence/audio/noviolence_01-22.wav	No	through CrossFit. And then what's happened as we've sort of mined and come to really have a good understanding as beginners, like now we're like competent beginners in these.
noviolence_01-220	/datasets/violence/audio/noviolence_01-220.wav	No	Talk about a Gestaltist life. What does it mean to be human? How do we interact?
noviolence_01-221	/datasets/violence/audio/noviolence_01-221.wav	No	I mean, you really are nailing it. What we can start to say is, what are the core principles or values?
noviolence_01-222	/datasets/violence/audio/noviolence_01-222.wav	No	Why aren't you eating food just food like we went through a phase a couple years ago. We're like we're busy Let's grab a bar. We'll have a bar. Oh, like here's a food bar. It's a paleo And what it was it was
noviolence_01-223	/datasets/violence/audio/noviolence_01-223.wav	No	it was food. It was a food like block of substances that kept us nourished and it was devoid of food and we literally were like we can't ever eat another bar ever again so we just stopped by
noviolence_01-224	/datasets/violence/audio/noviolence_01-224.wav	No	bars and lo and behold I was like boy I better eat some eggs for breakfast yeah and that's the kind of thing you have to be aware of what does it mean to be human.
noviolence_01-225	/datasets/violence/audio/noviolence_01-225.wav	No	So the motto of my Brandon Ball move play is move like a human and that's what I think my role is as a teacher But I think we as soon as you start kind of taking on that it obviously is so much bigger than that. It's
noviolence_01-226	/datasets/violence/audio/noviolence_01-226.wav	No	really about how do we live like human beings? How do we foster positive social connections? How do we get make sure we're getting sunlight? How do we eat like a human, right? Because...
noviolence_01-227	/datasets/violence/audio/noviolence_01-227.wav	No	isn't just the nutrients in the food, it's the preparation of the food. It's the ritual, it's sitting down with another human person. There's so much that goes into that right there and that's all part of living.
noviolence_01-228	/datasets/violence/audio/noviolence_01-228.wav	No	like human and when we you know we're we're all trying to sacrifice these these human aspects of herself walking squatting
noviolence_01-229	/datasets/violence/audio/noviolence_01-229.wav	No	eating well so that we can be more productive on a computer. But in the long run it's...
noviolence_01-23	/datasets/violence/audio/noviolence_01-23.wav	No	domains after all these years, we have now really flipped back into going back outside and the application because what we have found is...
noviolence_01-230	/datasets/violence/audio/noviolence_01-230.wav	No	it's sacrificing something that's gonna, it breaks us down in the long run, right? You may be more productive as you're preparing for your exams, but when you adopt that as the...
noviolence_01-231	/datasets/violence/audio/noviolence_01-231.wav	No	habit for your life.
noviolence_01-232	/datasets/violence/audio/noviolence_01-232.wav	No	you're taking away the resource that makes you successful. Because the research is yourself. Yeah, and you're probably not more productive. You know, there's all the studies that show people think, you know, they're all sleep deprived and they think they're super, you know, if they self-test themselves.
noviolence_01-233	/datasets/violence/audio/noviolence_01-233.wav	No	they think they're super productive and turns out they're horrible. Yeah. So we also kind of lie to ourselves thinking we're productive.
noviolence_01-234	/datasets/violence/audio/noviolence_01-234.wav	No	When really we're not, we're just spinning our wheels because we're too tired and haven't moved our bodies. Really now we're like, woo hoo, you know, I'm going to burn my clothes and be cold. And I think.
noviolence_01-235	/datasets/violence/audio/noviolence_01-235.wav	No	I think what people realize is that you can derive immediate benefit in your quality of your life and experience by making subtle small changes that integrate into your already life. You don't have to throw.
noviolence_01-236	/datasets/violence/audio/noviolence_01-236.wav	No	your life. What you just have to do is start conceptualizing it slightly differently. And that means you know like if we all just pooed on the ground we would at least
noviolence_01-237	/datasets/violence/audio/noviolence_01-237.wav	No	squat and maintain that position because the second you can get into a poo shape your body's like whoa bro like there's no tree to hold on to you're gonna work it out and just that you know okay that's a
noviolence_01-238	/datasets/violence/audio/noviolence_01-238.wav	No	silly analogy but in Japan and in Asian countries where they toilet on the ground and sit on the ground and sleep on the ground the incidence of fall
noviolence_01-239	/datasets/violence/audio/noviolence_01-239.wav	No	falls in the elderly drops to zero and the incidents of people don't fall. Because they're always getting down off the ground. I was just talking to Chris McDougall who wrote Natural Worn Hero.
noviolence_01-24	/datasets/violence/audio/noviolence_01-24.wav	No	Great, we weren't skilled, we weren't strong, we didn't have big lungs, we weren't fit. We thought we were, but we were not. So now those things are competent and we realize, why are we, what's the application of all that?
noviolence_01-240	/datasets/violence/audio/noviolence_01-240.wav	No	which is great and we were talking about...
noviolence_01-241	/datasets/violence/audio/noviolence_01-241.wav	No	the fact that these 16, 17 year olds were covering 8 and 10 miles, 8 hours in the mountains. He's like, because they had to. And I think what we've lost is the fact that we are such
noviolence_01-242	/datasets/violence/audio/noviolence_01-242.wav	No	capable animals but we're not we're not even expressing that or laying the foundations to be kidding. We got to build the foundation you have to build a human body and then you have to do
noviolence_01-243	/datasets/violence/audio/noviolence_01-243.wav	No	what it takes to maintain it. And we do have this problem where modern life is not natural, right?
noviolence_01-244	/datasets/violence/audio/noviolence_01-244.wav	No	We need to be able to move like a natural human being and we need to be able to find the kind of targeted Interventions that are gonna allow us to hold on to that capacity as much as possible
noviolence_01-245	/datasets/violence/audio/noviolence_01-245.wav	No	really a natural life. We can remain agnostic about how you get there like you know I think
noviolence_01-246	/datasets/violence/audio/noviolence_01-246.wav	No	you know what i think so really appreciate across this at least it's brought in a a language of saying hey look you know
noviolence_01-247	/datasets/violence/audio/noviolence_01-247.wav	No	you should be able to do some of these basic tenants of formal movements. And underneath there we start to create a language, if we're smart enough to see what we're doing.
noviolence_01-248	/datasets/violence/audio/noviolence_01-248.wav	No	between, you know, of a practice that I can work in in an hour and do some basic gymnastics and cartwheels and rolling and stands and play.
noviolence_01-249	/datasets/violence/audio/noviolence_01-249.wav	No	you know, we're getting to the place where we can start to create a language vocabulary, but we don't hold on to that, you know. We're like as...
noviolence_01-25	/datasets/violence/audio/noviolence_01-25.wav	No	The application is I take those skills, that formalness, and I need to go translate it into freestyle movement, into less formal movement situations. And what happens is I became a more formalist.
noviolence_01-250	/datasets/violence/audio/noviolence_01-250.wav	No	long as if you want to and I always laugh at like if you look at you know portal or any of the move that stuff it looks like you as long as you're crawling on the ground you're fit as long as it's like capoeira you must be
noviolence_01-251	/datasets/violence/audio/noviolence_01-251.wav	No	fit right and but that's just a different language to solve the same sets of problems and that's what we should show people is that you should be able to do all of these things in fact take yourself out
noviolence_01-252	/datasets/violence/audio/noviolence_01-252.wav	No	and go suck in another language and then go suck in another language and see how you can resolve
noviolence_01-253	/datasets/violence/audio/noviolence_01-253.wav	No	what you think are the disparities is the common language. It's like we're all speaking Esperanto underneath all these different things, the romantic language of love. And, but the idea here is...
noviolence_01-254	/datasets/violence/audio/noviolence_01-254.wav	No	is that there is a root understanding of what it means to be human, and you're absolutely right. We don't care how you get there, just make sure that you get there. Yeah, absolutely. So I wanted to, we talked about that socialization.
noviolence_01-255	/datasets/violence/audio/noviolence_01-255.wav	No	piece that, how do you live like a human piece? And I wanted to just ask Juliette and you about this before she has to leave because it's something that I have been enormously impressed with.
noviolence_01-256	/datasets/violence/audio/noviolence_01-256.wav	No	when I've come down to San Francisco CrossFit. Of all the CrossFit gyms that I've worked with, of all the different gyms that I've gone into, I can't say that anywhere else has had as much positive energy when you just walk in the...
noviolence_01-257	/datasets/violence/audio/noviolence_01-257.wav	No	door at a San Francisco CrossFit. Someone comes up to you, talks to you immediately, is open, is friendly. All the staff are clearly engaged, really enjoy each other. I've noticed over the years it comes to the fact that we're all very friendly.
noviolence_01-258	/datasets/violence/audio/noviolence_01-258.wav	No	coming to visit that the staff has retained here. It's a lot of the same people years and years and years. And.
noviolence_01-259	/datasets/violence/audio/noviolence_01-259.wav	No	When we're movement is great, but we are social creatures and in order for you know the thing that holds a lot of people back from having a better movement practice is that they don't
noviolence_01-26	/datasets/violence/audio/noviolence_01-26.wav	No	much better paddler, I became a much better mountain biker, right? The running is interesting. So we still live in this formal domain, but I can tell you though that we're interested in the...
noviolence_01-260	/datasets/violence/audio/noviolence_01-260.wav	No	feel supported in it. They feel like they're going to be a weirdo if there's a person sitting on the ground.
noviolence_01-261	/datasets/violence/audio/noviolence_01-261.wav	No	They feel like they're gonna be weirdo if they're out there jumping between tree branches. So they need that social proof. So I wanted to just kind of ask you guys, how do you go about being a leader?
noviolence_01-262	/datasets/violence/audio/noviolence_01-262.wav	No	and creating a positive community that people can really be engaged in and feel supported by so that they can make this something that they're really valuing in their life.
noviolence_01-263	/datasets/violence/audio/noviolence_01-263.wav	No	people are amped up all the time. We have bad dirty pictures of everyone. Some of this is, when Juliet and I started, this is now this month.
noviolence_01-264	/datasets/violence/audio/noviolence_01-264.wav	No	10 year anniversary of our formal gym. We were training for about a year and a half in our backyard until our neighbors were like shut up. Six in the morning that you know we were being loud.
noviolence_01-265	/datasets/violence/audio/noviolence_01-265.wav	No	But 10 years of this thing and what we first started out with said, where do we want to train? What's it look like? Our friends are going to be here. What's the vibe going to be like where we want to work out?
noviolence_01-266	/datasets/violence/audio/noviolence_01-266.wav	No	And you know, maybe other place I've gone, I agree. I have been to more gyms, CrossFit and non-CrossFit gyms on the planet. And you can tell really quickly, like I'm like, I could.
noviolence_01-267	/datasets/violence/audio/noviolence_01-267.wav	No	never train here. I hate this place. You can tell, you can walk in the door and feel the vibe. And some of that is just a practice. People don't realize, don't know what they don't know. So we consciously say to our staff,
noviolence_01-268	/datasets/violence/audio/noviolence_01-268.wav	No	and talk about a lot and prove is that this may be the only hour people have any positive, unconditional regard, right? Unconditional positive regard where literally that's it.
noviolence_01-269	/datasets/violence/audio/noviolence_01-269.wav	No	This is the only time someone's like, hey, you really great job today. And you're like, I did something good today. And some of that is when we hit the door, we're like, hey. And it's just a practice.
noviolence_01-27	/datasets/violence/audio/noviolence_01-27.wav	No	expression of it outside.
noviolence_01-270	/datasets/violence/audio/noviolence_01-270.wav	No	pattern that this is where our coaches come in and they see us do it and they see the other senior coaches that's the expectation you better shake hands otherwise you're gonna get crushed so if people are like well I better shake hands
noviolence_01-271	/datasets/violence/audio/noviolence_01-271.wav	No	Yeah, and just to interrupt really quickly, you know, we've had this long-standing tradition of at the beginning of every class, everybody's got to introduce themselves because we have a lot of visitors or there may be a new...
noviolence_01-272	/datasets/violence/audio/noviolence_01-272.wav	No	member. And you know, now a lot of gyms have adopted that. But it started at San Francisco CrossFit was this idea that, you know, it's a new thing for a lot of people. They're coming in, sometimes people are nervous about
noviolence_01-273	/datasets/violence/audio/noviolence_01-273.wav	No	coming into a group class or they're a visitor so they don't know anyone and that immediately just breaks down a barrier of just everybody getting in. So our regular clients are used to it they know they're gonna come in and have
noviolence_01-274	/datasets/violence/audio/noviolence_01-274.wav	No	to introduce themselves and meet new people and partner up with someone they don't know. And then as far as the staff is concerned, I think one of the things we've focused really hard on with our staff is creating.
noviolence_01-275	/datasets/violence/audio/noviolence_01-275.wav	No	a place where they can be true professionals. You know, a lot of gyms are set up so that it's like a hobby job that you can do for a little while in your 20s, but then once you actually like want to buy a house or take care of your kids, it's not as...
noviolence_01-276	/datasets/violence/audio/noviolence_01-276.wav	No	sustainable job. So that's been a big focus of ours is creating a staff of like professional coaches and actually paying them and supporting them in a way that they can actually like have a
noviolence_01-277	/datasets/violence/audio/noviolence_01-277.wav	No	baby and still work at our gym or actually live in San Francisco which is really expensive. Yeah and you know actually like save for retirement and do some really basic stuff and that's been really important for us and for me.
noviolence_01-278	/datasets/violence/audio/noviolence_01-278.wav	No	me as the owner, you know, the way I see it is that my staff are my clients, not the clients who come in the gym. You know, they're the clients who come to work out are the clients of my
noviolence_01-279	/datasets/violence/audio/noviolence_01-279.wav	No	stuff. But I am there to support my staff.
noviolence_01-28	/datasets/violence/audio/noviolence_01-28.wav	No	But Kelly's right, I mean, we spent a lot of years just focusing on CrossFit as our only training. And it's been really in the last five years that we remembered that really what we like to do is play outside.
noviolence_01-280	/datasets/violence/audio/noviolence_01-280.wav	No	And I would just add to that that we also have a creative freedom that we're funny and stupid but they're learners and they're all very curious.
noviolence_01-281	/datasets/violence/audio/noviolence_01-281.wav	No	but also fluent in other people's languages. But we also create a place where like, what is it you want to do? How do you say that? Like, I'm a, we have this guy who's run a...
noviolence_01-282	/datasets/violence/audio/noviolence_01-282.wav	No	100 ultras, you know, and he's part of our staff. And that looks very different than Diane Fu, who's obsessed with Olympic lifting. Allowing our coaches to express their own movement.
noviolence_01-283	/datasets/violence/audio/noviolence_01-283.wav	No	practice and giving them freedom as long as we all speak the language and you can do the same. So Kristen Newman
noviolence_01-284	/datasets/violence/audio/noviolence_01-284.wav	No	you know, talks about, she was second in the world's instrument.
noviolence_01-285	/datasets/violence/audio/noviolence_01-285.wav	No	Last year, but she talks about you know like I just dream for the day where I can just do some cardio
noviolence_01-286	/datasets/violence/audio/noviolence_01-286.wav	No	swing a dumbbell and do gymnastics again, you know? And that's what's really interesting. I think we create an environment of excited about...
noviolence_01-287	/datasets/violence/audio/noviolence_01-287.wav	No	process about learning. You know, we don't have multiple gym locations. We have one gym. Why? Because we think the secret is that we're all getting to coach and be coached that if there's
noviolence_01-288	/datasets/violence/audio/noviolence_01-288.wav	No	an excellent mover in the room, we're all listening while we're doing it. So there's always feedback. There's no place to hide. You have to be a beginner in a room full of lions.
noviolence_01-289	/datasets/violence/audio/noviolence_01-289.wav	No	And that just brings everyone up, you know? It's really interesting. And we don't put the brakes on that. We're like, this is what we want to teach. Here are the goals.
noviolence_01-29	/datasets/violence/audio/noviolence_01-29.wav	No	and ride our bikes and be on rivers and paddle and and so it has been in the last few years we've really gone back to all that we like to ski and it's been great because we have all this underlying
noviolence_01-290	/datasets/violence/audio/noviolence_01-290.wav	No	And then we let our coaches be successful in their own experimentation. And we're not micro-managers. I mean, we in a lot of ways are really casual about a lot of the things.
noviolence_01-291	/datasets/violence/audio/noviolence_01-291.wav	No	We're total pros, but we're really casual about some things. So we let people be themselves. And we don't have a certain way. There's only one way of doing things that's our way and our way is the best.
noviolence_01-292	/datasets/violence/audio/noviolence_01-292.wav	No	I mean, we don't see it that way. We bring in this really diverse staff with super diverse interests and kind of let them be who they are. You know, obviously with the basic fundamentals, but you know, we've got...
noviolence_01-293	/datasets/violence/audio/noviolence_01-293.wav	No	a really unique and diverse staff and they all really like each other and get along and you know I think that helps the whole positive vibe as you come in the door. And you can do some things like we have a hundred and sixty hour
noviolence_01-294	/datasets/violence/audio/noviolence_01-294.wav	No	intern program. I mean that's not being at the gym under 60 hours. That's one on one or you're in 160 hours of shadowing a senior coach or a practice. So that starts to...
noviolence_01-295	/datasets/violence/audio/noviolence_01-295.wav	No	because people start to be like, oh, I understand how I have the affect I need to have to manage these people who've been training here for 10 years. Right. Yeah. And then we have some simple rules like I should never have to show
noviolence_01-296	/datasets/violence/audio/noviolence_01-296.wav	No	out over the music ever.
noviolence_01-297	/datasets/violence/audio/noviolence_01-297.wav	No	creates privacy and intimacy but the coach can you I can be shouting like knees out but it's really for that guy over the across the room yeah and so then we never shout over music and we have some
noviolence_01-298	/datasets/violence/audio/noviolence_01-298.wav	No	keep your fucking shirt on. Right, don't, you know what I mean, like if you wanna be outside rolling the grass, take your shirt off. But in the meantime, you're in my gym, don't make everyone feel creepy with your like.
noviolence_01-299	/datasets/violence/audio/noviolence_01-299.wav	No	man boobs, like quit that. And so by establishing some of those boundaries we create a place where it's really safe for people to come. We are trying to create a really welcoming environment. And yet we have
noviolence_01-3	/datasets/violence/audio/noviolence_01-3.wav	No	started fixing my ankles and it became a huge influence on me and understanding really how the human body moves.
noviolence_01-30	/datasets/violence/audio/noviolence_01-30.wav	No	training and we can pretty much show up for any of those sports without ever really training for them formally and be fine and you know not get injured so it's been it's been cool to go back to that come out on harm
noviolence_01-300	/datasets/violence/audio/noviolence_01-300.wav	No	There's so many elite people who practice. But we had this Olympic lifting kind of badass guy who owns a business and he came in and he missed a lift and he got really pissed.
noviolence_01-301	/datasets/violence/audio/noviolence_01-301.wav	No	And I just stood there and he was swearing and then he came over he's like that was really bad wasn't it I was like that was really bad in fact. That was just disgusting and childish. She was like you're right. It's got so
noviolence_01-302	/datasets/violence/audio/noviolence_01-302.wav	No	because you realize we're all just like, really? You just missed a lift. And you think that's important to you? So, I mean that thing self-perpetuates. And it is difficult.
noviolence_01-303	/datasets/violence/audio/noviolence_01-303.wav	No	Culture is so difficult, it's really difficult. You know, within the parkour community, we've seen that the guys who start a community have an enormous impact on it. So, you know, people may.
noviolence_01-304	/datasets/violence/audio/noviolence_01-304.wav	No	be thinking about movement when they're thinking about this, but if you're going to be a leader in movement, it's really important that you think about these aspects of it. You said to me in 2012, when...
noviolence_01-305	/datasets/violence/audio/noviolence_01-305.wav	No	comes into your gym, it's your responsibility to give them that moment of unconditional positive regard. And that's stuck with me ever since. That's influenced the way that I've tried to orient around how I treat my employees, people I work with.
noviolence_01-306	/datasets/violence/audio/noviolence_01-306.wav	No	with, how I treat my clients. It's huge. It's a huge thing to understand that you can have all the best information in your brain in the world, but if you don't.
noviolence_01-307	/datasets/violence/audio/noviolence_01-307.wav	No	have an affect, if you don't have a way of creating a rapport with people, it doesn't matter. Oh, holy crap. Now we're starting to... Dude, we just opened the can off, like touchy-feely. I could go off here, but like...
noviolence_01-308	/datasets/violence/audio/noviolence_01-308.wav	No	But you know, people need to feel appreciated and this is going to sound really dorky, but I worked for this guy at this rafting company for many years and we actually used to make fun of him because he was so earnest and...
noviolence_01-309	/datasets/violence/audio/noviolence_01-309.wav	No	he'd come up and be like Juliet I appreciate you but I really sign in the parking lot said you are a poem yeah but you know I realize he influenced me a ton
noviolence_01-31	/datasets/violence/audio/noviolence_01-31.wav	No	Which is amazing, you know like last year We both trained for the Molokai Outrigger Canoe Race. So I paddled solo from the island of Molokai
noviolence_01-310	/datasets/violence/audio/noviolence_01-310.wav	No	and what he was doing was so important because you know I would have done anything for him for no pay and I realized he it was this it was because I felt valued and appreciated you know
noviolence_01-311	/datasets/violence/audio/noviolence_01-311.wav	No	So I try to go out of my way and make sure my staff knows that I appreciate them. I see how hard they work. We know it wouldn't all happen without them. And I think that's really missing. I think a lot of people.
noviolence_01-312	/datasets/violence/audio/noviolence_01-312.wav	No	don't get that affirmation in their place of work ever.
noviolence_01-313	/datasets/violence/audio/noviolence_01-313.wav	No	Yeah, and not necessarily in their community of movement either. Well, you know...
noviolence_01-314	/datasets/violence/audio/noviolence_01-314.wav	No	belong, we need to belong to each other and sometimes they just need an excuse to belong to each other. And so like we're all in and I've been working out with Juliet for three years but all of a sudden you know.
noviolence_01-315	/datasets/violence/audio/noviolence_01-315.wav	No	If the situation is I always have to go over and shake hands and hey, how are you then like we've what we've done is just Created a blocked pattern where I get the right result without consciousness and that's what we're
noviolence_01-316	/datasets/violence/audio/noviolence_01-316.wav	No	trying to be, right? Is that it becomes a learned behavior. It's really amazing. You know, and my daughters, you know, are comfortable, they walk around and just talk to people in the gym, and people are like, you're a seven year old.
noviolence_01-317	/datasets/violence/audio/noviolence_01-317.wav	No	came up and had a conversation with me. Your seven year old was like knees out, is what your seven year old said. That's right, that's right. Which she has done to people. To the point though is, you know.
noviolence_01-318	/datasets/violence/audio/noviolence_01-318.wav	No	So, hey, if we're going to become professional teachers, maybe we should have some theory around learning practices. Hey, what you're doing right now is a blocked practice. We need to move into some...
noviolence_01-319	/datasets/violence/audio/noviolence_01-319.wav	No	random practice. That means what we're seeing is that, hey, you can be really excited, competent coach, but you still, people have done a lot of thinking about what is the best way to learn, how much learning.
noviolence_01-32	/datasets/violence/audio/noviolence_01-32.wav	No	to Wahoona. It took me six and a half hours across the Molokai channel, solo, and it's not grinding like, it's not like getting on an erg for six and a half hours. It's very technical paddling.
noviolence_01-320	/datasets/violence/audio/noviolence_01-320.wav	No	needs to happen, having a goal and a skill and little break out.
noviolence_01-321	/datasets/violence/audio/noviolence_01-321.wav	No	You know, I'm fortunate that in my formal doctoral training, I had a lot of communication theory and learning theory that spills over into what we do. Yeah. But you know, what we're...
noviolence_01-322	/datasets/violence/audio/noviolence_01-322.wav	No	telling people is like hey look on the surface it looks so simple and yet the layers of understanding are infinitely complex and if you are going to be a master in this you need to start today.
noviolence_01-323	/datasets/violence/audio/noviolence_01-323.wav	No	then just keep working because what you'll see is that you may be coaching the same way But now you understand how and when the deviations come you can easily roll them up and that's that's the difference
noviolence_01-324	/datasets/violence/audio/noviolence_01-324.wav	No	Yeah, I think one other thing about the vibe too is that we and a lot of it goes back to the original intention I mean, we did not start this gym with the intention of having it
noviolence_01-325	/datasets/violence/audio/noviolence_01-325.wav	No	be a business where we made money and had a big staff. I mean... Attorney and I was working physical there. We started it with the intention of trying to create a cool place to train where we wanted...
noviolence_01-326	/datasets/violence/audio/noviolence_01-326.wav	No	train and I think that intention has really you know gone the distance because you know I think it's it's hard now there's a lot of gyms and I'm not sure there I'm not sure that anyone can open a gym as organically.
noviolence_01-327	/datasets/violence/audio/noviolence_01-327.wav	No	as we did. However, I think there's a lot of, people are spending a lot of money and making everything shing and look perfect and have all the right things on the outside. But if you can't, if.
noviolence_01-328	/datasets/violence/audio/noviolence_01-328.wav	No	you can't somehow grasp that feeling of community and that positive vibe. It doesn't matter what everything looks like. And we learned that from the parking lot. Yeah, that's what I was going to say. I mean, because it was so great.
noviolence_01-329	/datasets/violence/audio/noviolence_01-329.wav	No	and so cold and it was right I mean like you know we should be deadlifting outside why aren't we deadlifting outside and we certainly have lost some aspect of the awesomeness but it's nice not
noviolence_01-33	/datasets/violence/audio/noviolence_01-33.wav	No	with big waves and currents and you need to paddle and you better be fit and you have to have the skill and it was really great. And you have to navigate across an open ocean channel. Your brain is going to get engaged. Exactly, it's full on. And surfing and feeling.
noviolence_01-330	/datasets/violence/audio/noviolence_01-330.wav	No	to be dead lifting the rain and mud all the time and doing burpees on the concrete. Right, but we had to make, our product had to be the coaching and the vibe because we didn't have anything else.
noviolence_01-331	/datasets/violence/audio/noviolence_01-331.wav	No	So we had to be really good at those two things because we certainly didn't have like a wall or, you know. A bathroom. A bathroom and people were doing burpees in little piles of glass. So, you know, that.
noviolence_01-332	/datasets/violence/audio/noviolence_01-332.wav	No	It forced us to prioritize what was important, and it turned out those things happened to also be really important. It's funny because that resonates exactly with what we were talking about earlier with movement. When you create...
noviolence_01-333	/datasets/violence/audio/noviolence_01-333.wav	No	the right parameters.
noviolence_01-334	/datasets/violence/audio/noviolence_01-334.wav	No	where there's restrictions on what someone can do, then all of a sudden they're gonna express really powerful stuff. So being in a more difficult situation, you didn't have all the bells and whistles that are gonna attract people.
noviolence_01-335	/datasets/violence/audio/noviolence_01-335.wav	No	you had to focus on the most important thing and you created something amazing. How about this, so we used to have some chain link fences and then there was an 80,000 square foot parking lot, right?
noviolence_01-336	/datasets/violence/audio/noviolence_01-336.wav	No	and it was all kind of fenced in and protected. But coaches...
noviolence_01-337	/datasets/violence/audio/noviolence_01-337.wav	No	could not be wimpy in their coaching. They had to be so loud and they had to carry and control and bring everyone together. And we'd have coaches come in from other gyms and they would have.
noviolence_01-338	/datasets/violence/audio/noviolence_01-338.wav	No	evaporate through the fence like they just like to be like okay now and like we're and there are coaches were like these people suck and I'm like these are master coaches but who can't coach in any
noviolence_01-339	/datasets/violence/audio/noviolence_01-339.wav	No	and you know that's that's one of those things that you know we have to just be thinking about but if the environment creates it
noviolence_01-34	/datasets/violence/audio/noviolence_01-34.wav	No	and the kinesthetic feedback, you're maxed out. I mean, it's an expert race. And what's so nice is that I come out and I'm like, you know, it took me a week or two to recover my central nervous system.
noviolence_01-340	/datasets/violence/audio/noviolence_01-340.wav	No	You know, we didn't have to coach it because, you know, everyone's feet were together automatically in the burpee when you're coaching it outside. You have to control people's attention.
noviolence_01-341	/datasets/violence/audio/noviolence_01-341.wav	No	That brings me back to this idea that I really wanted to dig into, which is this formal language and natural movement. Because what I do is teach people.
noviolence_01-342	/datasets/violence/audio/noviolence_01-342.wav	No	about movement in nature and moving sort of how we evolve.
noviolence_01-343	/datasets/violence/audio/noviolence_01-343.wav	No	So, Evolve Move Play, right? Play, I think, is the best guide for what a human being really, evolution wants a human being to be able to do. Every kid runs.
noviolence_01-344	/datasets/violence/audio/noviolence_01-344.wav	No	jumps, climbs, lifts, carries, throws, wrestles, dances, because those are the things that you needed to do to survive and thrive as a human being throughout our evolution.
noviolence_01-345	/datasets/violence/audio/noviolence_01-345.wav	No	Yeah, at some point someone picked up a rock, they picked up a heavier rock, and it's not an accident in Scotland, they have these massive stones that are like, it's the stone, like the Husserfeld stone.
noviolence_01-346	/datasets/violence/audio/noviolence_01-346.wav	No	in a field, like a guy, this is a field, it's not like a, it's not in a cage, like you can just go up and pick up the Husserfeld stone if you want, but it's the stuff, if you can, but it's just...
noviolence_01-347	/datasets/violence/audio/noviolence_01-347.wav	No	the stone that everyone played with, the expression of what we did turned into a game, turned into a contest, turned into technique to formalize the game.
noviolence_01-348	/datasets/violence/audio/noviolence_01-348.wav	No	So you talked earlier about all the formal training that you got. Started with a sort of non-formal sport, really a wild sport, moved into a very formal practice, and now are going back.
noviolence_01-349	/datasets/violence/audio/noviolence_01-349.wav	No	into the wild and I you know I grew up in the woods running around got really into formal gymnastics, formal weightlifting you know I did my 223
noviolence_01-35	/datasets/violence/audio/noviolence_01-35.wav	No	but I came out completely unharmed ready to go again. And my understanding of when we row our kids down the river, like I don't have shoulder problems because I understand what the
noviolence_01-350	/datasets/violence/audio/noviolence_01-350.wav	No	and Deadlift 440 and did grace and 147 or whatever it was. So I did that and there was a lot that I gained from that.
noviolence_01-351	/datasets/violence/audio/noviolence_01-351.wav	No	within my own practice I've gone back into the wild and really kind of just...
noviolence_01-352	/datasets/violence/audio/noviolence_01-352.wav	No	trying to play and see what my body learned from that. Well, and let me interrupt because what's important is that you start to understand how strong am I? How strong do I need to be? That's a very interesting question.
noviolence_01-353	/datasets/violence/audio/noviolence_01-353.wav	No	idea. I think every man should be able to pick up 400 pounds because that means you have good technique and you've done some lifting training and everyone it's in a grass.
noviolence_01-354	/datasets/violence/audio/noviolence_01-354.wav	No	being able to deadlift 225 safely for a couple reps is probably just as effective as being able to deadlift 400. Right? You know what I mean? The benefits may not... Maybe the high level...
noviolence_01-355	/datasets/violence/audio/noviolence_01-355.wav	No	sport like I'm talking about like football or fast maybe that does transcend but recently for me you know I
noviolence_01-356	/datasets/violence/audio/noviolence_01-356.wav	No	You know I've realized I am big enough I am strong enough and that sounds ridiculous considering how strong my friends are things But my programming looks very different like you saw
noviolence_01-357	/datasets/violence/audio/noviolence_01-357.wav	No	how much aerobic work I do in the week.
noviolence_01-358	/datasets/violence/audio/noviolence_01-358.wav	No	you would feel sick. It's hard aerobic training. Kelly had this goal where he wanted to clean and jerk. How much was it? Clean 400. Clean 400 and you know he's kind of
noviolence_01-359	/datasets/violence/audio/noviolence_01-359.wav	No	working towards it and focused on it. And then our mutual friend and colleague, Gray Cook said, Kelly, you're not even known for that. And that was just a little trigger in his mind that he.
noviolence_01-36	/datasets/violence/audio/noviolence_01-36.wav	No	shoulder is supposed to do and what it's supposed to look like. And so that, the formalness, it's difficult to ever pull that out entirely because it teaches us the underpinning.
noviolence_01-360	/datasets/violence/audio/noviolence_01-360.wav	No	thought, it's true, why am I doing that? He's like, the compensations, the adaptations, the things you're going to sacrifice to clean a 400, it's never going to be worth that.
noviolence_01-361	/datasets/violence/audio/noviolence_01-361.wav	No	strong enough and you know I'm not a professional so good you know and he was able to sort of chop you know in that moment being this strong and this big
noviolence_01-362	/datasets/violence/audio/noviolence_01-362.wav	No	outside the gym.
noviolence_01-363	/datasets/violence/audio/noviolence_01-363.wav	No	doesn't give me I mean I can if you're moving a piano I'm your guy yeah right and it's fortunate I can still do a lot of pull-ups I can still run fast I can still swim and do all the things but like I am
noviolence_01-364	/datasets/violence/audio/noviolence_01-364.wav	No	I'm the largest paddler in the world. You know what I mean? And I'm like, does that serve me? So it's really, I think the conversation becomes, hey, I was competent enough.
noviolence_01-365	/datasets/violence/audio/noviolence_01-365.wav	No	Now I squat a little bit all the time because it makes my hips work better when I'm on the bike or rowing or paddling. So my reasons for doing the things changing...
noviolence_01-366	/datasets/violence/audio/noviolence_01-366.wav	No	and the volume changes, et cetera, et cetera. Yeah, I had really some experience. I was chasing 500 on my deadlift, you know, starting to make compensations, doing some roundback deadlifting. Lolli.
noviolence_01-367	/datasets/violence/audio/noviolence_01-367.wav	No	listening to powerlifters saying, it's cool bro, it's good. That's how you're going to lift the heaviest weight, that's what matters, right? And so I went to work with...
noviolence_01-368	/datasets/violence/audio/noviolence_01-368.wav	No	I went to be tested by Sparta Performance Science and they said well the aspect of your force production that correlates with the deadlift is...
noviolence_01-369	/datasets/violence/audio/noviolence_01-369.wav	No	really strong and the aspect that correlates with your split squat is really weak and that makes you really prone to injuries which is why you've just torn your Achilles tendon and done all these other things.
noviolence_01-37	/datasets/violence/audio/noviolence_01-37.wav	No	of the movement. And then once you are meta aware of what's going on, you have the meta cognition of how you move and what's going on.
noviolence_01-370	/datasets/violence/audio/noviolence_01-370.wav	No	So did I need a 500 pound deadlift to do what I do? No you did not. And here's the deal, if that's important to you, because you want to lift the Husserfeld Stone.
noviolence_01-371	/datasets/violence/audio/noviolence_01-371.wav	No	We're not saying don't do it, but we're saying you can't take your eye off the rest of it. Or if you do, you're going to have to come back to it eventually. Take care of the whole thing.
noviolence_01-372	/datasets/violence/audio/noviolence_01-372.wav	No	Right? I mean I can keep pursuing the deadlift but I better take care of those other things that will keep me from blowing out my Achilles tendon. You know our friend Brian McKenzie does a really good job for a long time saying hey look you know.
noviolence_01-373	/datasets/violence/audio/noviolence_01-373.wav	No	know you should be able to run a 5k all out and really 10k and you just need to keep an eye on your running and if you're not running that 10k is gonna suck
noviolence_01-374	/datasets/violence/audio/noviolence_01-374.wav	No	But you should have some base aerobic competency. And oh boy, we're right back at Heber and why can't you swim 1K? What is wrong with you?
noviolence_01-375	/datasets/violence/audio/noviolence_01-375.wav	No	there are some things that we should be able to do that we have gotten off the deep end on sexy because I feel sexy and I feel so strong and I like being all massive and my
noviolence_01-376	/datasets/violence/audio/noviolence_01-376.wav	No	jeans are tight, call my suck at everything else if I'm not careful. Yeah, I was raised in that era of kind of physical culture where it was like aerobics or any sort of aerobics.
noviolence_01-377	/datasets/violence/audio/noviolence_01-377.wav	No	system training is bullshit. You don't need that because you just want to be explosive. Stretching doesn't work, right?
noviolence_01-378	/datasets/violence/audio/noviolence_01-378.wav	No	Now, of course, I'm kind of going the other way. I'm like, well, I need to be able to recover from my exercise. I need to be able to sleep well. I need to be under less stress in general. Hey, the aerobic system affects all those things.
noviolence_01-379	/datasets/violence/audio/noviolence_01-379.wav	No	"I need that. I'm 210 pounds in a sport where the average athlete is 145 pounds. And 5'1"". So maybe, maybe."
noviolence_01-38	/datasets/violence/audio/noviolence_01-38.wav	No	the world is your oyster. And the problem, I think, is sometimes when you come out of this, because we work, people don't understand that, yes, we work in very formal sports, but I work in skiing, I work in, you know.
noviolence_01-380	/datasets/violence/audio/noviolence_01-380.wav	No	maybe getting bigger and getting stronger isn't really the thing that's limiting me from the performance that I want.
noviolence_01-381	/datasets/violence/audio/noviolence_01-381.wav	No	And yeah, so we're just going back to the basics, the basics, the basics. And what's the goal? So I can. So suddenly, I think we went through the basics. You know, I think you and I.
noviolence_01-382	/datasets/violence/audio/noviolence_01-382.wav	No	would be, you know, we would check the boxes on basics really well. Yeah. Then it really comes down to what do you want to do with this thing? You know, so if it's just talking about staying alive and managing your stress, well that
noviolence_01-383	/datasets/violence/audio/noviolence_01-383.wav	No	We can we can we know what that pattern looks like it talks about being ready to go for a hike to Grand Canyon with A backpack on yeah, or carry your kid out when your car gets a flat. I mean like those are the things that are
noviolence_01-384	/datasets/violence/audio/noviolence_01-384.wav	No	interesting and I really like what Chris McDougall says about his definition of fitness. Are you useful? Yeah. You know that that means you know like if you're if you're 70 and you can't get out of the chair that's not very useful.
noviolence_01-385	/datasets/violence/audio/noviolence_01-385.wav	No	So what is your fitness that's useful? And then you can define that within the terms, but you cannot.
noviolence_01-386	/datasets/violence/audio/noviolence_01-386.wav	No	make a specious argument that because you're ish functional ish or you can achieve a task that that's full capacity. So what you're saying takes me an hour and a half to warm up.
noviolence_01-387	/datasets/violence/audio/noviolence_01-387.wav	No	We have some problems. Yeah, absolutely. Besides getting the blood out of your stomach and waking your nervous system up, it shouldn't take us an hour and a half to get going.
noviolence_01-388	/datasets/violence/audio/noviolence_01-388.wav	No	And you can have a very high level of performance. And this is what we're talking about with the Seahawks players and the professional athletes that you work with. You can have a very high level of performance and actually be very far.
noviolence_01-389	/datasets/violence/audio/noviolence_01-389.wav	No	away from general function as a human being.
noviolence_01-39	/datasets/violence/audio/noviolence_01-39.wav	No	I mean so many extreme sports and what I can unequivocally say is that a lot of those athletes Don't have any self-awareness about how they do things or why they do things and they just can't do something
noviolence_01-390	/datasets/violence/audio/noviolence_01-390.wav	No	have the handbrakes on, but because you're a genetic mutant, and I don't think people realize that there are mutants amongst us, mutants that you can buffer that until one day you can't.
noviolence_01-391	/datasets/violence/audio/noviolence_01-391.wav	No	You know, as soon as you're at boo, that's a... Fragile and suddenly. Yeah, you become fragile. That's right. So, you know, I think the conversation is, hey, let's... And I like what Greg Cook has been saying lately. He's like, hey, look...
noviolence_01-392	/datasets/violence/audio/noviolence_01-392.wav	No	practicing medicine without vital signs of malpractice, why are we practicing movement without benchmarks of position and capacity?
noviolence_01-393	/datasets/violence/audio/noviolence_01-393.wav	No	and that means you should be able to hold a plank. Why? Because you know crawling and that means you have the control through the shoulders and those are basic shapes. I'm not saying you need to
noviolence_01-394	/datasets/violence/audio/noviolence_01-394.wav	No	train plank every day, but show me that you understand how to affect a neutral spine that as soon as I tip you in gravity a little bit you don't sag. Yeah. Right? Those are the benchmarks.
noviolence_01-395	/datasets/violence/audio/noviolence_01-395.wav	No	of motion in your shoulder, because if you're missing full range of motion in the shoulder, you're going somewhere. So let's establish base larks, then the way you want to practice and be with your kids and the way you want to practice.
noviolence_01-396	/datasets/violence/audio/noviolence_01-396.wav	No	I want to practice with my kids, that's just the family differences, right? Yeah, absolutely. Yeah, you know, full range of motion on your shoulder. You know what's issue?
noviolence_01-397	/datasets/violence/audio/noviolence_01-397.wav	No	You guys jump out. Okay. Thank you for having me. Yeah, thank you so much for joining us. This was great. Thank you. See you guys in a minute.
noviolence_01-398	/datasets/violence/audio/noviolence_01-398.wav	No	You know, we've been playing around the pool a lot lately, so we came to some of this interesting pool training with Laird Hamilton and through by Brian McKenzie. And it's things like, take this 45-
noviolence_01-399	/datasets/violence/audio/noviolence_01-399.wav	No	and a pen dumbbell and swimming across the pool and back. Right? And what you'll see is you either hooked up and connected or you're not because you can't swim.
noviolence_01-4	/datasets/violence/audio/noviolence_01-4.wav	No	A couple years later, Kelly came to my gym, did a seminar for us, and he kind of listened to what I was doing, some of my ideas, and he said, man, you got to take this out. You got to go create something with it.
noviolence_01-40	/datasets/violence/audio/noviolence_01-40.wav	No	And as soon as we give them a schema in the formality of the gym, then we can come right back in and reapply. And that has been the evolution of our own practice. Interesting. That's really interesting.
noviolence_01-400	/datasets/violence/audio/noviolence_01-400.wav	No	And so we create a situation where it's a one or zero in that, right? And you can tell the people who have good range of motion and are well connected, they can go back and forth. And that becomes...
noviolence_01-401	/datasets/violence/audio/noviolence_01-401.wav	No	So interesting like test your fitness or test your
noviolence_01-402	/datasets/violence/audio/noviolence_01-402.wav	No	competency in as many different realms as you can. And I think that's a big aspect of what I'm doing with Evolvmove Play, which is, look, human beings play in all these different patterns.
noviolence_01-403	/datasets/violence/audio/noviolence_01-403.wav	No	Kids don't just, they're not just like, I'm just gonna run, that's all, that's it. That's my whole physical practice. They're like, oh, we were having fun running, we're kind of bored with that, now we're gonna go throw something. Now we're gonna go.
noviolence_01-404	/datasets/violence/audio/noviolence_01-404.wav	No	play a ball game now we're going to go wrestle. My daughter is literally we just we had her Gen X tested yeah and she is at the 99th percentile for aerobic endurance function.
noviolence_01-405	/datasets/violence/audio/noviolence_01-405.wav	No	beautiful. Right? And she's an amazing runner. Big kid. Like she's a runner. She runs as beautifully as any human being I've ever seen, right? Now 7. What I can... And she's so fast. And what I can...
noviolence_01-406	/datasets/violence/audio/noviolence_01-406.wav	No	tell you is that we were like let's do some track and she's like I hate this yeah you know because it was the opposite of exactly you're talking about you know she's just like this is
noviolence_01-407	/datasets/violence/audio/noviolence_01-407.wav	No	and she's like, so boring. And I'm like, no, no, it's so good for you. Go around to the 400. You can see why that didn't resonate with her at all. No, I mean, so there's an enormous.
noviolence_01-408	/datasets/violence/audio/noviolence_01-408.wav	No	wisdom in play. Play like cats stalk and pounce things as kittens because that's how they catch their prey as adults. Dogs chase things and play tug-of-war and roughhouse because
noviolence_01-409	/datasets/violence/audio/noviolence_01-409.wav	No	because that's how they catch things. So human children have an inherent idea of the basics. If you go back and look at George Shabair's Basics of Human Movement.
noviolence_01-41	/datasets/violence/audio/noviolence_01-41.wav	No	That ties right into the big question I wanted to ask you guys, which was about this idea of how do we balance natural movement with a formal movement practice. You talked a lot about this and you've been talking about this for years.
noviolence_01-410	/datasets/violence/audio/noviolence_01-410.wav	No	every kid is going to express those naturally in their play regularly. And what I think is really powerful about play is that this is also our best motivation system.
noviolence_01-411	/datasets/violence/audio/noviolence_01-411.wav	No	Right. We're talking about okay. Do we gamify everything? Yeah, 100% And if you I mean and you you're you're so spot-on. I think if you could game everything
noviolence_01-412	/datasets/violence/audio/noviolence_01-412.wav	No	And literally, I think when Cross Run, they put it on a clock, it became a game. And that's why people were motivated by winning and losing or playing a game or competing or being on a team or solving a problem.
noviolence_01-413	/datasets/violence/audio/noviolence_01-413.wav	No	I mean one you nailed it
noviolence_01-414	/datasets/violence/audio/noviolence_01-414.wav	No	now let's take that consciousness and actually enrich the games. I think that's so smart. Yeah, so that's what we're working on. And that brings me back to this kind of the...
noviolence_01-415	/datasets/violence/audio/noviolence_01-415.wav	No	the really interesting question for me, because I'm doing this natural movement thing, and I've gone really deep into this aspect of kind of, what is this inherent wisdom of the body?
noviolence_01-416	/datasets/violence/audio/noviolence_01-416.wav	No	what does my body want to do? Like right now actually, I'd like to be able to squat a little bit.
noviolence_01-417	/datasets/violence/audio/noviolence_01-417.wav	No	right? So...
noviolence_01-418	/datasets/violence/audio/noviolence_01-418.wav	No	We're standing an extension for quite a long time.
noviolence_01-419	/datasets/violence/audio/noviolence_01-419.wav	No	body wants to go into flexion.
noviolence_01-42	/datasets/violence/audio/noviolence_01-42.wav	No	idea we need a formal movement practice. Now within my own work what I've been doing is taking people out into the woods and what I found is that when I kind of put people
noviolence_01-420	/datasets/violence/audio/noviolence_01-420.wav	No	are we listening to those signals?
noviolence_01-421	/datasets/violence/audio/noviolence_01-421.wav	No	That's not necessarily a game, but that's the type of intuitive wisdom that's coming out of moving.
noviolence_01-422	/datasets/violence/audio/noviolence_01-422.wav	No	We have to understand that we're not natural movers. We're not in a natural situation. Sitting at a desk for any extended period of time is not what a human being naturally does.
noviolence_01-423	/datasets/violence/audio/noviolence_01-423.wav	No	being in a car for an extended period of time, being on flat ground. I love what Kitty says about casts, being in casts and flat ground. We don't think about the fact that, yeah you're doing all this cool movement practice but...
noviolence_01-424	/datasets/violence/audio/noviolence_01-424.wav	No	It's flat, man. Okay, you've got great crawling patterns on flat ground.
noviolence_01-425	/datasets/violence/audio/noviolence_01-425.wav	No	Why does a human being need to be able to do a million different crawling patterns on flat ground? I think also you're getting to the Interesting pieces one of the art
noviolence_01-426	/datasets/violence/audio/noviolence_01-426.wav	No	So a lot of the conversation I have with my coach friends is what are the elements of formal practice that make...
noviolence_01-427	/datasets/violence/audio/noviolence_01-427.wav	No	physical competency in children. Yeah. I think it's a sliding sport.
noviolence_01-428	/datasets/violence/audio/noviolence_01-428.wav	No	Right? So you're surfing, you're skating, you're skiing.
noviolence_01-429	/datasets/violence/audio/noviolence_01-429.wav	No	probably some hand eye. You've got to have some hand eye and then there's somewhere, you know, whether you like it or not. Like swinging a racket. My daughters play volleyball. There's something like some aspect because you know...
noviolence_01-43	/datasets/violence/audio/noviolence_01-43.wav	No	in the environments that their bodies evolve for. There's a lot of self-organization of really good movement solutions. So when I teach someone, say, a step vault.
noviolence_01-430	/datasets/violence/audio/noviolence_01-430.wav	No	Georgia now can catch a ball and throw like it's her job because she plays volleyball all the time, right? She's competent manipulating something moving in space, right?
noviolence_01-431	/datasets/violence/audio/noviolence_01-431.wav	No	You'd be amazed at some of the guys in the parkour community, the most beautiful, amazing movers you've ever seen, flipping off buildings, cannot catch a ball for their lives.
noviolence_01-432	/datasets/violence/audio/noviolence_01-432.wav	No	couldn't shoot a basket at all.
noviolence_01-433	/datasets/violence/audio/noviolence_01-433.wav	No	those systems are connected, right? In order to be a great basketball player, you need to be able to run and jump well. But in order to run and jump well, you don't actually need to be able to have hand-eye coordination.
noviolence_01-434	/datasets/violence/audio/noviolence_01-434.wav	No	to be a good human mover, you got to have both. You know, I was in football, so I'm good at pattern recognition, but I really thought I wanted to play high level football.
noviolence_01-435	/datasets/violence/audio/noviolence_01-435.wav	No	I wasn't my whole life for a while. And I was really good when things were happening. Man, it was like slow motion and I was always, and then get the tackle or find the seam.
noviolence_01-436	/datasets/violence/audio/noviolence_01-436.wav	No	And it's because I spent so much time kayaking and skiing where I was taking input and making pattern and making decisions about what was happening in real time. And I'm like, oh yeah, because I've been kayaking since I was...
noviolence_01-437	/datasets/violence/audio/noviolence_01-437.wav	No	12, by the time I was tackling when I was 17, you know, I was like, this is the same and coming to it now. Because what I'm really talking about is, you know, what one of the...
noviolence_01-438	/datasets/violence/audio/noviolence_01-438.wav	No	definitions we have of best athlete and I say athlete I mean like best human is who can pick up the skill the fastest yeah what set of preconditions
noviolence_01-439	/datasets/violence/audio/noviolence_01-439.wav	No	create so that someone you can pick up a brand new skill and a you can substitute the word for skill for sport or skill for survival or skill for movement or skill for richness, right?
noviolence_01-44	/datasets/violence/audio/noviolence_01-44.wav	No	if I try to teach them a really systematic kind of step by step variation of the step ball.
noviolence_01-440	/datasets/violence/audio/noviolence_01-440.wav	No	what preconditions need to exist that you have the language that suddenly you can just transplant over? That becomes a very intellectually interesting question.
noviolence_01-441	/datasets/violence/audio/noviolence_01-441.wav	No	our daughters are on the swim team. And it's not because I want them to be swimmers. I don't think they're not going to the Olympics and swimming. I can tell you that. Yeah. But the breathing that it forces, like they
noviolence_01-442	/datasets/violence/audio/noviolence_01-442.wav	No	We have to learn how to breathe and work, right? So we start to get some cardio respiratory training at an early age and you know, it takes decades to develop that system.
noviolence_01-443	/datasets/violence/audio/noviolence_01-443.wav	No	They're competent in the water. They are like, you know, they can swim, they can hold their breath, they can go down to the bottom of our 11 foot pool. You know, our pool is 11 feet deep, they can carry dumbbells, they're just so functional.
noviolence_01-444	/datasets/violence/audio/noviolence_01-444.wav	No	in that water that I've been able, now we can go surf. Now we have a language where our kids are so fluent in these other things. So that really for me becomes
noviolence_01-445	/datasets/violence/audio/noviolence_01-445.wav	No	comes the interesting question, what are the core blocks that make the meal of who we should be as a human, and how does that evolve? Boy, this is a life's work to work on.
noviolence_01-446	/datasets/violence/audio/noviolence_01-446.wav	No	really interesting because when we get out into the wild it's generally a totally different thing right like when I was I went surfing recently I haven't done a lot of surfing but I really enjoyed it a couple times
noviolence_01-447	/datasets/violence/audio/noviolence_01-447.wav	No	I went and so we went out surfing and I was sitting there waiting for the wave and getting smashed by this water and there's current coming sideways, right? So we got the waves coming in. We've got the current. We've got all the things going on
noviolence_01-448	/datasets/violence/audio/noviolence_01-448.wav	No	underneath me and then you have we went up for two days and the first day the waves were kind of cra we're cresting at a certain rate and the next day they're cresting at a different rate and so it meant that
noviolence_01-449	/datasets/violence/audio/noviolence_01-449.wav	No	timing of when you jumped on the board was actually totally different between the two days and and I'm thinking to myself wow this is the most amazing movement nutrition right think about all the different
noviolence_01-45	/datasets/violence/audio/noviolence_01-45.wav	No	that can actually take longer than putting them in the right environment and just giving them a set of constraints and letting them go through it. And then when they learn it that with the kind of self-organization...
noviolence_01-450	/datasets/violence/audio/noviolence_01-450.wav	No	systems that are being turned on and engaged for my body when I'm in that environment, my brain. And yet, all the surfers I know who don't also have a full practice have bad backs, bad shoulders, not very fit.
noviolence_01-451	/datasets/violence/audio/noviolence_01-451.wav	No	fit, can't run. So what we were seeing is like, well, take my skill set, drop into an environment and if that's the only thing I do and the
noviolence_01-452	/datasets/violence/audio/noviolence_01-452.wav	No	Get off on surfing, dude surf! But just do not pretend that you're not going to have some blind spots. So we have this, you have to move like a human being. You have to engage the whole...
noviolence_01-453	/datasets/violence/audio/noviolence_01-453.wav	No	physical system. If you're not throwing, your shoulders not developing. I mean that's probably the single most unique human movement adaption. People talk about our endurance learning.
noviolence_01-454	/datasets/violence/audio/noviolence_01-454.wav	No	We're pretty good at that. Wolves are pretty amazing at that. A lot of other animals. There's nothing else that can throw a 90 mile an hour fastball. There's nothing else that can put a at a loud through a wooly mammoth.
noviolence_01-455	/datasets/violence/audio/noviolence_01-455.wav	No	using that a lot of spirit through the woman and man. So here, do you have hand-eye coordination? Can you throw? If you're not doing that, that's something you're missing. Can you jump? Can you squat?
noviolence_01-456	/datasets/violence/audio/noviolence_01-456.wav	No	You know, I think it was you who told me that there was a correlation between kids who, I can't remember who it was, but kids who had a tree in their backyard and were able to do pull-ups. Well, kids who live in snow environments...
noviolence_01-457	/datasets/violence/audio/noviolence_01-457.wav	No	can all throw because there's snowballs. Literally, swear to God, there's one to one. It's really cool, you know? That my kids suddenly become very interested in learning how to throw when they're.
noviolence_01-458	/datasets/violence/audio/noviolence_01-458.wav	No	Yeah, so with the wild movement, the natural movement, what I'm trying to do is say, how do we find these environments that are really rich and really get people to naturally engage?
noviolence_01-459	/datasets/violence/audio/noviolence_01-459.wav	No	with this movement. But there's a tendency here that I think this is what I'm really interested in getting your perspective on. There's a tendency to kind of think, well we don't need that formal.
noviolence_01-46	/datasets/violence/audio/noviolence_01-46.wav	No	what we see is that the system is more robust because it happened at a subcognitive level.
noviolence_01-460	/datasets/violence/audio/noviolence_01-460.wav	No	stuff once we've engaged in the playful stuff because obviously that's kind of the root. Like we didn't always have a formal education system. We just lived as natural human beings, we self-organized and it was great.
noviolence_01-461	/datasets/violence/audio/noviolence_01-461.wav	No	The problem is that most people are nowhere near having a full natural life. They have a natural movement session and they go back to living an unnatural life.
noviolence_01-462	/datasets/violence/audio/noviolence_01-462.wav	No	And even if they're like, even if they can burn their clothes and go live in the woods, how many years of that do they have versus the thousands of hours of sitting that they've gone behind? The show that my kids...
noviolence_01-463	/datasets/violence/audio/noviolence_01-463.wav	No	watch and I let them watch obsessively is naked and afraid, which is such a beautiful expression. And my kids watch it for the environmental loads and it's because it's funny that they're naked.
noviolence_01-464	/datasets/violence/audio/noviolence_01-464.wav	No	But we watch it because it's interpersonal of the physicality, like solving these problems and how that gets you to expose your foibles and your vulnerabilities.
noviolence_01-465	/datasets/violence/audio/noviolence_01-465.wav	No	and the holes in your psyche about being cold, being comfortable, you know, we started a cold, an ice bath practice for central nervous system. We keep it as
noviolence_01-466	/datasets/violence/audio/noviolence_01-466.wav	No	far away from training. I'm not talking about icing after training. But it resets the central nervous system and trains us to like so when Georgia takes an ice bath every day.
noviolence_01-467	/datasets/violence/audio/noviolence_01-467.wav	No	she goes to bed. Like there's three inches of ice and she lowers herself in the water and she knows that it's not about how long she stays in the water because that can be variable, it's about how well she...
noviolence_01-468	/datasets/violence/audio/noviolence_01-468.wav	No	when she's in the water so she doesn't default to this like shock breath she's taking these full breaths you know and that's the consciousness that we can see.
noviolence_01-469	/datasets/violence/audio/noviolence_01-469.wav	No	could then put back on to, you know, how much formal training do I need? You need enough to support that. That's all and no more. You know, in fact, the more...
noviolence_01-47	/datasets/violence/audio/noviolence_01-47.wav	No	Well, you know what?
noviolence_01-470	/datasets/violence/audio/noviolence_01-470.wav	No	time you spend here, the richness that is great, you know, Jeremy Jones, one of our favorite snowboarders, a friend of ours, he was like, look, I'm going to go into the world and carry a pack.
noviolence_01-471	/datasets/violence/audio/noviolence_01-471.wav	No	I'd better carry a pack in the world. Because that's the best way to get in a train. Trains on this uneven train with a heavy backpack, right? That's how he gets ready to climb mountains with a backpack on. Karma.
noviolence_01-472	/datasets/violence/audio/noviolence_01-472.wav	No	That guy also has a pretty good practice back home, and it's enough. Will Gad is another great guy, phenomenal paraglider, Red Bull athlete, and he...
noviolence_01-473	/datasets/violence/audio/noviolence_01-473.wav	No	sets up his house to be a jungle gym play where he can do his formal stuff and sometimes it's very rote. He rows and does deadlifts like that is just you
noviolence_01-474	/datasets/violence/audio/noviolence_01-474.wav	No	know for me that like the simplest expression of formal I have a hundred and eighty pound stone at home I run a little bit I pick up the stone until I don't want to and I run a little bit more and I pick up the stone
noviolence_01-475	/datasets/violence/audio/noviolence_01-475.wav	No	and then I do that until I'm done. Yeah. And it's open-ended. There's no clock. So I'm starting to fatigue, I'm slowing down, there's something, thing, or I'm going really long. I'll leave it an open-ended test.
noviolence_01-476	/datasets/violence/audio/noviolence_01-476.wav	No	But for me, I'm like that is very formal and not very sexy and I haven't touched any corners But it's the minimum dose to keep myself alive until I have the time to be more
noviolence_01-477	/datasets/violence/audio/noviolence_01-477.wav	No	Yeah, the minimal dose everything are taking care of what is the thing that you have to take care of every day? Like for me, it's been this idea of get up and take a walk and a walk for me isn't just like
noviolence_01-478	/datasets/violence/audio/noviolence_01-478.wav	No	like walking on flat ground. I go somewhere in nature and I'll climb a tree. I will do some low level vaults, but it's all kind of at that walking pace. It's all at this like.
noviolence_01-479	/datasets/violence/audio/noviolence_01-479.wav	No	I'm not trying to stress my body out. I'm not trying to push to intensity. I love it. I'm working on something I'm calling like, it's sun salutation for the modern person.
noviolence_01-48	/datasets/violence/audio/noviolence_01-48.wav	No	I think what's really important to understand is that if we overlay what modern life looks like, people are really busy.
noviolence_01-480	/datasets/violence/audio/noviolence_01-480.wav	No	Like what is a five minute practice in your gym, I mean in your garage, where you always touch these corners so that they don't go blind to you for a day or two. Cause that's the problem. You know, hey, by the way,
noviolence_01-481	/datasets/violence/audio/noviolence_01-481.wav	No	Since no one programmed pull-ups for you in a week. You haven't put your arms over your head in a week You know what I mean? Like what do you think happens if you didn't touch your face for a week? You'd be like, oh, it's so sick
noviolence_01-482	/datasets/violence/audio/noviolence_01-482.wav	No	I can't touch my face. So that's the question is you know are we Movement snacking enough today where I can hit those things a good warm
noviolence_01-483	/datasets/violence/audio/noviolence_01-483.wav	No	warm up, dedicated warm up, can at least get you to touch those positions in your brain and tell the tissues, we're not going there a lot today, but we're still going there.
noviolence_01-484	/datasets/violence/audio/noviolence_01-484.wav	No	And that's that's that idea. You know that's why I love climbing trees is because all of a sudden overhead gonna happen Reaching in all these little different corners being
noviolence_01-485	/datasets/violence/audio/noviolence_01-485.wav	No	You know in this position reaching this way reaching this way reaching side to side Full dorsiflexion of the ankle. Massive. Wow also stretching all the way through here. So you're
noviolence_01-486	/datasets/violence/audio/noviolence_01-486.wav	No	that fascia all the way from the hand down into the foot. Or, comma, just climbing a tree. Just climbing a tree, yeah. Climbing a tree is a huge, is actually, I think, a really...
noviolence_01-487	/datasets/violence/audio/noviolence_01-487.wav	No	wonderful way to try and hit all these corners that you talk about. We're working on a dedicate teaching space near our house just for courses and the gym...
noviolence_01-488	/datasets/violence/audio/noviolence_01-488.wav	No	structure you had at Park Revisions has lived in my brain because the kids come in and they start climbing like monkeys and it's amazing to see. Right? And there's the swinging and
noviolence_01-489	/datasets/violence/audio/noviolence_01-489.wav	No	Literally, we pick up my daughter, my younger, we pick up our kids yesterday after care, and Carolyn's, wait, wait, wait, wait, and she walks over to this bench, and it's her thing she does before she gets in the car, and she jumps and she tries to.
noviolence_01-49	/datasets/violence/audio/noviolence_01-49.wav	No	One aspect of that is, what's the most efficient way to teach someone a skill? Well, hey, maybe teaching someone in this artificial fake outdoor gym, right? Which is like any parkour gym.
noviolence_01-490	/datasets/violence/audio/noviolence_01-490.wav	No	spin around twice and get back to the bench. And it's just like her game. And she's like, I messed it up. And she does it like six times. And finally I'm like, Caroline, that's enough to swing it. How dare you? Like, you know, but that.
noviolence_01-491	/datasets/violence/audio/noviolence_01-491.wav	No	that thing, you know, those are the things, you know, we have a slackline in our house, our kids are in the pool every day, you know, we, we, we, you know, we're in the garage.
noviolence_01-492	/datasets/violence/audio/noviolence_01-492.wav	No	and I have a rope in the garage and gymnastics rings. And it's just noise. And I think that's what's fun, is that you can turn play into all day long. It doesn't have to be formal play. It can just be.
noviolence_01-493	/datasets/violence/audio/noviolence_01-493.wav	No	spontaneous play, then, you know, one of the great things is that we, I really want my kids to skateboard. I picked up skating late, even though I could ski, so I picked up fast.
noviolence_01-494	/datasets/violence/audio/noviolence_01-494.wav	No	But we just got this golf board, which is like an electric golfing surfboard. It was invented for golf, but it's like a surfboard. But it goes 12 miles an hour and it really...
noviolence_01-495	/datasets/violence/audio/noviolence_01-495.wav	No	turns and Georgia is on it like she comes home she's going out for the golfboard and watching her figure out where to put her hip and weight balance and plan ahead and you know I'm like wow
noviolence_01-496	/datasets/violence/audio/noviolence_01-496.wav	No	You know, just more background noise. You know, just fantastic. Yeah, create more rich movement environments. Like this is a big part of this movement hygiene thing is, what do you have available to you?
noviolence_01-497	/datasets/violence/audio/noviolence_01-497.wav	No	Right everyone needs something they can hang from right everyone needs. I think you use diverse services, right? You shouldn't be on flat hard ground all the time like if we can have just
noviolence_01-498	/datasets/violence/audio/noviolence_01-498.wav	No	an outdoor place for someone to go where they can squat down on something that's not just the same type of surface that they've been in on indoors all the time. We can take a walk on something like that.
noviolence_01-499	/datasets/violence/audio/noviolence_01-499.wav	No	that. The more stuff that we can get like this and just feed the nervous system, feed the tissues, more different loading vectors, more kinesthetic information.
noviolence_01-5	/datasets/violence/audio/noviolence_01-5.wav	No	that's broader than just a gym and that was really kind of the push that started the Evolve Mood Play process so I'll always be a huge fan of Kelly and incredibly thankful to these guys.
noviolence_01-50	/datasets/violence/audio/noviolence_01-50.wav	No	It doesn't resonate and it doesn't block the pattern. So what we're saying is, for example, if I'm trying to get someone to do a better burpee or to learn the mechanics of jumping landing safe, if I say put your feet together...
noviolence_01-500	/datasets/violence/audio/noviolence_01-500.wav	No	You're gonna have a structure that's more resilient, more adaptable, and you're gonna be a lot happier and have more fun. Well, you know, I think you know that sounds great and then you go to New York City.
noviolence_01-501	/datasets/violence/audio/noviolence_01-501.wav	No	city and you're like okay it's gonna be trickier. So then it really becomes a question of you know what aspects of that play or that richness can I incorporate and I think that's what we need to do.
noviolence_01-502	/datasets/violence/audio/noviolence_01-502.wav	No	You know a move a natural movement practice is high concept shouldn't be but it's high concept the way we live now Yeah, so how do we take the best tenants of that?
noviolence_01-503	/datasets/violence/audio/noviolence_01-503.wav	No	and apply. And that's what we need to do. You know, even if it means, hey, these are monkey bars. Show me how creative you can get on the monkey bar. Let's play a monkey bar game where you can't do the same pass twice. And we're going to do this for 30 minutes.
noviolence_01-504	/datasets/violence/audio/noviolence_01-504.wav	No	Boy, that becomes very, very, very interesting very quickly. So these are the ongoing conversations I think are important. Some things that I've learned is that.
noviolence_01-505	/datasets/violence/audio/noviolence_01-505.wav	No	I started a breathing practice. Huge. It's 15 minutes every day. And it's not about meditation. That's a side effect. It's about mechanical ventilation. And then I do a breath holds on the end.
noviolence_01-506	/datasets/violence/audio/noviolence_01-506.wav	No	this is Wim Hof, I've gone down that Wim Hof pathway and you know like I don't feel right unless I've primed you know and boy that's almost like stretching for my lungs.
noviolence_01-507	/datasets/violence/audio/noviolence_01-507.wav	No	in a least term, right? But also the consciousness. You know, thinking about hey, I want to do a goal. So, something I taper my movement...
noviolence_01-508	/datasets/violence/audio/noviolence_01-508.wav	No	practice into solving a goal problem.
noviolence_01-509	/datasets/violence/audio/noviolence_01-509.wav	No	you know, hey, I'm gonna just try to eat more vegetables in a day. Those are the things I think can be a constant conversation. And remember, I think the pendulum does this.
noviolence_01-51	/datasets/violence/audio/noviolence_01-51.wav	No	automatically you're protected. So I can block your movement patterning and automatically get a better response. If I'm on a on a limb I'm gonna get the same response and so you
noviolence_01-510	/datasets/violence/audio/noviolence_01-510.wav	No	right? And you catch perfect.
noviolence_01-511	/datasets/violence/audio/noviolence_01-511.wav	No	Every other time, but there's a moment. We're like damn it. I crushed it today, and then tomorrow You're on an airplane and you're crippled. So what does that mean? How do I manage that those?
noviolence_01-512	/datasets/violence/audio/noviolence_01-512.wav	No	the applications I think we can really change people's lives.
noviolence_01-513	/datasets/violence/audio/noviolence_01-513.wav	No	Yeah, how we can find that in some balance between.
noviolence_01-514	/datasets/violence/audio/noviolence_01-514.wav	No	Find what you love, engage with it, engage in play, and find the thing that motivates you, but then ask yourself, what are you missing?
noviolence_01-515	/datasets/violence/audio/noviolence_01-515.wav	No	What is the thing that is going to unlock that next level for you? Yeah, you know, if you can't do a pull-up, red flag. You know, if you can't do a push-up, red flag. You know, if you can't...
noviolence_01-516	/datasets/violence/audio/noviolence_01-516.wav	No	If you can't squat all the way down with your ankles on the ground, red flag. And that doesn't mean, and this is the goal I think for people is that we say muscles and tissues are obedient dogs. It means that you're always in a lim-
noviolence_01-517	/datasets/violence/audio/noviolence_01-517.wav	No	learning state and you can always learn and pick up a new skill always. Tush has become a little less compliant, but they'll come around always. So it's never too late to have a conversation and we recognize it.
noviolence_01-518	/datasets/violence/audio/noviolence_01-518.wav	No	People come from some background that, you know, I don't know your injury history, I don't know your work history, your stress history, I don't know if you had cancer. Doesn't matter. You're either complete or incomplete. Right? It's yes or no.
noviolence_01-519	/datasets/violence/audio/noviolence_01-519.wav	No	it's developing, it's not good or bad, it's just you have incomplete shoulder position. I don't know, because you carry body armor and a gun for six months, you know? So great, well that allows us, so that what we need to do then.
noviolence_01-52	/datasets/violence/audio/noviolence_01-52.wav	No	by removing some of the variability, possibility, you get the true expression of what we're after. So that becomes, you know, important and also that ag...
noviolence_01-520	/datasets/violence/audio/noviolence_01-520.wav	No	The only other critique I have about what's happening is that people are not also thinking this is a diagnostic process.
noviolence_01-521	/datasets/violence/audio/noviolence_01-521.wav	No	Hopefully the movement practice starts to solve some things, but I can also guarantee you that we are incomplete movers because we're modern. Because we can't...
noviolence_01-522	/datasets/violence/audio/noviolence_01-522.wav	No	come to it late, right? Yeah, this is a really interesting thing for me, is going into formal systems, trying to learn the diagnostics, and then trying to apply them to a natural movement.
noviolence_01-523	/datasets/violence/audio/noviolence_01-523.wav	No	I need to know what your shoulder can do. I need to know what's happening at your hip. I need to know what's happening at your ankle.
noviolence_01-524	/datasets/violence/audio/noviolence_01-524.wav	No	And now that I've developed a really good eye for that using FMS, using some of your stuff, some of Katie's stuff, whatever it is, now when I take somebody out and have them move in a tree...
noviolence_01-525	/datasets/violence/audio/noviolence_01-525.wav	No	and climb, all of a sudden the pattern becomes clear. So we have to be going back and forth between formalizing and objectivizing these physical exercises. Finding.
noviolence_01-526	/datasets/violence/audio/noviolence_01-526.wav	No	what is there and then going back to what is the root of them because
noviolence_01-527	/datasets/violence/audio/noviolence_01-527.wav	No	We'll never capture all the information of what it means to move through a tree in any formalized... Well, what do I need to do? Why do I need to do a pistol? I mean, literally, a one-legged squad...
noviolence_01-528	/datasets/violence/audio/noviolence_01-528.wav	No	I'm never going to do that in nature. Until I'm on a tree and I'm lowering myself to another tree or I'm on the edge of a cliff or edge of a step and I have to lower down. And then I'm in that position automatically.
noviolence_01-529	/datasets/violence/audio/noviolence_01-529.wav	No	Yeah, you know and I think that's the the issues that we were just not clever enough to have connected the dots What we recognize is the pistol forces me to have full range of motion control on a single leg, right?
noviolence_01-53	/datasets/violence/audio/noviolence_01-53.wav	No	so we can take that concept and say...
noviolence_01-530	/datasets/violence/audio/noviolence_01-530.wav	No	the thing full hip range of motion but that's not the thing that we actually care about at all. In fact training that that's good but more importantly being able to understand it and see how it relates and see that that is
noviolence_01-531	/datasets/violence/audio/noviolence_01-531.wav	No	the diagnostic and that's why I think we've had good success with M.Y. to saying the language, classic language of conditioning.
noviolence_01-532	/datasets/violence/audio/noviolence_01-532.wav	No	and strengthening can also be a diagnostic tool. So that we can converge what everyone agrees on because I don't care if you believe in you're in the world, I know you believe in the.
noviolence_01-533	/datasets/violence/audio/noviolence_01-533.wav	No	push up or getting up off the ground. Right? And this is a crappy pattern. And this is a pattern that translates to everything else. Right? So why aren't we seeing that? Well, it's...
noviolence_01-534	/datasets/violence/audio/noviolence_01-534.wav	No	to see that in more dynamic environments with a little bit more noise, it's easier to see it on the ground. And so as soon as you can then see it...
noviolence_01-535	/datasets/violence/audio/noviolence_01-535.wav	No	then maybe need to do it less on the ground, right? Less than the gym. But we have to give people the language, because what I have seen over the last 30 years or 40 years is that it's just not working.
noviolence_01-536	/datasets/violence/audio/noviolence_01-536.wav	No	let's do more of it, I don't know why, oh you got hurt, oh that's, you know, that's where we can really start to make changes. And we can improve this. You experienced this your.
noviolence_01-537	/datasets/violence/audio/noviolence_01-537.wav	No	going through kind of a wild practice saying you know I'm pushing I'm pushing I'm doing all these really cool things I'm gaining but stuff's getting stuck and I don't know what it is that's right go into a more formal
noviolence_01-538	/datasets/violence/audio/noviolence_01-538.wav	No	practice you learn something you can go back and say oh well that's obvious that if my shoulder was in the wrong position that's right that I'm not gonna be able to keep getting better at paddling at a certain point.
noviolence_01-539	/datasets/violence/audio/noviolence_01-539.wav	No	gonna get broken. And that's what's amazing. And then also we do see people who, it's apologetics, where they're like, oh I don't go into the gym. We have two neighbors who are like mountain bikers.
noviolence_01-54	/datasets/violence/audio/noviolence_01-54.wav	No	you know, what is it about our lives and our daily practice?
noviolence_01-540	/datasets/violence/audio/noviolence_01-540.wav	No	Like we were training in our garage and we have a pretty sophisticated movement practice to let it on for a couple of middle-aged People and they were like they were laughing at so like our gyms
noviolence_01-541	/datasets/violence/audio/noviolence_01-541.wav	No	out there and I was like you're on a fucking bike. You know what I mean? There's some good stuff happening there, but dude, you are not competent in any other realm except your little.
noviolence_01-542	/datasets/violence/audio/noviolence_01-542.wav	No	mountain bike with your hunchback. And so I think what we just need to make sure is that we're not.
noviolence_01-543	/datasets/violence/audio/noviolence_01-543.wav	No	saking completeness or possibility and then you know then we can really talk about what is self-actualization physically and
noviolence_01-544	/datasets/violence/audio/noviolence_01-544.wav	No	We should be chasing that why aren't we refining? Why can't you know? This thing is so remarkable and with just a little care and feeding you won't tweak your back. You won't wear a hole in
noviolence_01-545	/datasets/violence/audio/noviolence_01-545.wav	No	kneecap. It won't blow your Achilles. These are tissues that are designed to go the distance.
noviolence_01-546	/datasets/violence/audio/noviolence_01-546.wav	No	It's our error in the way we move and the way we feed them that it's our fault.
noviolence_01-547	/datasets/violence/audio/noviolence_01-547.wav	No	Awesome, I think that's a good spot for us to kind of stop the conversation for today. Oh man, we can do this. This is what people understand.
noviolence_01-548	/datasets/violence/audio/noviolence_01-548.wav	No	My friends who are thinkers, they are nerds. You are such a nerd. I just read a quote that was like, that you should strive to lead a life where you don't need a vacation from.
noviolence_01-549	/datasets/violence/audio/noviolence_01-549.wav	No	Yeah, literally like we work hard, but this is it. I mean, this is work and play and this is what I'd be doing in my Yeah. Yeah, absolutely Thank you so much. Look forward
noviolence_01-55	/datasets/violence/audio/noviolence_01-55.wav	No	If I sit, I'm toast. My butt is dead, my snow is dead, my diaphragm is toast, my pelvic floor is toast, I'm in turn running to the neck. You can just check the boxes, right?
noviolence_01-550	/datasets/violence/audio/noviolence_01-550.wav	No	to doing it again. Thanks guys.
noviolence_01-56	/datasets/violence/audio/noviolence_01-56.wav	No	But if I force myself to be in a moving situation where I'm in constant movement and I make the environment fit the physiology, then we're always going to have a better solution.
noviolence_01-57	/datasets/violence/audio/noviolence_01-57.wav	No	You know, at some point, you know...
noviolence_01-58	/datasets/violence/audio/noviolence_01-58.wav	No	We can do carries and hope that we get there, but at some point we're teaching people the formal aspect of it.
noviolence_01-59	/datasets/violence/audio/noviolence_01-59.wav	No	still works because we understand at that tissue level mechanical model now because we have so much that allows us to refine the play and that's what we need to do.
noviolence_01-6	/datasets/violence/audio/noviolence_01-6.wav	No	guys for supporting my work. So I'm really excited to do our first podcast for Volumoo Play with us, Duretz. So thank you guys so much for being here. Pleasure. Thanks for having us. So.
noviolence_01-60	/datasets/violence/audio/noviolence_01-60.wav	No	We have to find this balance between the two is what I found in my practice The coach needs to know what the pattern that they're looking for how to cue it, right? So if you're trying to cue a burpee
noviolence_01-61	/datasets/violence/audio/noviolence_01-61.wav	No	a bunch of different cues, that's going to make it too difficult for the athlete to just self-organize the right solution. But if you find that one cue, the feet together, or in my case putting them in a tree, then all of a sudden...
noviolence_01-62	/datasets/violence/audio/noviolence_01-62.wav	No	It kind of flows from there and then we get move our good movement solutions Yeah, and you know what's really great about that is there's a concept that we've been doing with It comes out of industry
noviolence_01-63	/datasets/violence/audio/noviolence_01-63.wav	No	accident research and it's called self-organized criticality. And the idea around that is, you know, people are always gonna find solutions from the environment.
noviolence_01-64	/datasets/violence/audio/noviolence_01-64.wav	No	That's the problem with human beings that were so stinking clever. You know, there's a great say I don't remember who said it but like someone's like, you know, it's easy to forget because the hands are clever. Yeah
noviolence_01-65	/datasets/violence/audio/noviolence_01-65.wav	No	I can manipulate I forget what happens up here and it doesn't even matter because my hands are so clever right yeah that I Can't really see what's happening because look I still can grab the staff, but uh this is
noviolence_01-66	/datasets/violence/audio/noviolence_01-66.wav	No	you know crappy position right and all you have to do is go watch the Walking Dead right now and see that guy hold the staff with his valgus knees and you're like you don't understand it's hard to watch it's hard to watch
noviolence_01-67	/datasets/violence/audio/noviolence_01-67.wav	No	But what we've seen is...
noviolence_01-68	/datasets/violence/audio/noviolence_01-68.wav	No	I doubt Rafe is watching a lot of walking dead, baby. I doubt he is. Can I see your hand? Can I see your hand? Have you ever seen this correction? You gotta watch the walking dead, bro. Okay. Alright, so the idea though is...
noviolence_01-69	/datasets/violence/audio/noviolence_01-69.wav	No	What we see is the same way that you're saying, hey look, what decisions do I make as a teacher of the human to move correctly? Yeah.
noviolence_01-7	/datasets/violence/audio/noviolence_01-7.wav	No	The first thing I wanted to ask you guys about is just kind of...
noviolence_01-70	/datasets/violence/audio/noviolence_01-70.wav	No	and to move efficiently and naturally.
noviolence_01-71	/datasets/violence/audio/noviolence_01-71.wav	No	What what decisions do I make about environment or tools to elicit that response?
noviolence_01-72	/datasets/violence/audio/noviolence_01-72.wav	No	because what we know is the opposite is going to also happen instead of saying self-organized fluency I'm gonna see a self-organized criticality which means I'm solving problems and because they
noviolence_01-73	/datasets/violence/audio/noviolence_01-73.wav	No	haven't gone critical yet.
noviolence_01-74	/datasets/violence/audio/noviolence_01-74.wav	No	I think that's an okay solution. And that is my only critique of the movement natural system, is that, hey, we've run that experiment in swimming and biking and running, and people get hurt.
noviolence_01-75	/datasets/violence/audio/noviolence_01-75.wav	No	Because they don't have some formal training. But it's so easy to go down the formal training rabbit hole and forget the whole point is out there. We've seen so many people do that.
noviolence_01-76	/datasets/violence/audio/noviolence_01-76.wav	No	our universe. I mean, so many people literally are in the gym. That's all they do. They never even go outside and do anything.
noviolence_01-77	/datasets/violence/audio/noviolence_01-77.wav	No	And you know, that's, we think that's it. Hurts their gains, right? Yeah, yeah, I mean, yeah. Hurts their gains. I would say that we are seeing a renaissance.
noviolence_01-78	/datasets/violence/audio/noviolence_01-78.wav	No	of people saying, okay, I've understood now, I've done the time, and maybe the time that I should have had earlier. So like, our daughters, we have a little group at our house that gets together once a week or twice a week.
noviolence_01-79	/datasets/violence/audio/noviolence_01-79.wav	No	And one of the things we always do is we front squat.
noviolence_01-8	/datasets/violence/audio/noviolence_01-8.wav	No	You guys have done a lot of movement stuff. You guys came from canoeing, both of you guys. You went into CrossFit really early, adopters of CrossFit. You guys got into looking.
noviolence_01-80	/datasets/violence/audio/noviolence_01-80.wav	No	Alillist. Whoa.
noviolence_01-81	/datasets/violence/audio/noviolence_01-81.wav	No	And so we're laying on this formal training early enough so the kids are aware. And you should see George, my 10 year old front squat is a 45 pound men's bar.
noviolence_01-82	/datasets/violence/audio/noviolence_01-82.wav	No	And now she's realizing that when she gets heavy in the fifth rep of that 45, her positions are robust and there's no deviation. So now we have this formal move.
noviolence_01-83	/datasets/violence/audio/noviolence_01-83.wav	No	training, front squatting in my house, right, that she can then express in playing volleyball in the instantaneous play games. And we didn't have a lot of that as kids. We had the president's physical fitness.
noviolence_01-84	/datasets/violence/audio/noviolence_01-84.wav	No	and that was about it but we didn't have any of that and it took us until you know we were both 30 years old when we really got out of formal sport and moved into what we call movement practice. Yeah absolutely.
noviolence_01-85	/datasets/violence/audio/noviolence_01-85.wav	No	or 30 years old by that point. So that segues us into a question I really wanted to ask. Juliette actually has to go a little bit early today. So I really wanted to get into this thing you guys are doing with stand-up kids.
noviolence_01-86	/datasets/violence/audio/noviolence_01-86.wav	No	I had a conversation with a friend of mine who's a PT for the sales seahawks. He's saying...
noviolence_01-87	/datasets/violence/audio/noviolence_01-87.wav	No	He and the guys he worked with are really worried about the next generation of kids coming up because they're looking at athletes now who are much more fragile. Just in five years.
noviolence_01-88	/datasets/violence/audio/noviolence_01-88.wav	No	generation of athletes has come up.
noviolence_01-89	/datasets/violence/audio/noviolence_01-89.wav	No	who have gotten weaker, who are more injury prone, who are falling apart much earlier in their careers, and they're saying, man.
noviolence_01-9	/datasets/violence/audio/noviolence_01-9.wav	No	much more deeply at this idea of movement in general and how we can fix that. You know your certification was called the movement certification right? Mobility and movement. And you've been doing that.
noviolence_01-90	/datasets/violence/audio/noviolence_01-90.wav	No	10 years down the road, the work of a PT in the NFL is going to be just insane because you're going to have blown ACLs all the time, you're going to have blown Achilles all the time. And they're seeing...
noviolence_01-91	/datasets/violence/audio/noviolence_01-91.wav	No	that it's that population profoundly athletic right some of the most powerful fast movers that we've ever seen has changed everything we can model pick we can we can
noviolence_01-92	/datasets/violence/audio/noviolence_01-92.wav	No	You can copy, comma, but at the same time, these guys are actually totally sedentary.
noviolence_01-93	/datasets/violence/audio/noviolence_01-93.wav	No	And they've been sedentary except for their sports practice for years. They don't get to run outside. They don't get to climb trees. They don't get to actually behave like a normal human being. And they get compromised by the environment.
noviolence_01-94	/datasets/violence/audio/noviolence_01-94.wav	No	So take environmental compromise, right? We're malnourished, but overfed. We're not moving through the whole day. Tissues are congested, and you're...
noviolence_01-95	/datasets/violence/audio/noviolence_01-95.wav	No	adopting compensatory patterns. You know, if you look at the school, I mean, the...
noviolence_01-96	/datasets/violence/audio/noviolence_01-96.wav	No	The Kaiser Family Foundation put out a study that said...
noviolence_01-97	/datasets/violence/audio/noviolence_01-97.wav	No	that kids between eight and 18 across socioeconomic cohort, doesn't matter where you from, those kids are spending an average of seven and a half hours a day in front of a screen. Yeah. So the key.
noviolence_01-98	/datasets/violence/audio/noviolence_01-98.wav	No	And I mean, the one thing I thought was really interesting and goes with what the Seahawks guys are saying is that kids today run a mile, an average of a minute and a half slower than their parents.
noviolence_01-99	/datasets/violence/audio/noviolence_01-99.wav	No	And your dad was slow. So you know, separate and apart from all the orthopedic dysfunction, there's like a general fitness issue that we're seeing.
noviolence_02-1	/datasets/violence/audio/noviolence_02-1.wav	No	Hey guys, Reef here from Development Play. Today I'm here with Frank Forensic from Exuberant Animal. Frank is one of the really kind of early thinkers on applying the
noviolence_02-10	/datasets/violence/audio/noviolence_02-10.wav	No	help them organize an event.
noviolence_02-100	/datasets/violence/audio/noviolence_02-100.wav	No	I think it's a distraction and it takes us away from the experience of moving our bodies and we become more like data collectors.
noviolence_02-101	/datasets/violence/audio/noviolence_02-101.wav	No	That's part of it.
noviolence_02-102	/datasets/violence/audio/noviolence_02-102.wav	No	It can be powerful.
noviolence_02-103	/datasets/violence/audio/noviolence_02-103.wav	No	I think it's very limiting.
noviolence_02-104	/datasets/violence/audio/noviolence_02-104.wav	No	We say everybody who's gonna.
noviolence_02-105	/datasets/violence/audio/noviolence_02-105.wav	No	Run, everybody should run. We're all gonna run and now we're gonna measure who wins.
noviolence_02-106	/datasets/violence/audio/noviolence_02-106.wav	No	Well you have a small group of people.
noviolence_02-107	/datasets/violence/audio/noviolence_02-107.wav	No	a lot of people who end up not.
noviolence_02-108	/datasets/violence/audio/noviolence_02-108.wav	No	And that's kind of seeped into the whole culture.
noviolence_02-109	/datasets/violence/audio/noviolence_02-109.wav	No	I thought people see my video.
noviolence_02-11	/datasets/violence/audio/noviolence_02-11.wav	No	I found a lot of inspiration in his work at the time, but we kind of drifted apart and I hadn't really...
noviolence_02-110	/datasets/violence/audio/noviolence_02-110.wav	No	I'll never reach that level or I'm 25 or I'm 35 or I'm 18 and I feel like I'm too old.
noviolence_02-111	/datasets/violence/audio/noviolence_02-111.wav	No	It's crazy how young people think they're too old in our culture.
noviolence_02-112	/datasets/violence/audio/noviolence_02-112.wav	No	Hmph.
noviolence_02-113	/datasets/violence/audio/noviolence_02-113.wav	No	And I'm always like, well.
noviolence_02-114	/datasets/violence/audio/noviolence_02-114.wav	No	Maybe you won't, ever.
noviolence_02-115	/datasets/violence/audio/noviolence_02-115.wav	No	from one waterfall to another.
noviolence_02-116	/datasets/violence/audio/noviolence_02-116.wav	No	You know what, you can have an immense.
noviolence_02-117	/datasets/violence/audio/noviolence_02-117.wav	No	valuable journey.
noviolence_02-118	/datasets/violence/audio/noviolence_02-118.wav	No	You can have a more valuable journey without ever achieving that.
noviolence_02-119	/datasets/violence/audio/noviolence_02-119.wav	No	It's not about...
noviolence_02-12	/datasets/violence/audio/noviolence_02-12.wav	No	looking at it as much until a friend of ours that I just see brown sort of
noviolence_02-120	/datasets/violence/audio/noviolence_02-120.wav	No	to saying a mouthful.
noviolence_02-121	/datasets/violence/audio/noviolence_02-121.wav	No	It's not what the man is of the mountain.
noviolence_02-122	/datasets/violence/audio/noviolence_02-122.wav	No	That's good.
noviolence_02-123	/datasets/violence/audio/noviolence_02-123.wav	No	Yeah, I think it's
noviolence_02-124	/datasets/violence/audio/noviolence_02-124.wav	No	mission to focus on.
noviolence_02-125	/datasets/violence/audio/noviolence_02-125.wav	No	Right, right. And I think that really means de-emphasizing competition.
noviolence_02-126	/datasets/violence/audio/noviolence_02-126.wav	No	Competition is such a big feature of...
noviolence_02-127	/datasets/violence/audio/noviolence_02-127.wav	No	the white man's culture.
noviolence_02-128	/datasets/violence/audio/noviolence_02-128.wav	No	and we find ways to introduce competition into almost everything that we do now.
noviolence_02-129	/datasets/violence/audio/noviolence_02-129.wav	No	and that...
noviolence_02-13	/datasets/violence/audio/noviolence_02-13.wav	No	sharing his work with me.
noviolence_02-130	/datasets/violence/audio/noviolence_02-130.wav	No	that produces some incredible achievement.
noviolence_02-131	/datasets/violence/audio/noviolence_02-131.wav	No	but it also extracts a bit cost.
noviolence_02-132	/datasets/violence/audio/noviolence_02-132.wav	No	I hate to see it.
noviolence_02-133	/datasets/violence/audio/noviolence_02-133.wav	No	Yeah, the classical. So can you just explain what classical.
noviolence_02-134	/datasets/violence/audio/noviolence_02-134.wav	No	Right, this is a distinction from, well, a little bit of background. I went to teacher education school and I found it to be extremely frustrating because they gave us this incredible...
noviolence_02-135	/datasets/violence/audio/noviolence_02-135.wav	No	hodgepodge of ideas about
noviolence_02-136	/datasets/violence/audio/noviolence_02-136.wav	No	how to become educated or how to teach.
noviolence_02-137	/datasets/violence/audio/noviolence_02-137.wav	No	and I found it just tremendously frustrating. So I did a lot of background work and I happened across a short essay.
noviolence_02-138	/datasets/violence/audio/noviolence_02-138.wav	No	by Alfred North Whitehead.
noviolence_02-139	/datasets/violence/audio/noviolence_02-139.wav	No	of philosophy, matter.
noviolence_02-14	/datasets/violence/audio/noviolence_02-14.wav	No	And it was amazing because over those eight years...
noviolence_02-140	/datasets/violence/audio/noviolence_02-140.wav	No	And he looked at education and he said, look, there's advocates for freedom.
noviolence_02-141	/datasets/violence/audio/noviolence_02-141.wav	No	There's advocates for discipline and they're always fighting with each other.
noviolence_02-142	/datasets/violence/audio/noviolence_02-142.wav	No	Can't we have a system?
noviolence_02-143	/datasets/violence/audio/noviolence_02-143.wav	No	That's awesome.
noviolence_02-144	/datasets/violence/audio/noviolence_02-144.wav	No	between the two.
noviolence_02-145	/datasets/violence/audio/noviolence_02-145.wav	No	And now we have two poles, one where there's freedom, the other where there's discipline, and each one has its play.
noviolence_02-146	/datasets/violence/audio/noviolence_02-146.wav	No	So you have a rhythm where you have a phase or a period of highly disciplined training that gives way now to a romantic...
noviolence_02-147	/datasets/violence/audio/noviolence_02-147.wav	No	experience and then back into a discipline phase. And so what he describes, and it's really interesting to read this because it's called the rhythmic claims.
noviolence_02-148	/datasets/violence/audio/noviolence_02-148.wav	No	of freedom and discipline.
noviolence_02-149	/datasets/violence/audio/noviolence_02-149.wav	No	and he sounds like a Taoist in there because he's talking about rhythm and...
noviolence_02-15	/datasets/violence/audio/noviolence_02-15.wav	No	I had evolved a lot of similar perspectives to the stuff that I saw Frank kind of saying before maybe anybody else
noviolence_02-150	/datasets/violence/audio/noviolence_02-150.wav	No	oscillation.
noviolence_02-151	/datasets/violence/audio/noviolence_02-151.wav	No	And it's great. And it's a way to have it both ways.
noviolence_02-152	/datasets/violence/audio/noviolence_02-152.wav	No	And this is something that we don't see. The typical education process doesn't include both of these. It's usually either some sort of hardcore discipline training.
noviolence_02-153	/datasets/violence/audio/noviolence_02-153.wav	No	or some free for all where
noviolence_02-154	/datasets/violence/audio/noviolence_02-154.wav	No	the participants are encouraged to do whatever they want.
noviolence_02-155	/datasets/violence/audio/noviolence_02-155.wav	No	and that's okay too but
noviolence_02-156	/datasets/violence/audio/noviolence_02-156.wav	No	the best result comes in putting them together.
noviolence_02-157	/datasets/violence/audio/noviolence_02-157.wav	No	It's um...
noviolence_02-158	/datasets/violence/audio/noviolence_02-158.wav	No	From my money, that's that's
noviolence_02-159	/datasets/violence/audio/noviolence_02-159.wav	No	the future. That's the way to go is teach teachers how to deliver both kinds of experiments.
noviolence_02-16	/datasets/violence/audio/noviolence_02-16.wav	No	So
noviolence_02-160	/datasets/violence/audio/noviolence_02-160.wav	No	I had it.
noviolence_02-161	/datasets/violence/audio/noviolence_02-161.wav	No	Cringed writing
noviolence_02-162	/datasets/violence/audio/noviolence_02-162.wav	No	Everybody can write. All writing is good.
noviolence_02-163	/datasets/violence/audio/noviolence_02-163.wav	No	just write lots of paper.
noviolence_02-164	/datasets/violence/audio/noviolence_02-164.wav	No	And at the end of it, I didn't feel like I learned anything.
noviolence_02-165	/datasets/violence/audio/noviolence_02-165.wav	No	And you know, I've tended to go the opposite.
noviolence_02-166	/datasets/violence/audio/noviolence_02-166.wav	No	scientific and analytical.
noviolence_02-167	/datasets/violence/audio/noviolence_02-167.wav	No	and there's been a lot of bad...
noviolence_02-168	/datasets/violence/audio/noviolence_02-168.wav	No	progression within that.
noviolence_02-169	/datasets/violence/audio/noviolence_02-169.wav	No	teaching my students.
noviolence_02-17	/datasets/violence/audio/noviolence_02-17.wav	No	Frank's just here in Leavenworth, it's beautiful.
noviolence_02-170	/datasets/violence/audio/noviolence_02-170.wav	No	as I...
noviolence_02-171	/datasets/violence/audio/noviolence_02-171.wav	No	Hold back some.
noviolence_02-172	/datasets/violence/audio/noviolence_02-172.wav	No	at clinical aspects.
noviolence_02-173	/datasets/violence/audio/noviolence_02-173.wav	No	leaving enough structure there but giving them a lot more room.
noviolence_02-174	/datasets/violence/audio/noviolence_02-174.wav	No	fill out the scaffolding. Right.
noviolence_02-175	/datasets/violence/audio/noviolence_02-175.wav	No	the progression and-
noviolence_02-176	/datasets/violence/audio/noviolence_02-176.wav	No	Right. And within my personal
noviolence_02-177	/datasets/violence/audio/noviolence_02-177.wav	No	or I'll go through period.
noviolence_02-178	/datasets/violence/audio/noviolence_02-178.wav	No	my first three involving plays
noviolence_02-179	/datasets/violence/audio/noviolence_02-179.wav	No	for me.
noviolence_02-18	/datasets/violence/audio/noviolence_02-18.wav	No	snowy day and
noviolence_02-180	/datasets/violence/audio/noviolence_02-180.wav	No	Go outside every day.
noviolence_02-181	/datasets/violence/audio/noviolence_02-181.wav	No	and find the way that I want to move.
noviolence_02-182	/datasets/violence/audio/noviolence_02-182.wav	No	and I made a lot of progress for a while.
noviolence_02-183	/datasets/violence/audio/noviolence_02-183.wav	No	visit. It was meant to be.
noviolence_02-184	/datasets/violence/audio/noviolence_02-184.wav	No	Right, right.
noviolence_02-185	/datasets/violence/audio/noviolence_02-185.wav	No	having a conversation in the last podcast.
noviolence_02-187	/datasets/violence/audio/noviolence_02-187.wav	No	So I wanted to kind of bring that idea back around to you and say
noviolence_02-188	/datasets/violence/audio/noviolence_02-188.wav	No	Use discipline.
noviolence_02-189	/datasets/violence/audio/noviolence_02-189.wav	No	tools that we need.
noviolence_02-19	/datasets/violence/audio/noviolence_02-19.wav	No	I thought it'd be great to come up and have a conversation with Frank about movement and the growth of the movement world and how this broader evolution of the movement has shaped the way that we're doing things. Thanks for joining us. We'll talk again soon.
noviolence_02-190	/datasets/violence/audio/noviolence_02-190.wav	No	bringing up play in.
noviolence_02-191	/datasets/violence/audio/noviolence_02-191.wav	No	Right. Well I was fortunate I had a martial art teacher who I thought struck a really nice balance with this. Because the figure everybody's talking about now is the...
noviolence_02-192	/datasets/violence/audio/noviolence_02-192.wav	No	you know it's 10 000 hours to achieve mastery in any
noviolence_02-193	/datasets/violence/audio/noviolence_02-193.wav	No	discipline, whatever it is.
noviolence_02-194	/datasets/violence/audio/noviolence_02-194.wav	No	And, you know, that's roughly the time to get a black.
noviolence_02-195	/datasets/violence/audio/noviolence_02-195.wav	No	and he was really quite good because there were times and circumstances where he was a hardcore disciplinarian. So you stand here, you do this
noviolence_02-196	/datasets/violence/audio/noviolence_02-196.wav	No	You do this punch, you do it exactly the way I'm telling you. But he also allowed for slack in the system. There were times during the training week and the training month.
noviolence_02-197	/datasets/violence/audio/noviolence_02-197.wav	No	where we could just do this playful spar.
noviolence_02-198	/datasets/violence/audio/noviolence_02-198.wav	No	it was just whatever you want to do. That's okay.
noviolence_02-199	/datasets/violence/audio/noviolence_02-199.wav	No	And the sort of paradox here is that the more discipline you bring...
noviolence_02-2	/datasets/violence/audio/noviolence_02-2.wav	No	Helio idea.
noviolence_02-20	/datasets/violence/audio/noviolence_02-20.wav	No	help people really
noviolence_02-200	/datasets/violence/audio/noviolence_02-200.wav	No	the more fun you can have.
noviolence_02-201	/datasets/violence/audio/noviolence_02-201.wav	No	Once you set up the boundaries and tell people to play within those boundaries...
noviolence_02-202	/datasets/violence/audio/noviolence_02-202.wav	No	Beautiful things start to happen.
noviolence_02-203	/datasets/violence/audio/noviolence_02-203.wav	No	The problem is if you don't have any boundaries, now the play field is too wide.
noviolence_02-204	/datasets/violence/audio/noviolence_02-204.wav	No	and people...
noviolence_02-205	/datasets/violence/audio/noviolence_02-205.wav	No	And it's the same thing in music instruction too. If you let people have the entire fretboard or the entire keyboard and tell them...
noviolence_02-206	/datasets/violence/audio/noviolence_02-206.wav	No	It's too big. It's too much.
noviolence_02-207	/datasets/violence/audio/noviolence_02-207.wav	No	So instead you give them one chord, one scale, one note even.
noviolence_02-208	/datasets/violence/audio/noviolence_02-208.wav	No	You just play it, play it. What can you get out of that small, limited thing?
noviolence_02-209	/datasets/violence/audio/noviolence_02-209.wav	No	and then the teacher opens up the boundaries a little bit more.
noviolence_02-21	/datasets/violence/audio/noviolence_02-21.wav	No	address that in their lives.
noviolence_02-210	/datasets/violence/audio/noviolence_02-210.wav	No	Yeah, that's an idea I really like.
noviolence_02-211	/datasets/violence/audio/noviolence_02-211.wav	No	how we create.
noviolence_02-212	/datasets/violence/audio/noviolence_02-212.wav	No	with this amount of freedom inside them.
noviolence_02-213	/datasets/violence/audio/noviolence_02-213.wav	No	that optimizes it.
noviolence_02-214	/datasets/violence/audio/noviolence_02-214.wav	No	And this comes up in a really interesting place. I read a book.
noviolence_02-215	/datasets/violence/audio/noviolence_02-215.wav	No	story by Robert McKee and he's a screenwriter in Hollywood and he actually teaches screenwriters.
noviolence_02-216	/datasets/violence/audio/noviolence_02-216.wav	No	And this is a point that hammers over and again, is this idea of creative limitation.
noviolence_02-217	/datasets/violence/audio/noviolence_02-217.wav	No	Artists want to be free.
noviolence_02-218	/datasets/violence/audio/noviolence_02-218.wav	No	that freedom, if it's too much, then the artist will not produce a great work.
noviolence_02-219	/datasets/violence/audio/noviolence_02-219.wav	No	There's got to be creative limitations and that forces the artist to dig a little bit deeper into their capability and that's where this whole idea of neuroplasticity comes into.
noviolence_02-22	/datasets/violence/audio/noviolence_02-22.wav	No	So with that, Frank, thanks for being here. Great to be here.
noviolence_02-220	/datasets/violence/audio/noviolence_02-220.wav	No	because limitation, limitation, now you're asking the nervous system for more.
noviolence_02-221	/datasets/violence/audio/noviolence_02-221.wav	No	and you play to discover what that more is.
noviolence_02-222	/datasets/violence/audio/noviolence_02-222.wav	No	So those two.
noviolence_02-223	/datasets/violence/audio/noviolence_02-223.wav	No	otherwise.
noviolence_02-224	/datasets/violence/audio/noviolence_02-224.wav	No	Mmm.
noviolence_02-226	/datasets/violence/audio/noviolence_02-226.wav	No	Mm-hmm. Yeah.
noviolence_02-227	/datasets/violence/audio/noviolence_02-227.wav	No	inverse of 2
noviolence_02-228	/datasets/violence/audio/noviolence_02-228.wav	No	at two inverses.
noviolence_02-229	/datasets/violence/audio/noviolence_02-229.wav	No	rely on each other. Right.
noviolence_02-23	/datasets/violence/audio/noviolence_02-23.wav	No	So, first question I like to ask people.
noviolence_02-230	/datasets/violence/audio/noviolence_02-230.wav	No	I, I, this is a powerful-
noviolence_02-231	/datasets/violence/audio/noviolence_02-231.wav	No	there's this tendency within West
noviolence_02-232	/datasets/violence/audio/noviolence_02-232.wav	No	and so individualized.
noviolence_02-233	/datasets/violence/audio/noviolence_02-233.wav	No	really bizarre idea.
noviolence_02-234	/datasets/violence/audio/noviolence_02-234.wav	No	of the individual.
noviolence_02-235	/datasets/violence/audio/noviolence_02-235.wav	No	being able to act completely.
noviolence_02-236	/datasets/violence/audio/noviolence_02-236.wav	No	What's his name? My name is Vy.
noviolence_02-238	/datasets/violence/audio/noviolence_02-238.wav	No	To me that sounds like
noviolence_02-239	/datasets/violence/audio/noviolence_02-239.wav	No	Perfect.
noviolence_02-24	/datasets/violence/audio/noviolence_02-24.wav	No	all these ideas that you've...
noviolence_02-240	/datasets/violence/audio/noviolence_02-240.wav	No	Rome cultivated itself.
noviolence_02-241	/datasets/violence/audio/noviolence_02-241.wav	No	potential for power.
noviolence_02-242	/datasets/violence/audio/noviolence_02-242.wav	No	do things.
noviolence_02-243	/datasets/violence/audio/noviolence_02-243.wav	No	but it's always wrapped in a
noviolence_02-244	/datasets/violence/audio/noviolence_02-244.wav	No	pulling oil out.
noviolence_02-245	/datasets/violence/audio/noviolence_02-245.wav	No	Right. Right. If you're practicing singing in the middle of the night.
noviolence_02-246	/datasets/violence/audio/noviolence_02-246.wav	No	and this web of us.
noviolence_02-247	/datasets/violence/audio/noviolence_02-247.wav	No	You know, such a powerful idiot, not just-
noviolence_02-248	/datasets/violence/audio/noviolence_02-248.wav	No	Good day. Mm-hmm.
noviolence_02-249	/datasets/violence/audio/noviolence_02-249.wav	No	Yeah, the thing I would add there is that this idea of this really strong emphasis on freedom
noviolence_02-25	/datasets/violence/audio/noviolence_02-25.wav	No	root of your movement practice.
noviolence_02-250	/datasets/violence/audio/noviolence_02-250.wav	No	that's so much a part of American culture, that's really unusual in the context of human history and human cultures. Most...
noviolence_02-251	/datasets/violence/audio/noviolence_02-251.wav	No	Indigenous native cultures have always talked about continuity and connection and relationship and you won't hear those cultures talk very much about freedom.
noviolence_02-252	/datasets/violence/audio/noviolence_02-252.wav	No	because in order to survive in a outdoor setting
noviolence_02-253	/datasets/violence/audio/noviolence_02-253.wav	No	You have to have a lot of connections.
noviolence_02-254	/datasets/violence/audio/noviolence_02-254.wav	No	to your tribe and to the natural world.
noviolence_02-255	/datasets/violence/audio/noviolence_02-255.wav	No	You don't hear them talk about freedom.
noviolence_02-256	/datasets/violence/audio/noviolence_02-256.wav	No	really tremendous value.
noviolence_02-257	/datasets/violence/audio/noviolence_02-257.wav	No	individualization.
noviolence_02-258	/datasets/violence/audio/noviolence_02-258.wav	No	We don't necessarily s-
noviolence_02-259	/datasets/violence/audio/noviolence_02-259.wav	No	And that's important. You know, that's kind of.
noviolence_02-26	/datasets/violence/audio/noviolence_02-26.wav	No	What really turns me on right now is
noviolence_02-260	/datasets/violence/audio/noviolence_02-260.wav	No	a really interesting aspect of this whole mismatch.
noviolence_02-261	/datasets/violence/audio/noviolence_02-261.wav	No	When I think about that...
noviolence_02-262	/datasets/violence/audio/noviolence_02-262.wav	No	I like emphasize that.
noviolence_02-263	/datasets/violence/audio/noviolence_02-263.wav	No	We live in Los Af...
noviolence_02-264	/datasets/violence/audio/noviolence_02-264.wav	No	My phone g-
noviolence_02-265	/datasets/violence/audio/noviolence_02-265.wav	No	powers of communication, powers of knowledge.
noviolence_02-266	/datasets/violence/audio/noviolence_02-266.wav	No	mapping that never existed in human history. I'm a magician by most of the historical periods.
noviolence_02-267	/datasets/violence/audio/noviolence_02-267.wav	No	And in a lot of ways that's great.
noviolence_02-268	/datasets/violence/audio/noviolence_02-268.wav	No	I'm having this conversation with you because of someone posting your stuff on the internet. I have friends all over the world.
noviolence_02-269	/datasets/violence/audio/noviolence_02-269.wav	No	We're so fa-
noviolence_02-27	/datasets/violence/audio/noviolence_02-27.wav	No	Public health, believe it or not. Because...
noviolence_02-270	/datasets/violence/audio/noviolence_02-270.wav	No	adopting things so quickly.
noviolence_02-271	/datasets/violence/audio/noviolence_02-271.wav	No	costs.
noviolence_02-272	/datasets/violence/audio/noviolence_02-272.wav	No	alien environment. Right.
noviolence_02-273	/datasets/violence/audio/noviolence_02-273.wav	No	You have a say. I'd be a big...
noviolence_02-274	/datasets/violence/audio/noviolence_02-274.wav	No	long body.
noviolence_02-275	/datasets/violence/audio/noviolence_02-275.wav	No	with the past with...
noviolence_02-276	/datasets/violence/audio/noviolence_02-276.wav	No	Could you talk a little bit more about that? Well, just the long body is a Native American idea. But it's
noviolence_02-277	/datasets/violence/audio/noviolence_02-277.wav	No	a similar idea shows up.
noviolence_02-278	/datasets/violence/audio/noviolence_02-278.wav	No	all across Native Indigenous culture.
noviolence_02-279	/datasets/violence/audio/noviolence_02-279.wav	No	and the idea being that the
noviolence_02-28	/datasets/violence/audio/noviolence_02-28.wav	No	What has the...
noviolence_02-280	/datasets/violence/audio/noviolence_02-280.wav	No	The boundary of the body is not the skin. The body actually extends out into the world.
noviolence_02-281	/datasets/violence/audio/noviolence_02-281.wav	No	and includes.
noviolence_02-282	/datasets/violence/audio/noviolence_02-282.wav	No	your habitat and your tribe.
noviolence_02-283	/datasets/violence/audio/noviolence_02-283.wav	No	and these are your life support systems.
noviolence_02-284	/datasets/violence/audio/noviolence_02-284.wav	No	And the key word there is continuity because...
noviolence_02-285	/datasets/violence/audio/noviolence_02-285.wav	No	the connection between our bodies and our habitat, our bodies and our tribe.
noviolence_02-286	/datasets/violence/audio/noviolence_02-286.wav	No	It's not just mystical.
noviolence_02-287	/datasets/violence/audio/noviolence_02-287.wav	No	And it's not just.
noviolence_02-288	/datasets/violence/audio/noviolence_02-288.wav	No	something that occurs in the imagination. It's an actual physical reality. And when we, it ranges from things like circadian rhythm,
noviolence_02-289	/datasets/violence/audio/noviolence_02-289.wav	No	and the way the light impacts our physiology and resynchronizes our physiology every day.
noviolence_02-29	/datasets/violence/audio/noviolence_02-29.wav	No	I think a lot of athletes go through this growth and development phase where they train really hard and get their movement working for them.
noviolence_02-290	/datasets/violence/audio/noviolence_02-290.wav	No	to the way that other people's bodies influence us and our emotions and our, through the mirror neuron system.
noviolence_02-291	/datasets/violence/audio/noviolence_02-291.wav	No	The continuities are astonishing. And
noviolence_02-292	/datasets/violence/audio/noviolence_02-292.wav	No	to talk about people as individuals.
noviolence_02-293	/datasets/violence/audio/noviolence_02-293.wav	No	is starting to look.
noviolence_02-294	/datasets/violence/audio/noviolence_02-294.wav	No	really kind of...
noviolence_02-295	/datasets/violence/audio/noviolence_02-295.wav	No	make a whole lot of sense.
noviolence_02-296	/datasets/violence/audio/noviolence_02-296.wav	No	So it's also really interesting because...
noviolence_02-297	/datasets/violence/audio/noviolence_02-297.wav	No	It's a Native American idea, but it's also validated by modern science. So this word continuity shows up everywhere now. It shows up in Native culture, but it shows up in science.
noviolence_02-298	/datasets/violence/audio/noviolence_02-298.wav	No	and it's something we're gonna have to come to grips with pretty soon.
noviolence_02-299	/datasets/violence/audio/noviolence_02-299.wav	No	I think it's part of the Western.
noviolence_02-3	/datasets/violence/audio/noviolence_02-3.wav	No	to movement practice.
noviolence_02-30	/datasets/violence/audio/noviolence_02-30.wav	No	really enjoy the process.
noviolence_02-300	/datasets/violence/audio/noviolence_02-300.wav	No	interrogating the c-
noviolence_02-301	/datasets/violence/audio/noviolence_02-301.wav	No	Mm-hmm.
noviolence_02-302	/datasets/violence/audio/noviolence_02-302.wav	No	when you dig down into it.
noviolence_02-303	/datasets/violence/audio/noviolence_02-303.wav	No	and there has been a
noviolence_02-304	/datasets/violence/audio/noviolence_02-304.wav	No	dielectric about that.
noviolence_02-305	/datasets/violence/audio/noviolence_02-305.wav	No	for a really long time.
noviolence_02-306	/datasets/violence/audio/noviolence_02-306.wav	No	you know, very speological tradition.
noviolence_02-307	/datasets/violence/audio/noviolence_02-307.wav	No	Mm-hmm. And every-
noviolence_02-308	/datasets/violence/audio/noviolence_02-308.wav	No	you have.
noviolence_02-309	/datasets/violence/audio/noviolence_02-309.wav	No	There is that.
noviolence_02-31	/datasets/violence/audio/noviolence_02-31.wav	No	And eventually you succeed. I mean, you get the movement skills that you want to get, and then you start to look around at the world and you start to.
noviolence_02-310	/datasets/violence/audio/noviolence_02-310.wav	No	throughout the world.
noviolence_02-311	/datasets/violence/audio/noviolence_02-311.wav	No	I agree that we...
noviolence_02-312	/datasets/violence/audio/noviolence_02-312.wav	No	Right.
noviolence_02-313	/datasets/violence/audio/noviolence_02-313.wav	No	And the flip side of this long body orientation is what I call the short body orientation. And you can see this all around. So we practice short body orientation.
noviolence_02-314	/datasets/violence/audio/noviolence_02-314.wav	No	short medicine.
noviolence_02-315	/datasets/violence/audio/noviolence_02-315.wav	No	Both of these are similar where we take the body in isolation and attempt to make it better. We attempt to either increase its athletic performance or its health.
noviolence_02-316	/datasets/violence/audio/noviolence_02-316.wav	No	And we don't ask questions about habitat and tribe. You go to the doctor, the doctor isn't going to ask you about your habitat.
noviolence_02-317	/datasets/violence/audio/noviolence_02-317.wav	No	It's not going to ask you very much, if at all, about your social.
noviolence_02-318	/datasets/violence/audio/noviolence_02-318.wav	No	circumstances.
noviolence_02-319	/datasets/violence/audio/noviolence_02-319.wav	No	And this is short body health, short body medicine.
noviolence_02-32	/datasets/violence/audio/noviolence_02-32.wav	No	that a lot of people aren't as fortunate as we are.
noviolence_02-320	/datasets/violence/audio/noviolence_02-320.wav	No	And we do short body training with a lot of people too. It's like we don't.
noviolence_02-321	/datasets/violence/audio/noviolence_02-321.wav	No	We just give them a bunch of sets and reps.
noviolence_02-322	/datasets/violence/audio/noviolence_02-322.wav	No	forget about.
noviolence_02-323	/datasets/violence/audio/noviolence_02-323.wav	No	context shortage in our world.
noviolence_02-324	/datasets/violence/audio/noviolence_02-324.wav	No	It's one of the central print.
noviolence_02-325	/datasets/violence/audio/noviolence_02-325.wav	No	So if you want your child...
noviolence_02-326	/datasets/violence/audio/noviolence_02-326.wav	No	world-class soccer.
noviolence_02-327	/datasets/violence/audio/noviolence_02-327.wav	No	You gotta play soccer.
noviolence_02-328	/datasets/violence/audio/noviolence_02-328.wav	No	that seems obvious.
noviolence_02-329	/datasets/violence/audio/noviolence_02-329.wav	No	Bye.
noviolence_02-33	/datasets/violence/audio/noviolence_02-33.wav	No	and it's very easy to see.
noviolence_02-330	/datasets/violence/audio/noviolence_02-330.wav	No	What we're missing is sort of a context.
noviolence_02-331	/datasets/violence/audio/noviolence_02-331.wav	No	Right. What?
noviolence_02-332	/datasets/violence/audio/noviolence_02-332.wav	No	world-class soccer players.
noviolence_02-333	/datasets/violence/audio/noviolence_02-333.wav	No	The body is not.
noviolence_02-334	/datasets/violence/audio/noviolence_02-334.wav	No	one one output
noviolence_02-335	/datasets/violence/audio/noviolence_02-335.wav	No	And if you try to make it...
noviolence_02-336	/datasets/violence/audio/noviolence_02-336.wav	No	So I think that's an interesting.
noviolence_02-337	/datasets/violence/audio/noviolence_02-337.wav	No	again specialization.
noviolence_02-338	/datasets/violence/audio/noviolence_02-338.wav	No	You have to be a human.
noviolence_02-339	/datasets/violence/audio/noviolence_02-339.wav	No	And you go back to the original forms of human movement, which would be
noviolence_02-34	/datasets/violence/audio/noviolence_02-34.wav	No	the decay of public health.
noviolence_02-340	/datasets/violence/audio/noviolence_02-340.wav	No	Gathering.
noviolence_02-341	/datasets/violence/audio/noviolence_02-341.wav	No	first and then hunting and then dancing. Those are...
noviolence_02-342	/datasets/violence/audio/noviolence_02-342.wav	No	not really specializations.
noviolence_02-343	/datasets/violence/audio/noviolence_02-343.wav	No	hunting perhaps? But even there most hunters were opportunists.
noviolence_02-344	/datasets/violence/audio/noviolence_02-344.wav	No	you go out on the grassland and you're going to hunt whatever animal happens to be in season or happens to be coming through your habitat and you're probably not going to specialize in any one.
noviolence_02-345	/datasets/violence/audio/noviolence_02-345.wav	No	hunting for
noviolence_02-346	/datasets/violence/audio/noviolence_02-346.wav	No	anyone hunting movement.
noviolence_02-347	/datasets/violence/audio/noviolence_02-347.wav	No	And then the same thing with dancing, early dance I'm sure would mimic certain animals.
noviolence_02-348	/datasets/violence/audio/noviolence_02-348.wav	No	you would gesture and try and communicate use that gesture and communicate so specialization is kind of a recent thing.
noviolence_02-349	/datasets/violence/audio/noviolence_02-349.wav	No	It's been a powerful thing.
noviolence_02-35	/datasets/violence/audio/noviolence_02-35.wav	No	and to see the problems in the world.
noviolence_02-350	/datasets/violence/audio/noviolence_02-350.wav	No	I think it's kind of an issue.
noviolence_02-351	/datasets/violence/audio/noviolence_02-351.wav	No	So...
noviolence_02-352	/datasets/violence/audio/noviolence_02-352.wav	No	we have this Clovis model of people in America's where.
noviolence_02-353	/datasets/violence/audio/noviolence_02-353.wav	No	Megafauna hunters.
noviolence_02-354	/datasets/violence/audio/noviolence_02-354.wav	No	years.
noviolence_02-355	/datasets/violence/audio/noviolence_02-355.wav	No	came through about this.
noviolence_02-356	/datasets/violence/audio/noviolence_02-356.wav	No	seeing one more.
noviolence_02-357	/datasets/violence/audio/noviolence_02-357.wav	No	for that.
noviolence_02-358	/datasets/violence/audio/noviolence_02-358.wav	No	who had a technology.
noviolence_02-359	/datasets/violence/audio/noviolence_02-359.wav	No	animals hunting and gathering resources.
noviolence_02-36	/datasets/violence/audio/noviolence_02-36.wav	No	with the human body.
noviolence_02-360	/datasets/violence/audio/noviolence_02-360.wav	No	What's interesting is they seem to have not.
noviolence_02-361	/datasets/violence/audio/noviolence_02-361.wav	No	and then they seem to have been.
noviolence_02-362	/datasets/violence/audio/noviolence_02-362.wav	No	Password replacement.
noviolence_02-363	/datasets/violence/audio/noviolence_02-363.wav	No	So there is this.
noviolence_02-364	/datasets/violence/audio/noviolence_02-364.wav	No	kind of individual skill set.
noviolence_02-365	/datasets/violence/audio/noviolence_02-365.wav	No	even in animals.
noviolence_02-366	/datasets/violence/audio/noviolence_02-366.wav	No	like there are.
noviolence_02-367	/datasets/violence/audio/noviolence_02-367.wav	No	My impro-
noviolence_02-368	/datasets/violence/audio/noviolence_02-368.wav	No	that are specialists.
noviolence_02-369	/datasets/violence/audio/noviolence_02-369.wav	No	My pride.
noviolence_02-37	/datasets/violence/audio/noviolence_02-37.wav	No	And that leads to this whole other exploration of why did this happen and why are people's bodies suffering so much?
noviolence_02-370	/datasets/violence/audio/noviolence_02-370.wav	No	Hold the piece.
noviolence_02-371	/datasets/violence/audio/noviolence_02-371.wav	No	So there is that element.
noviolence_02-372	/datasets/violence/audio/noviolence_02-372.wav	No	The RISEMON technology really
noviolence_02-373	/datasets/violence/audio/noviolence_02-373.wav	No	the story of.
noviolence_02-374	/datasets/violence/audio/noviolence_02-374.wav	No	Perfect.
noviolence_02-375	/datasets/violence/audio/noviolence_02-375.wav	No	We have a culture.
noviolence_02-376	/datasets/violence/audio/noviolence_02-376.wav	No	more global knowledge.
noviolence_02-377	/datasets/violence/audio/noviolence_02-377.wav	No	the width of the knowledge.
noviolence_02-378	/datasets/violence/audio/noviolence_02-378.wav	No	Right. Right. Not any reasonable amount.
noviolence_02-379	/datasets/violence/audio/noviolence_02-379.wav	No	Yeah. Yeah.
noviolence_02-38	/datasets/violence/audio/noviolence_02-38.wav	No	And that.
noviolence_02-380	/datasets/violence/audio/noviolence_02-380.wav	No	Garrison Keillor makes that point. He says nobody knows how to do anything anymore, like a farmer would, because now we have such tight space.
noviolence_02-381	/datasets/violence/audio/noviolence_02-381.wav	No	I love this term that's come out of the...
noviolence_02-382	/datasets/violence/audio/noviolence_02-382.wav	No	kind of within the fitness.
noviolence_02-383	/datasets/violence/audio/noviolence_02-383.wav	No	where we think about our movement practices.
noviolence_02-384	/datasets/violence/audio/noviolence_02-384.wav	No	to this broader idea.
noviolence_02-385	/datasets/violence/audio/noviolence_02-385.wav	No	when
noviolence_02-386	/datasets/violence/audio/noviolence_02-386.wav	No	Traditionally, there are martial arts.
noviolence_02-387	/datasets/violence/audio/noviolence_02-387.wav	No	Right.
noviolence_02-388	/datasets/violence/audio/noviolence_02-388.wav	No	they've lost their
noviolence_02-389	/datasets/violence/audio/noviolence_02-389.wav	No	I think you can go down the line.
noviolence_02-39	/datasets/violence/audio/noviolence_02-39.wav	No	is just fascinating to me because now you start to, it's not just about movement anymore, now it's about things like culture and it's about history and it's even...
noviolence_02-390	/datasets/violence/audio/noviolence_02-390.wav	No	Before we have radio-
noviolence_02-391	/datasets/violence/audio/noviolence_02-391.wav	No	how many people are carrying.
noviolence_02-392	/datasets/violence/audio/noviolence_02-392.wav	No	specialists.
noviolence_02-393	/datasets/violence/audio/noviolence_02-393.wav	No	So we were talking about this idea of a movement culture as kind of a component of somebody's broader culture and how...
noviolence_02-394	/datasets/violence/audio/noviolence_02-394.wav	No	people are the bearers of less and less of the overall culture. And I'm curious about your observations.
noviolence_02-395	/datasets/violence/audio/noviolence_02-395.wav	No	and how you think that affects people? Well, I think in a lot of ways our culture systematically dis-
noviolence_02-396	/datasets/violence/audio/noviolence_02-396.wav	No	empowers people because when all you've got is one little specialization you're incredibly vulnerable.
noviolence_02-397	/datasets/violence/audio/noviolence_02-397.wav	No	especially if that doesn't feed your health and feed your body in some way. One, I spent a lot of time
noviolence_02-398	/datasets/violence/audio/noviolence_02-398.wav	No	I'm studying stress and one thing that comes up over and over again is this idea of control, the power of control.
noviolence_02-399	/datasets/violence/audio/noviolence_02-399.wav	No	If you have some sense of control over your circumstances, then your stress will decline, obviously. And what's one of the best ways to get a...
noviolence_02-4	/datasets/violence/audio/noviolence_02-4.wav	No	with early thinkers on.
noviolence_02-40	/datasets/violence/audio/noviolence_02-40.wav	No	about things like policy. What are we gonna do to regain our health as a people?
noviolence_02-400	/datasets/violence/audio/noviolence_02-400.wav	No	sense of control. It's to move your body. And that's what I think is really going on with exercise is what people benefit from exercise.
noviolence_02-401	/datasets/violence/audio/noviolence_02-401.wav	No	because of the exercise but the fact that they've gained a sense of control that's the most intimate kind of control you can have is the ability to move your body out
noviolence_02-402	/datasets/violence/audio/noviolence_02-402.wav	No	you juice as you see fit and you go to the gym or you go outdoors and you go you go play now all of a sudden you feel better because you are empowered.
noviolence_02-403	/datasets/violence/audio/noviolence_02-403.wav	No	you are in control of your own life, your own circumstances. And by living in a culture that doesn't honor the body...
noviolence_02-404	/datasets/violence/audio/noviolence_02-404.wav	No	We disempower people in a big way. Yeah, it's interesting. We touched on this idea earlier.
noviolence_02-405	/datasets/violence/audio/noviolence_02-405.wav	No	We live in a time of unmatched affluence. We live in a time where people are far less risk of disease, far less risk of murder, far less risk of violence.
noviolence_02-406	/datasets/violence/audio/noviolence_02-406.wav	No	and yet we also live in a time where people have epidemics of anxiety and depression. Right. It's, you know, I...
noviolence_02-407	/datasets/violence/audio/noviolence_02-407.wav	No	I'm getting a little mystical here, but I almost feel like there's a deep-seated... like human beings involved in a context where they needed these broad scales.
noviolence_02-408	/datasets/violence/audio/noviolence_02-408.wav	No	of competence for a really long time and I think that we inherently start feeling that we're missing something. If you can't make the fire, if you can't hunt, you can't make the cake.
noviolence_02-409	/datasets/violence/audio/noviolence_02-409.wav	No	If you can't build anything, you're an incredibly vulnerable thing when you take away from the broader culture. Right, right. I think that's part of it.
noviolence_02-41	/datasets/violence/audio/noviolence_02-41.wav	No	So that's what really intrigues me right now, but I'm still interested, I still love to move, and I still enjoy climbing and martial arts.
noviolence_02-410	/datasets/violence/audio/noviolence_02-410.wav	No	And what I'm more confident about is just that people don't have sources of self-worth.
noviolence_02-411	/datasets/violence/audio/noviolence_02-411.wav	No	If you were a great singer and a tribe, that was a source of self-worth. If you were a good hunter, if you were a good forager, if you know how to find this thing,
noviolence_02-412	/datasets/violence/audio/noviolence_02-412.wav	No	and a great mushroom finder, all these things became places that somebody could kind of harvest a sense of self-worth. And as we become more...
noviolence_02-413	/datasets/violence/audio/noviolence_02-413.wav	No	specialized there's there's fewer things that we can kind of call around and can draw value from. So I think that we
noviolence_02-414	/datasets/violence/audio/noviolence_02-414.wav	No	We live in this culture where people talk a lot about the value of self-esteem, but we don't have a plan right now.
noviolence_02-415	/datasets/violence/audio/noviolence_02-415.wav	No	now to develop cells that are worth esteeming. Right, and it would help if we started with the body and started with movement.
noviolence_02-416	/datasets/violence/audio/noviolence_02-416.wav	No	But no matter how you slice it, that's what we need to get back to. That's core to our experience.
noviolence_02-417	/datasets/violence/audio/noviolence_02-417.wav	No	And that's why my work, involved in play I call it. The slogan for my brand is, Move Like a Human, because I think that...
noviolence_02-418	/datasets/violence/audio/noviolence_02-418.wav	No	It's probably the easiest place to start reclaiming this culture, this humanness.
noviolence_02-419	/datasets/violence/audio/noviolence_02-419.wav	No	I know your recent book, The Beautiful Practice, kind of pauses the same thing. There's all these cultural practices that are really valuable.
noviolence_02-42	/datasets/violence/audio/noviolence_02-42.wav	No	play with other people and these kind of things.
noviolence_02-420	/datasets/violence/audio/noviolence_02-420.wav	No	but the root starts in the body and cultivating the body. So we'll just talk a little bit more about kind of why you think that's the best place to start.
noviolence_02-421	/datasets/violence/audio/noviolence_02-421.wav	No	Well, because it's ancient, because it's so old, and things that are old tend to be powerful.
noviolence_02-422	/datasets/violence/audio/noviolence_02-422.wav	No	The common time frame that people work with here, they say, well, the human species is 200,000 years old, roughly a quarter of a million years.
noviolence_02-423	/datasets/violence/audio/noviolence_02-423.wav	No	which seems like a long time but it's really not because our bodies are actually far far older than that and it depends where you
noviolence_02-424	/datasets/violence/audio/noviolence_02-424.wav	No	draw the line but millions of years, certainly tens of millions of years, mammals 120 million years.
noviolence_02-425	/datasets/violence/audio/noviolence_02-425.wav	No	vertebrates 500 million years. So by moving and by being physical we become continuous with the world.
noviolence_02-426	/datasets/violence/audio/noviolence_02-426.wav	No	this ancient history, something that is far more powerful than we realize and it's far more powerful than just the glossy magazines.
noviolence_02-427	/datasets/violence/audio/noviolence_02-427.wav	No	exercise stuff. No, this is substantial. This is ancient. This is really primal.
noviolence_02-428	/datasets/violence/audio/noviolence_02-428.wav	No	It's not just about looking good and it's not just about even in some ways it's more important even than health. You know this is this is kind of
noviolence_02-429	/datasets/violence/audio/noviolence_02-429.wav	No	into the ancient biosphere and nothing else can do it so moving our bodies. Yeah, I mentioned to you
noviolence_02-43	/datasets/violence/audio/noviolence_02-43.wav	No	I'd like to have my hand in the hole.
noviolence_02-430	/datasets/violence/audio/noviolence_02-430.wav	No	off camera before we started this interview that my friend Simon Thacker has a blog called Ancestral Movement. He really works on this idea.
noviolence_02-431	/datasets/violence/audio/noviolence_02-431.wav	No	of kind of discovering the inner ancestor. Whether that ancestor is the inner worm, the inner fish, the inner ape, all these things.
noviolence_02-432	/datasets/violence/audio/noviolence_02-432.wav	No	have characteristics that weren't changed. They developed first and then they've been conserved by evolution because they weren't, were a big tube.
noviolence_02-433	/datasets/violence/audio/noviolence_02-433.wav	No	We move around with our face first because that worked as worms. Our spines move in certain ways because those are the...
noviolence_02-434	/datasets/violence/audio/noviolence_02-434.wav	No	the initial characters is a chord is. I think this is a really interesting idea. I really, you know, I remember when we first encountered things, we were in animal years.
noviolence_02-435	/datasets/violence/audio/noviolence_02-435.wav	No	ago, you had this beautiful mandala of health, right? We took the idea of mind, body, and spirit and expanded to talk about the land and the ancestors. And so.
noviolence_02-436	/datasets/violence/audio/noviolence_02-436.wav	No	In this sense, when we return to the trees, we're in a way giving respect to the monkeys as our ancestors. Right. The apes as our ancestors.
noviolence_02-437	/datasets/violence/audio/noviolence_02-437.wav	No	ancestors. When we practice moving around on the ground, we're going back to being quite repeal animals. We're squirming on the ground and going back to being these things.
noviolence_02-438	/datasets/violence/audio/noviolence_02-438.wav	No	Yeah, I wanted to just kind of get you to expand on this idea of why is a sense of our ancestry an important component of our health?
noviolence_02-439	/datasets/violence/audio/noviolence_02-439.wav	No	just look at the nervous system and you don't even have to know that much about the nervous system to realize that an ancient, a very simple...
noviolence_02-44	/datasets/violence/audio/noviolence_02-44.wav	No	kind of ties right into a really core piece.
noviolence_02-440	/datasets/violence/audio/noviolence_02-440.wav	No	ancient nervous system would have had motor commands, motor pathways, but those pathways would only be useful.
noviolence_02-441	/datasets/violence/audio/noviolence_02-441.wav	No	if there was some sort of sensation coming back. So it's a cybernetic system, but it's a conversational system. And that goes...
noviolence_02-442	/datasets/violence/audio/noviolence_02-442.wav	No	back hundreds of millions of years. So when we move our bodies, especially outdoors in nature, we're setting up this
noviolence_02-443	/datasets/violence/audio/noviolence_02-443.wav	No	natural conversation between habitat and nervous system that it's call and response.
noviolence_02-444	/datasets/violence/audio/noviolence_02-444.wav	No	It makes the nervous system work in context, in the context that it worked in for millions of years. And...
noviolence_02-445	/datasets/violence/audio/noviolence_02-445.wav	No	That is why that kind of experience is so powerful. We're reenacting things that we've done for a very long time.
noviolence_02-446	/datasets/violence/audio/noviolence_02-446.wav	No	Yeah. And we, you know, when I teach people, I take them into trees and I get them in the trees and I say, you have binocular vision.
noviolence_02-447	/datasets/violence/audio/noviolence_02-447.wav	No	because your ancestors came from the trees. Or grasping hands because your ancestors came from the trees. The origination of the shoulder that has a full range of motion is the origin of the shoulder.
noviolence_02-448	/datasets/violence/audio/noviolence_02-448.wav	No	from animals that hung from tree leaves. Right. That's why we have a flat chest. That's why we have an operatic torso orientation. So we rediscovered it.
noviolence_02-449	/datasets/violence/audio/noviolence_02-449.wav	No	human body in a lot of ways when we just untrue. The other element there is the fact that...
noviolence_02-45	/datasets/violence/audio/noviolence_02-45.wav	No	Thanks for watching!
noviolence_02-450	/datasets/violence/audio/noviolence_02-450.wav	No	And a lot of people don't realize this, the muscular system is a sensory system. Because embedded in all the muscles, and the tendons and the ligaments are mechano-receptive.
noviolence_02-451	/datasets/violence/audio/noviolence_02-451.wav	No	receptors. So every time you move your body, you're flooding sensation back into the nervous system, which gives us a sense of like...
noviolence_02-452	/datasets/violence/audio/noviolence_02-452.wav	No	identity and a sense of who we are in the world, where we are in the world, these are really fundamental things. In contrast, what happens when people are sedentary and
noviolence_02-453	/datasets/violence/audio/noviolence_02-453.wav	No	modern world they suffer what you might call a sensation deficit they're not getting that sensation anymore
noviolence_02-454	/datasets/violence/audio/noviolence_02-454.wav	No	And lo and behold, they start to feel anxious. They start to feel unhappy and really kind of generated because they're kind of living in space.
noviolence_02-455	/datasets/violence/audio/noviolence_02-455.wav	No	That's what it feels like when you're sedentary. Yeah. I was a really active kid. I grew up in a heavy community out in the woods.
noviolence_02-456	/datasets/violence/audio/noviolence_02-456.wav	No	I was homeschooled after third grade. So I had a lot of time to kind of just move around the woods. And what happened is when my tribe broke down.
noviolence_02-457	/datasets/violence/audio/noviolence_02-457.wav	No	my friends stopped being available because they were getting busy with middle school and people weren't there to play and move with, I became really sedentary and I sat.
noviolence_02-458	/datasets/violence/audio/noviolence_02-458.wav	No	on my computer all the time in red. And I literally had this feeling of like being just disconnected from my body.
noviolence_02-459	/datasets/violence/audio/noviolence_02-459.wav	No	realizing how trapped inside my own head I was. Right, right. And that's when I kind of came back to movement practice and started picking up gymnastics and martial arts and basketball. Right.
noviolence_02-46	/datasets/violence/audio/noviolence_02-46.wav	No	idea flat.
noviolence_02-460	/datasets/violence/audio/noviolence_02-460.wav	No	So I think that's a really powerful concept that we need this if you, I'm sure, I've talked about this before, but babies, if they're not touched.
noviolence_02-461	/datasets/violence/audio/noviolence_02-461.wav	No	they'll die. We are shaped literally by the things around us, by the culture.
noviolence_02-462	/datasets/violence/audio/noviolence_02-462.wav	No	Katie Bowman talks about the fact that every cell in the body responds to the way that it's loaded. So if you're not...
noviolence_02-463	/datasets/violence/audio/noviolence_02-463.wav	No	experiencing the types of loading the tissues that was characteristic of the ancestral environment. So that means walking barefoot over rough ground. That means sitting, standing, lying down.
noviolence_02-464	/datasets/violence/audio/noviolence_02-464.wav	No	on a variety of surfaces, then you're not, you're not feeding those cells what they have.
noviolence_02-465	/datasets/violence/audio/noviolence_02-465.wav	No	have needed to function optimally. You're not moving your length around. You're not creating a structural integrity of the individual self.
noviolence_02-466	/datasets/violence/audio/noviolence_02-466.wav	No	reading your book, your books, your work, it's interesting because you're kind of finding the same idea. Touch is important, tactile sensation is important, more from a neurological perspective.
noviolence_02-467	/datasets/violence/audio/noviolence_02-467.wav	No	So she's saying that the cell needs it to be healthy, to be strong, to build its cytoskeleton. But also we need it because...
noviolence_02-468	/datasets/violence/audio/noviolence_02-468.wav	No	The brain is not even able to feed itself. Got to have that touch and that touch comes either from people or from the habitat.
noviolence_02-469	/datasets/violence/audio/noviolence_02-469.wav	No	or from motion. It's all forms of touch. And this is where I think the medical community has really fallen short. Because people...
noviolence_02-47	/datasets/violence/audio/noviolence_02-47.wav	No	Why do we have?
noviolence_02-470	/datasets/violence/audio/noviolence_02-470.wav	No	go in to see a physician and depending on which survey you read doctors really don't ask about exercise or movement very much.
noviolence_02-471	/datasets/violence/audio/noviolence_02-471.wav	No	And there was a report just this week from NPR about back pain and a big meta study of many studies. They...
noviolence_02-472	/datasets/violence/audio/noviolence_02-472.wav	No	They discovered that exercise is the best treatment for back pain. And also they discovered that doctors rarely ask or prescribe.
noviolence_02-473	/datasets/violence/audio/noviolence_02-473.wav	No	exercise for back pain and I think it's a sensory thing I think that's why exercise works is because you develop more sensation in your torso.
noviolence_02-474	/datasets/violence/audio/noviolence_02-474.wav	No	Now all of a sudden, wow, your body feels a lot more, there's a lot more information to work with.
noviolence_02-475	/datasets/violence/audio/noviolence_02-475.wav	No	And motor maps are never refined. Yeah, so that I think is the future, is healing ourselves through movement.
noviolence_02-476	/datasets/violence/audio/noviolence_02-476.wav	No	Another friend of mine who I want to introduce you to is Todd Hargrove and his work is a lot about how pain is
noviolence_02-477	/datasets/violence/audio/noviolence_02-477.wav	No	something that happens in the brain.
noviolence_02-478	/datasets/violence/audio/noviolence_02-478.wav	No	local to the tissues, that's about how it's interpreted. And a lot of issues.
noviolence_02-479	/datasets/violence/audio/noviolence_02-479.wav	No	The pain that we have are because...
noviolence_02-48	/datasets/violence/audio/noviolence_02-48.wav	No	The thing that I'm always thinking.
noviolence_02-480	/datasets/violence/audio/noviolence_02-480.wav	No	the body's not getting the information from the cells in the local.
noviolence_02-481	/datasets/violence/audio/noviolence_02-481.wav	No	in a way that is.
noviolence_02-482	/datasets/violence/audio/noviolence_02-482.wav	No	So the map breaks down and it's not used.
noviolence_02-483	/datasets/violence/audio/noviolence_02-483.wav	No	So if we sit in a chair all day and our back only has one position.
noviolence_02-484	/datasets/violence/audio/noviolence_02-484.wav	No	That's a back that's not feeding a ton of information to the nervous system. It develops a poor connection.
noviolence_02-485	/datasets/violence/audio/noviolence_02-485.wav	No	Right. Yeah, it's all cybernetics. So we hear this term cyborg. Yeah. And we think robot, but really we're all cyborgs. We're cybernetic.
noviolence_02-486	/datasets/violence/audio/noviolence_02-486.wav	No	organisms and we depend on that feedback to come into the nervous system so we'll have something to work with.
noviolence_02-487	/datasets/violence/audio/noviolence_02-487.wav	No	The self cannot exist without the external world. It has to be informed. And that's what we're trying to do in this modern technological world, is we're trying to create...
noviolence_02-488	/datasets/violence/audio/noviolence_02-488.wav	No	autonomous.
noviolence_02-489	/datasets/violence/audio/noviolence_02-489.wav	No	organisms. This whole idea of getting in a spacecraft and going to Mars.
noviolence_02-49	/datasets/violence/audio/noviolence_02-49.wav	No	Mm-hmm. What?
noviolence_02-490	/datasets/violence/audio/noviolence_02-490.wav	No	I find just completely intolerable. I mean, there are people signing up to do that.
noviolence_02-491	/datasets/violence/audio/noviolence_02-491.wav	No	I think of that as a really scary proposition.
noviolence_02-492	/datasets/violence/audio/noviolence_02-492.wav	No	lost in space like that.
noviolence_02-493	/datasets/violence/audio/noviolence_02-493.wav	No	One of my good friends is a person...
noviolence_02-494	/datasets/violence/audio/noviolence_02-494.wav	No	super into that idea.
noviolence_02-495	/datasets/violence/audio/noviolence_02-495.wav	No	It's strange to me because...
noviolence_02-496	/datasets/violence/audio/noviolence_02-496.wav	No	I would want to be honest.
noviolence_02-497	/datasets/violence/audio/noviolence_02-497.wav	No	because I feel like we're still just learning how to live on earth.
noviolence_02-498	/datasets/violence/audio/noviolence_02-498.wav	No	Like we're
noviolence_02-499	/datasets/violence/audio/noviolence_02-499.wav	No	We talk about all the evolutionary mismatch problems.
noviolence_02-5	/datasets/violence/audio/noviolence_02-5.wav	No	of connecting the idea of physical culture with broader concepts and evolution.
noviolence_02-50	/datasets/violence/audio/noviolence_02-50.wav	No	Kids in her
noviolence_02-500	/datasets/violence/audio/noviolence_02-500.wav	No	What question I thought about? What was it like?
noviolence_02-501	/datasets/violence/audio/noviolence_02-501.wav	No	So Mars has 0.37 gravity.
noviolence_02-502	/datasets/violence/audio/noviolence_02-502.wav	No	How does a pregnant...
noviolence_02-503	/datasets/violence/audio/noviolence_02-503.wav	No	How do all these human systems work? Notice this in the back.
noviolence_02-504	/datasets/violence/audio/noviolence_02-504.wav	No	billions of years to life here on Earth.
noviolence_02-505	/datasets/violence/audio/noviolence_02-505.wav	No	On the other side, from an evolutionary standpoint too, it's very exciting because...
noviolence_02-506	/datasets/violence/audio/noviolence_02-506.wav	No	Planning is a really vulnerable thing.
noviolence_02-507	/datasets/violence/audio/noviolence_02-507.wav	No	There are more planets that humans live on, and we are more robust.
noviolence_02-508	/datasets/violence/audio/noviolence_02-508.wav	No	Palaraa!
noviolence_02-509	/datasets/violence/audio/noviolence_02-509.wav	No	Yeah, I'm more like you. I lean more towards Mike. Let's, uh...
noviolence_02-51	/datasets/violence/audio/noviolence_02-51.wav	No	to move and play.
noviolence_02-510	/datasets/violence/audio/noviolence_02-510.wav	No	Let's approach these things with some caution, some respect for the fact that we are Earthlings.
noviolence_02-511	/datasets/violence/audio/noviolence_02-511.wav	No	Yeah, and it's not going to be so easy to become anything else. Let's solve this mismatch first Yeah, because we're open to all kind of worms and I think it's actually an interesting sort of
noviolence_02-512	/datasets/violence/audio/noviolence_02-512.wav	No	It's an interesting illustration of...
noviolence_02-513	/datasets/violence/audio/noviolence_02-513.wav	No	broader sort of.
noviolence_02-514	/datasets/violence/audio/noviolence_02-514.wav	No	of modern world that I think we're getting at here, which is this concept
noviolence_02-515	/datasets/violence/audio/noviolence_02-515.wav	No	We have power.
noviolence_02-516	/datasets/violence/audio/noviolence_02-516.wav	No	and we can do great things with it.
noviolence_02-517	/datasets/violence/audio/noviolence_02-517.wav	No	but without knowledge of ourselves.
noviolence_02-518	/datasets/violence/audio/noviolence_02-518.wav	No	we don't realize the cost.
noviolence_02-519	/datasets/violence/audio/noviolence_02-519.wav	No	when culture changes so fast.
noviolence_02-52	/datasets/violence/audio/noviolence_02-52.wav	No	I'm curious to hear you kind of really talk about
noviolence_02-520	/datasets/violence/audio/noviolence_02-520.wav	No	hard to remember what's lost.
noviolence_02-521	/datasets/violence/audio/noviolence_02-521.wav	No	You know, my father.
noviolence_02-522	/datasets/violence/audio/noviolence_02-522.wav	No	and with four electric
noviolence_02-523	/datasets/violence/audio/noviolence_02-523.wav	No	at the end of a dirt road, right?
noviolence_02-524	/datasets/violence/audio/noviolence_02-524.wav	No	farm that his grandfather had homesteaded in the sketch of Al.
noviolence_02-525	/datasets/violence/audio/noviolence_02-525.wav	No	So he wrote this super
noviolence_02-526	/datasets/violence/audio/noviolence_02-526.wav	No	basically didn't have.
noviolence_02-527	/datasets/violence/audio/noviolence_02-527.wav	No	radio to have video games.
noviolence_02-528	/datasets/violence/audio/noviolence_02-528.wav	No	The really interesting thing is when he was in his late 40s...
noviolence_02-529	/datasets/violence/audio/noviolence_02-529.wav	No	He built a diving.
noviolence_02-53	/datasets/violence/audio/noviolence_02-53.wav	No	How do we lose?
noviolence_02-530	/datasets/violence/audio/noviolence_02-530.wav	No	He's out there one day, he bounced on a diamond board.
noviolence_02-531	/datasets/violence/audio/noviolence_02-531.wav	No	goes up and does a front flip and it goes down.
noviolence_02-532	/datasets/violence/audio/noviolence_02-532.wav	No	into the water. Clean entry.
noviolence_02-533	/datasets/violence/audio/noviolence_02-533.wav	No	And I've never seen him do a flip in my entire life.
noviolence_02-534	/datasets/violence/audio/noviolence_02-534.wav	No	where did that come from? Right. And so I started kind of quizzing him about...
noviolence_02-535	/datasets/violence/audio/noviolence_02-535.wav	No	And it's like, oh, it turns out that all the stuff we're doing now with physical culture...
noviolence_02-536	/datasets/violence/audio/noviolence_02-536.wav	No	It wasn't called parkour then. It was just how kids entertain themselves. Right.
noviolence_02-537	/datasets/violence/audio/noviolence_02-537.wav	No	You know, I came out with this video recently, the waterfall.
noviolence_02-538	/datasets/violence/audio/noviolence_02-538.wav	No	video of me climbing through this.
noviolence_02-539	/datasets/violence/audio/noviolence_02-539.wav	No	and waterfalls in Donahue.
noviolence_02-54	/datasets/violence/audio/noviolence_02-54.wav	No	Right. Well, part of the problem, and a lot of writers on human body and human history have talked about this.
noviolence_02-540	/datasets/violence/audio/noviolence_02-540.wav	No	So I showed it to my dad.
noviolence_02-541	/datasets/violence/audio/noviolence_02-541.wav	No	I said, oh man, it must have been really scary to climb up through that. We only ever went down.
noviolence_02-542	/datasets/violence/audio/noviolence_02-542.wav	No	J 백 J
noviolence_02-543	/datasets/violence/audio/noviolence_02-543.wav	No	And I didn't even know my dad had ever even been to that place. Right.
noviolence_02-544	/datasets/violence/audio/noviolence_02-544.wav	No	But it goes to this idea that...
noviolence_02-545	/datasets/violence/audio/noviolence_02-545.wav	No	a lot of these cultural things that we're trying to rediscover right now.
noviolence_02-546	/datasets/violence/audio/noviolence_02-546.wav	No	They've been around. Right.
noviolence_02-547	/datasets/violence/audio/noviolence_02-547.wav	No	They weren't recognized. My dad didn't think of all the ways that he played in the woods.
noviolence_02-548	/datasets/violence/audio/noviolence_02-548.wav	No	important part of the culture that he needed to pass on.
noviolence_02-549	/datasets/violence/audio/noviolence_02-549.wav	No	Mm-hmm. Mm-hmm. And when all of my friends were playing video games...
noviolence_02-55	/datasets/violence/audio/noviolence_02-55.wav	No	this idea that we're predisposed to sloth, we're predisposed to relax. That would have been our life on the grassland, on the
noviolence_02-550	/datasets/violence/audio/noviolence_02-550.wav	No	woods. People didn't recognize.
noviolence_02-551	/datasets/violence/audio/noviolence_02-551.wav	No	the value of what was being lost. This is where Richard Lou's work.
noviolence_02-552	/datasets/violence/audio/noviolence_02-552.wav	No	valuable. Right.
noviolence_02-553	/datasets/violence/audio/noviolence_02-553.wav	No	this wake up.
noviolence_02-554	/datasets/violence/audio/noviolence_02-554.wav	No	It reminds me of the story of Jim Thorpe, because a lot of pundits.
noviolence_02-555	/datasets/violence/audio/noviolence_02-555.wav	No	declare him to be one of the greatest athletes that ever lived. And he grew up, I think it was in the backwoods of Oklahoma. And he rode horses and chopped wood.
noviolence_02-556	/datasets/violence/audio/noviolence_02-556.wav	No	and ran through the woods and he lived a very natural lifestyle until one day he showed up at the college and decided to try out for the football team.
noviolence_02-557	/datasets/violence/audio/noviolence_02-557.wav	No	He excelled, but...
noviolence_02-558	/datasets/violence/audio/noviolence_02-558.wav	No	He didn't have any sophisticated training. It was all natural.
noviolence_02-559	/datasets/violence/audio/noviolence_02-559.wav	No	Yeah, there's a lot of stories like that about like Herschel Walker. And there's this IPA and um...
noviolence_02-56	/datasets/violence/audio/noviolence_02-56.wav	No	of Savannah was really difficult and we are predisposed to.
noviolence_02-560	/datasets/violence/audio/noviolence_02-560.wav	No	in the strength and fitness, strength and conditioning world for, for team sports.
noviolence_02-562	/datasets/violence/audio/noviolence_02-562.wav	No	And I like to think of that now as human strong.
noviolence_02-563	/datasets/violence/audio/noviolence_02-563.wav	No	when we take something off a barbell.
noviolence_02-564	/datasets/violence/audio/noviolence_02-564.wav	No	Barbell is an incredibly powerful tool.
noviolence_02-565	/datasets/violence/audio/noviolence_02-565.wav	No	to increase the strength of
noviolence_02-566	/datasets/violence/audio/noviolence_02-566.wav	No	to get someone that strong.
noviolence_02-567	/datasets/violence/audio/noviolence_02-567.wav	No	But people used to get that.
noviolence_02-568	/datasets/violence/audio/noviolence_02-568.wav	No	back to a much more reverse sort of loop.
noviolence_02-569	/datasets/violence/audio/noviolence_02-569.wav	No	your hands are only gripping something.
noviolence_02-57	/datasets/violence/audio/noviolence_02-57.wav	No	take it easy whenever possible. So it's almost like we're programmed to rest and that's that's part of it. But beyond that and you bring up children.
noviolence_02-570	/datasets/violence/audio/noviolence_02-570.wav	No	to quit. And there's all these
noviolence_02-571	/datasets/violence/audio/noviolence_02-571.wav	No	all these degrees of strength that are being lit, ah, missed in the bench. If you put a barbell on your back, you'll get a bruise across the top of your shoulder. It goes...
noviolence_02-572	/datasets/violence/audio/noviolence_02-572.wav	No	tissue adapts.
noviolence_02-573	/datasets/violence/audio/noviolence_02-573.wav	No	but what's happening with the rest of your body?
noviolence_02-574	/datasets/violence/audio/noviolence_02-574.wav	No	But if you're baling hay...
noviolence_02-575	/datasets/violence/audio/noviolence_02-575.wav	No	if you're carrying yolks, if you're doing all these things.
noviolence_02-576	/datasets/violence/audio/noviolence_02-576.wav	No	You literally are creating, I think, a much more resilient body.
noviolence_02-577	/datasets/violence/audio/noviolence_02-577.wav	No	for East
noviolence_02-578	/datasets/violence/audio/noviolence_02-578.wav	No	Yeah, blue collar stuff, farming, all that stuff is good. Moving like a human being. Yeah, climbing ladders, digging holes, shoveling snow, all that.
noviolence_02-58	/datasets/violence/audio/noviolence_02-58.wav	No	part of it's really cultural right now.
noviolence_02-580	/datasets/violence/audio/noviolence_02-580.wav	No	That's been changed. Yes.
noviolence_02-581	/datasets/violence/audio/noviolence_02-581.wav	No	Okay guys, we're back here with Frank who's now got a sweater on because it's gotten a little bit cold. How to take a break, adjust the cameras.
noviolence_02-582	/datasets/violence/audio/noviolence_02-582.wav	No	So we were talking about.
noviolence_02-583	/datasets/violence/audio/noviolence_02-583.wav	No	kind of how natural movement has made people strong throughout history.
noviolence_02-584	/datasets/violence/audio/noviolence_02-584.wav	No	One of the things that you've emphasized a lot that's a big emphasis for me obviously is the importance of the natural world in training.
noviolence_02-585	/datasets/violence/audio/noviolence_02-585.wav	No	So I wanted to...
noviolence_02-586	/datasets/violence/audio/noviolence_02-586.wav	No	get your take on why it's so...
noviolence_02-587	/datasets/violence/audio/noviolence_02-587.wav	No	people take on a physical.
noviolence_02-588	/datasets/violence/audio/noviolence_02-588.wav	No	physical practice that engage.
noviolence_02-589	/datasets/violence/audio/noviolence_02-589.wav	No	with the outdoor natural world, not just...
noviolence_02-59	/datasets/violence/audio/noviolence_02-59.wav	No	this professionalization of youth sport.
noviolence_02-590	/datasets/violence/audio/noviolence_02-590.wav	No	Right, well...
noviolence_02-591	/datasets/violence/audio/noviolence_02-591.wav	No	the short answer.
noviolence_02-592	/datasets/violence/audio/noviolence_02-592.wav	No	is that we're built for it.
noviolence_02-593	/datasets/violence/audio/noviolence_02-593.wav	No	every detail of our anatomy and our physiology is built for.
noviolence_02-594	/datasets/violence/audio/noviolence_02-594.wav	No	And again, going back to...
noviolence_02-595	/datasets/violence/audio/noviolence_02-595.wav	No	deep time argument.
noviolence_02-596	/datasets/violence/audio/noviolence_02-596.wav	No	finest detail.
noviolence_02-597	/datasets/violence/audio/noviolence_02-597.wav	No	our sensitivity, everything.
noviolence_02-598	/datasets/violence/audio/noviolence_02-598.wav	No	to the natural world.
noviolence_02-599	/datasets/violence/audio/noviolence_02-599.wav	No	And by going into gyms and indoor environments where everything's plastic and smooth, we're depriving ourselves.
noviolence_02-6	/datasets/violence/audio/noviolence_02-6.wav	No	in neurobiology.
noviolence_02-60	/datasets/violence/audio/noviolence_02-60.wav	No	that we see everywhere now where we're starting kids really young in movement specialty.
noviolence_02-600	/datasets/violence/audio/noviolence_02-600.wav	No	sensation.
noviolence_02-601	/datasets/violence/audio/noviolence_02-601.wav	No	So outdoors.
noviolence_02-602	/datasets/violence/audio/noviolence_02-602.wav	No	is always going to be.
noviolence_02-603	/datasets/violence/audio/noviolence_02-603.wav	No	And it feels better too. And it looks better in general.
noviolence_02-604	/datasets/violence/audio/noviolence_02-604.wav	No	So it's more pleasing to our sensibilities. There's an aesthetic quality that's pleasing to us all.
noviolence_02-605	/datasets/violence/audio/noviolence_02-605.wav	No	So, and it encourages.
noviolence_02-606	/datasets/violence/audio/noviolence_02-606.wav	No	Diversity you walk on a trail or you run on a trail every step is slightly
noviolence_02-607	/datasets/violence/audio/noviolence_02-607.wav	No	even if you run the same trail over and over again, you get seasonal variations and weather variations.
noviolence_02-608	/datasets/violence/audio/noviolence_02-608.wav	No	and so every time.
noviolence_02-609	/datasets/violence/audio/noviolence_02-609.wav	No	have to adapt in a slightly new way.
noviolence_02-61	/datasets/violence/audio/noviolence_02-61.wav	No	that take them right out of play. We start training them with really highly disciplined procedures for sets and reps and doing movements.
noviolence_02-610	/datasets/violence/audio/noviolence_02-610.wav	No	by far the best.
noviolence_02-611	/datasets/violence/audio/noviolence_02-611.wav	No	Yeah, so is that.
noviolence_02-612	/datasets/violence/audio/noviolence_02-612.wav	No	100% agree.
noviolence_02-613	/datasets/violence/audio/noviolence_02-613.wav	No	enormous amount-
noviolence_02-614	/datasets/violence/audio/noviolence_02-614.wav	No	start measuring.
noviolence_02-615	/datasets/violence/audio/noviolence_02-615.wav	No	are color where?!
noviolence_02-616	/datasets/violence/audio/noviolence_02-616.wav	No	Cold or warm, wet or dry weather.
noviolence_02-617	/datasets/violence/audio/noviolence_02-617.wav	No	You know, the types of service.
noviolence_02-618	/datasets/violence/audio/noviolence_02-618.wav	No	our feet are in hot.
noviolence_02-62	/datasets/violence/audio/noviolence_02-62.wav	No	in a particular way. So now they become adept at a movement specialty.
noviolence_02-620	/datasets/violence/audio/noviolence_02-620.wav	No	There's probably a new mo-
noviolence_02-621	/datasets/violence/audio/noviolence_02-621.wav	No	People have known this for...
noviolence_02-622	/datasets/violence/audio/noviolence_02-622.wav	No	Right. Right. Traditional movement practice.
noviolence_02-623	/datasets/violence/audio/noviolence_02-623.wav	No	one of them that's a personal.
noviolence_02-624	/datasets/violence/audio/noviolence_02-624.wav	No	in the city and I don't like it.
noviolence_02-625	/datasets/violence/audio/noviolence_02-625.wav	No	It's good, I love the word.
noviolence_02-626	/datasets/violence/audio/noviolence_02-626.wav	No	walk down into the park.
noviolence_02-627	/datasets/violence/audio/noviolence_02-627.wav	No	you. Mm-hmm.
noviolence_02-628	/datasets/violence/audio/noviolence_02-628.wav	No	Mm-hmm.
noviolence_02-629	/datasets/violence/audio/noviolence_02-629.wav	No	Well...
noviolence_02-63	/datasets/violence/audio/noviolence_02-63.wav	No	But they really want to play. And this is a common complaint in youth sports, a common complaint of the children. They say, we want to play.
noviolence_02-630	/datasets/violence/audio/noviolence_02-630.wav	No	The word biophilia literally means love of life and it was made popular by E.O. Wilson.
noviolence_02-631	/datasets/violence/audio/noviolence_02-631.wav	No	and he described it as the innate.
noviolence_02-632	/datasets/violence/audio/noviolence_02-632.wav	No	tendency for human beings to affiliate with the natural world. And of course, it's not just humans because
noviolence_02-633	/datasets/violence/audio/noviolence_02-633.wav	No	every animal will try and seek out a natural environment.
noviolence_02-634	/datasets/violence/audio/noviolence_02-634.wav	No	It nourishes us, I think, in...
noviolence_02-635	/datasets/violence/audio/noviolence_02-635.wav	No	in so many ways, but the classic example is life.
noviolence_02-636	/datasets/violence/audio/noviolence_02-636.wav	No	I mean that's the synchronizing force. Natural light will synchronize through the master clock and then all the distributed clocks through our body are
noviolence_02-637	/datasets/violence/audio/noviolence_02-637.wav	No	physiology literally depends on that synchronization that happens ideally every day at dawn.
noviolence_02-638	/datasets/violence/audio/noviolence_02-638.wav	No	and we miss out.
noviolence_02-639	/datasets/violence/audio/noviolence_02-639.wav	No	But
noviolence_02-64	/datasets/violence/audio/noviolence_02-64.wav	No	That's the thing we want most. And we take that away from them because we want to make children's sports like the pros. And that's a big...
noviolence_02-640	/datasets/violence/audio/noviolence_02-640.wav	No	Biophilia is an interesting idea because I think there's individual variation there. Some people are just like us. We really, really are drawn.
noviolence_02-641	/datasets/violence/audio/noviolence_02-641.wav	No	to nature and other people seem...
noviolence_02-642	/datasets/violence/audio/noviolence_02-642.wav	No	to take it early.
noviolence_02-643	/datasets/violence/audio/noviolence_02-643.wav	No	And I'm not sure why that is.
noviolence_02-644	/datasets/violence/audio/noviolence_02-644.wav	No	Some people don't feel the compelling need to get out.
noviolence_02-645	/datasets/violence/audio/noviolence_02-645.wav	No	and I wonder about...
noviolence_02-646	/datasets/violence/audio/noviolence_02-646.wav	No	But there's no getting around what it does for us.
noviolence_02-647	/datasets/violence/audio/noviolence_02-647.wav	No	every system in the body.
noviolence_02-648	/datasets/violence/audio/noviolence_02-648.wav	No	As far as why-
noviolence_02-649	/datasets/violence/audio/noviolence_02-649.wav	No	I think there's probably...
noviolence_02-65	/datasets/violence/audio/noviolence_02-65.wav	No	So that's one of our problems.
noviolence_02-650	/datasets/violence/audio/noviolence_02-650.wav	No	Like, I grew up in the woods.
noviolence_02-651	/datasets/violence/audio/noviolence_02-651.wav	No	Right.
noviolence_02-652	/datasets/violence/audio/noviolence_02-652.wav	No	Mm-hmm. That's right.
noviolence_02-653	/datasets/violence/audio/noviolence_02-653.wav	No	them in a chair.
noviolence_02-654	/datasets/violence/audio/noviolence_02-654.wav	No	You can't wrestle.
noviolence_02-655	/datasets/violence/audio/noviolence_02-655.wav	No	And so we develop a culture of people.
noviolence_02-656	/datasets/violence/audio/noviolence_02-656.wav	No	I think that's a big part of it.
noviolence_02-657	/datasets/violence/audio/noviolence_02-657.wav	No	And I think the same thing is probably true.
noviolence_02-659	/datasets/violence/audio/noviolence_02-659.wav	No	I take people out to train and it works.
noviolence_02-66	/datasets/violence/audio/noviolence_02-66.wav	No	Mm-hmm. Mm-hmm. And that it's something that we...
noviolence_02-660	/datasets/violence/audio/noviolence_02-660.wav	No	intimidated just by having
noviolence_02-661	/datasets/violence/audio/noviolence_02-661.wav	No	Right, yeah, to bridge on that, people now are starting to talk about the flip side of biophilia, which is biophobia.
noviolence_02-662	/datasets/violence/audio/noviolence_02-662.wav	No	College students now, some of them, report being either apathetic toward nature or they just don't want to have anything to do with it.
noviolence_02-663	/datasets/violence/audio/noviolence_02-663.wav	No	and other people overreact to the so-called dangers of being outdoors. I was going up a local trail here.
noviolence_02-664	/datasets/violence/audio/noviolence_02-664.wav	No	just yesterday and I was only up a few hundred yards from the parking lot met a woman and she had one of these.
noviolence_02-665	/datasets/violence/audio/noviolence_02-665.wav	No	bear defense canisters ready to take on the bears. And you're lucky to see one bear here a year. And that's.
noviolence_02-666	/datasets/violence/audio/noviolence_02-666.wav	No	lucky if you see that. So people are frightened and...
noviolence_02-667	/datasets/violence/audio/noviolence_02-667.wav	No	It probably just comes from the fact that they never...
noviolence_02-668	/datasets/violence/audio/noviolence_02-668.wav	No	Never got to know.
noviolence_02-669	/datasets/violence/audio/noviolence_02-669.wav	No	I'd like to touch on that. I'm gonna just check the cameras one more time. Okay.
noviolence_02-67	/datasets/violence/audio/noviolence_02-67.wav	No	We all inherently
noviolence_02-670	/datasets/violence/audio/noviolence_02-670.wav	No	How long will this cards go for?
noviolence_02-671	/datasets/violence/audio/noviolence_02-671.wav	No	I totally meant to start with the eye contact, yes.
noviolence_02-672	/datasets/violence/audio/noviolence_02-672.wav	No	idea
noviolence_02-673	/datasets/violence/audio/noviolence_02-673.wav	No	People are afraid of the risk.
noviolence_02-674	/datasets/violence/audio/noviolence_02-674.wav	No	People see what I do.
noviolence_02-675	/datasets/violence/audio/noviolence_02-675.wav	No	The reason that we tell kids...
noviolence_02-676	/datasets/violence/audio/noviolence_02-676.wav	No	We're essentially telling you...
noviolence_02-677	/datasets/violence/audio/noviolence_02-677.wav	No	and there's a.
noviolence_02-678	/datasets/violence/audio/noviolence_02-678.wav	No	involved in that.
noviolence_02-679	/datasets/violence/audio/noviolence_02-679.wav	No	confident.
noviolence_02-68	/datasets/violence/audio/noviolence_02-68.wav	No	And when we're regularly exposed to it, we recognize the nutrition.
noviolence_02-680	/datasets/violence/audio/noviolence_02-680.wav	No	So it's another one of these interesting myths.
noviolence_02-681	/datasets/violence/audio/noviolence_02-681.wav	No	created a world at sea.
noviolence_02-682	/datasets/violence/audio/noviolence_02-682.wav	No	Yes.
noviolence_02-683	/datasets/violence/audio/noviolence_02-683.wav	No	supposed to have it.
noviolence_02-684	/datasets/violence/audio/noviolence_02-684.wav	No	in the soil.
noviolence_02-685	/datasets/violence/audio/noviolence_02-685.wav	No	We're supposed to have it.
noviolence_02-686	/datasets/violence/audio/noviolence_02-686.wav	No	Right, and all you gotta do is think about...
noviolence_02-687	/datasets/violence/audio/noviolence_02-687.wav	No	ancestral native population.
noviolence_02-688	/datasets/violence/audio/noviolence_02-688.wav	No	and how risky that would have been.
noviolence_02-689	/datasets/violence/audio/noviolence_02-689.wav	No	That was our standard life.
noviolence_02-69	/datasets/violence/audio/noviolence_02-69.wav	No	in the same way that when we were robots...
noviolence_02-690	/datasets/violence/audio/noviolence_02-690.wav	No	Every day was r-
noviolence_02-691	/datasets/violence/audio/noviolence_02-691.wav	No	It wasn't until...
noviolence_02-692	/datasets/violence/audio/noviolence_02-692.wav	No	16th century, the maritime industry started to develop insurance policies for the ships that would go out with their cargo and then insurance, we started...
noviolence_02-693	/datasets/violence/audio/noviolence_02-693.wav	No	spread the risk around to people and now we've come to expect that as being normal.
noviolence_02-694	/datasets/violence/audio/noviolence_02-694.wav	No	being an animal on this earth.
noviolence_02-695	/datasets/violence/audio/noviolence_02-695.wav	No	and it always has.
noviolence_02-696	/datasets/violence/audio/noviolence_02-696.wav	No	and we gain power by engaging with them.
noviolence_02-697	/datasets/violence/audio/noviolence_02-697.wav	No	Yeah, we...
noviolence_02-698	/datasets/violence/audio/noviolence_02-698.wav	No	Insulate in yourself.
noviolence_02-699	/datasets/violence/audio/noviolence_02-699.wav	No	makes you more
noviolence_02-7	/datasets/violence/audio/noviolence_02-7.wav	No	lot of really interesting kind of connections to how the body shoots.
noviolence_02-70	/datasets/violence/audio/noviolence_02-70.wav	No	a broad variety of food, we recognize, oh, my body.
noviolence_02-700	/datasets/violence/audio/noviolence_02-700.wav	No	Biting off just enough
noviolence_02-701	/datasets/violence/audio/noviolence_02-701.wav	No	over and over again.
noviolence_02-702	/datasets/violence/audio/noviolence_02-702.wav	No	Okay.
noviolence_02-703	/datasets/violence/audio/noviolence_02-703.wav	No	So...
noviolence_02-704	/datasets/violence/audio/noviolence_02-704.wav	No	One question I wanted to really dig into before we're done.
noviolence_02-705	/datasets/violence/audio/noviolence_02-705.wav	No	We sort of have the wrong...
noviolence_02-706	/datasets/violence/audio/noviolence_02-706.wav	No	Right. Oh, right.
noviolence_02-707	/datasets/violence/audio/noviolence_02-707.wav	No	Ένας τόρματες!
noviolence_02-708	/datasets/violence/audio/noviolence_02-708.wav	No	of an imbalance between.
noviolence_02-709	/datasets/violence/audio/noviolence_02-709.wav	No	and an adaption of a human being.
noviolence_02-71	/datasets/violence/audio/noviolence_02-71.wav	No	kind of my perception.
noviolence_02-710	/datasets/violence/audio/noviolence_02-710.wav	No	If we look at a Savannah...
noviolence_02-711	/datasets/violence/audio/noviolence_02-711.wav	No	the ability to traverse.
noviolence_02-712	/datasets/violence/audio/noviolence_02-712.wav	No	Mm-hmm.
noviolence_02-713	/datasets/violence/audio/noviolence_02-713.wav	No	Right. You're always struggling.
noviolence_02-714	/datasets/violence/audio/noviolence_02-714.wav	No	And you can look at the population.
noviolence_02-715	/datasets/violence/audio/noviolence_02-715.wav	No	It's very different cultural.
noviolence_02-716	/datasets/violence/audio/noviolence_02-716.wav	No	most people really pr...
noviolence_02-717	/datasets/violence/audio/noviolence_02-717.wav	No	and not so much.
noviolence_02-718	/datasets/violence/audio/noviolence_02-718.wav	No	Mm-hmm. Yeah.
noviolence_02-719	/datasets/violence/audio/noviolence_02-719.wav	No	And I think that that's a...
noviolence_02-720	/datasets/violence/audio/noviolence_02-720.wav	No	an imbalance and I'm just curious for your thoughts on...
noviolence_02-721	/datasets/violence/audio/noviolence_02-721.wav	No	how you've seen that develop.
noviolence_02-722	/datasets/violence/audio/noviolence_02-722.wav	No	Right. Now there's new.
noviolence_02-723	/datasets/violence/audio/noviolence_02-723.wav	No	How do you see that balance?
noviolence_02-724	/datasets/violence/audio/noviolence_02-724.wav	No	Ja, um...
noviolence_02-725	/datasets/violence/audio/noviolence_02-725.wav	No	After reading Chris McDougall's book, Born to Run, I felt like he painted kind of a...
noviolence_02-726	/datasets/violence/audio/noviolence_02-726.wav	No	unbalanced picture of human evolution. Because for him it's all about long distance running, chasing down animals and
noviolence_02-727	/datasets/violence/audio/noviolence_02-727.wav	No	that being the stand.
noviolence_02-728	/datasets/violence/audio/noviolence_02-728.wav	No	in human evolution.
noviolence_02-729	/datasets/violence/audio/noviolence_02-729.wav	No	And I don't doubt that that happened probably a lot. And I'm sure that every...
noviolence_02-73	/datasets/violence/audio/noviolence_02-73.wav	No	to move.
noviolence_02-730	/datasets/violence/audio/noviolence_02-730.wav	No	tribe had certain hunters that were capable of these long distance aerobic feats.
noviolence_02-731	/datasets/violence/audio/noviolence_02-731.wav	No	But is that the standard? Well, I don't think so, because there was also a lot of walking and gathering and opportunistic hunting and dealing.
noviolence_02-732	/datasets/violence/audio/noviolence_02-732.wav	No	with different kinds of terrain.
noviolence_02-733	/datasets/violence/audio/noviolence_02-733.wav	No	We focus, I think, in the modern world, we focus on aerobic exercise because it's easy to test, it's easy to measure.
noviolence_02-734	/datasets/violence/audio/noviolence_02-734.wav	No	And it's really easy to do. John Rady in his book Spark.
noviolence_02-735	/datasets/violence/audio/noviolence_02-735.wav	No	the fact that it's really easy to do laboratory tests on rats because you can get them to run on a running wheel and mimic aerobic exercise and then you can collect all the...
noviolence_02-736	/datasets/violence/audio/noviolence_02-736.wav	No	data and then you can you can point to the values of aerobic exercise and so I think that
noviolence_02-737	/datasets/violence/audio/noviolence_02-737.wav	No	The exercise culture is really skewed now towards aerobic endurance, monotonous exercise.
noviolence_02-738	/datasets/violence/audio/noviolence_02-738.wav	No	because we've studied it a lot.
noviolence_02-739	/datasets/violence/audio/noviolence_02-739.wav	No	And
noviolence_02-74	/datasets/violence/audio/noviolence_02-74.wav	No	kind of try to get all of that nutrition.
noviolence_02-740	/datasets/violence/audio/noviolence_02-740.wav	No	I think what's going to happen is we're going to find similar benefits to every kind of...
noviolence_02-741	/datasets/violence/audio/noviolence_02-741.wav	No	movement that we do, but the complexity that you speak.
noviolence_02-742	/datasets/violence/audio/noviolence_02-742.wav	No	in an arboreal environment, I think that's huge. And it's bound to have good cognitive payoffs and good psychological...
noviolence_02-743	/datasets/violence/audio/noviolence_02-743.wav	No	payoffs just because it's so fun to move.
noviolence_02-744	/datasets/violence/audio/noviolence_02-744.wav	No	And there's something, I'm sure that there's a...
noviolence_02-745	/datasets/violence/audio/noviolence_02-745.wav	No	link between the kinds of movement we do and the cognition that we have.
noviolence_02-746	/datasets/violence/audio/noviolence_02-746.wav	No	kind of ideas that we produce. And I think we value aerobic exercise because it produces certain.
noviolence_02-747	/datasets/violence/audio/noviolence_02-747.wav	No	It really ties into.
noviolence_02-748	/datasets/violence/audio/noviolence_02-748.wav	No	corporate culture where there's really a strong value.
noviolence_02-749	/datasets/violence/audio/noviolence_02-749.wav	No	on endurance.
noviolence_02-75	/datasets/violence/audio/noviolence_02-75.wav	No	Yeah, we're programmed to rest but like animals that are rest
noviolence_02-750	/datasets/violence/audio/noviolence_02-750.wav	No	perseverance, persistence.
noviolence_02-751	/datasets/violence/audio/noviolence_02-751.wav	No	but
noviolence_02-752	/datasets/violence/audio/noviolence_02-752.wav	No	What about dance? What about...
noviolence_02-753	/datasets/violence/audio/noviolence_02-753.wav	No	moving in a three-dimensional environment.
noviolence_02-754	/datasets/violence/audio/noviolence_02-754.wav	No	that kind of...
noviolence_02-755	/datasets/violence/audio/noviolence_02-755.wav	No	physical experiment.
noviolence_02-756	/datasets/violence/audio/noviolence_02-756.wav	No	is bound to make.
noviolence_02-757	/datasets/violence/audio/noviolence_02-757.wav	No	So training the human animal, training people like people, humans like humans.
noviolence_02-758	/datasets/violence/audio/noviolence_02-758.wav	No	all over the above.
noviolence_02-759	/datasets/violence/audio/noviolence_02-759.wav	No	and let people have that diversity.
noviolence_02-76	/datasets/violence/audio/noviolence_02-76.wav	No	Well fed.
noviolence_02-760	/datasets/violence/audio/noviolence_02-760.wav	No	of experience.
noviolence_02-761	/datasets/violence/audio/noviolence_02-761.wav	No	And that's the beauty of going outside because...
noviolence_02-762	/datasets/violence/audio/noviolence_02-762.wav	No	You get a lot of that.
noviolence_02-763	/datasets/violence/audio/noviolence_02-763.wav	No	inherently monotone.
noviolence_02-764	/datasets/violence/audio/noviolence_02-764.wav	No	even the best.
noviolence_02-765	/datasets/violence/audio/noviolence_02-765.wav	No	best exercise machines you figure them out pretty fast.
noviolence_02-766	/datasets/violence/audio/noviolence_02-766.wav	No	You know, a lot of...
noviolence_02-767	/datasets/violence/audio/noviolence_02-767.wav	No	We're doing most of it.
noviolence_02-768	/datasets/violence/audio/noviolence_02-768.wav	No	background. It's a lot of patterns.
noviolence_02-769	/datasets/violence/audio/noviolence_02-769.wav	No	a lot of flat surfaces.
noviolence_02-77	/datasets/violence/audio/noviolence_02-77.wav	No	play because that's how they...
noviolence_02-770	/datasets/violence/audio/noviolence_02-770.wav	No	variations in them. It's a lot of fun.
noviolence_02-771	/datasets/violence/audio/noviolence_02-771.wav	No	is really a lot.
noviolence_02-772	/datasets/violence/audio/noviolence_02-772.wav	No	as soon as you get into a tree.
noviolence_02-773	/datasets/violence/audio/noviolence_02-773.wav	No	have so many demands.
noviolence_02-774	/datasets/violence/audio/noviolence_02-774.wav	No	have to kind of process.
noviolence_02-775	/datasets/violence/audio/noviolence_02-775.wav	No	That was pretty profound.
noviolence_02-776	/datasets/violence/audio/noviolence_02-776.wav	No	We really should just see if we can.
noviolence_02-777	/datasets/violence/audio/noviolence_02-777.wav	No	to measure. And really in the same...
noviolence_02-778	/datasets/violence/audio/noviolence_02-778.wav	No	body but it's easy to measure a change.
noviolence_02-779	/datasets/violence/audio/noviolence_02-779.wav	No	size. Right.
noviolence_02-78	/datasets/violence/audio/noviolence_02-78.wav	No	develop skills.
noviolence_02-780	/datasets/violence/audio/noviolence_02-780.wav	No	Right.
noviolence_02-781	/datasets/violence/audio/noviolence_02-781.wav	No	And I hope, I hope they'll be.
noviolence_02-782	/datasets/violence/audio/noviolence_02-782.wav	No	If I look back at the history of science...
noviolence_02-783	/datasets/violence/audio/noviolence_02-783.wav	No	way too far away.
noviolence_02-784	/datasets/violence/audio/noviolence_02-784.wav	No	and then they're...
noviolence_02-785	/datasets/violence/audio/noviolence_02-785.wav	No	their justification.
noviolence_02-786	/datasets/violence/audio/noviolence_02-786.wav	No	Science. Right.
noviolence_02-787	/datasets/violence/audio/noviolence_02-787.wav	No	Science is the best and most robust tool.
noviolence_02-788	/datasets/violence/audio/noviolence_02-788.wav	No	tendency to look at any
noviolence_02-789	/datasets/violence/audio/noviolence_02-789.wav	No	The truth.
noviolence_02-79	/datasets/violence/audio/noviolence_02-79.wav	No	Where do you see us, the way that we as a culture can...
noviolence_02-790	/datasets/violence/audio/noviolence_02-790.wav	No	specific set of
noviolence_02-791	/datasets/violence/audio/noviolence_02-791.wav	No	Very limited.
noviolence_02-792	/datasets/violence/audio/noviolence_02-792.wav	No	Right, right, exactly.
noviolence_02-793	/datasets/violence/audio/noviolence_02-793.wav	No	And I feel the same way. I love science, but science is a brand new thing. And if you look at human history, 99.99% of human history...
noviolence_02-794	/datasets/violence/audio/noviolence_02-794.wav	No	knowledge was gained through experience.
noviolence_02-795	/datasets/violence/audio/noviolence_02-795.wav	No	That worked for us and we couldn't.
noviolence_02-796	/datasets/violence/audio/noviolence_02-796.wav	No	We can rely on-
noviolence_02-797	/datasets/violence/audio/noviolence_02-797.wav	No	and we have tradition.
noviolence_02-798	/datasets/violence/audio/noviolence_02-798.wav	No	Right.
noviolence_02-799	/datasets/violence/audio/noviolence_02-799.wav	No	find that.
noviolence_02-8	/datasets/violence/audio/noviolence_02-8.wav	No	I ran into Frank's work about eight years ago. He and I were both...
noviolence_02-80	/datasets/violence/audio/noviolence_02-80.wav	No	Reframe.
noviolence_02-800	/datasets/violence/audio/noviolence_02-800.wav	No	Right, and practice rainfall
noviolence_02-801	/datasets/violence/audio/noviolence_02-801.wav	No	Everything that's...
noviolence_02-802	/datasets/violence/audio/noviolence_02-802.wav	No	so dependent.
noviolence_02-803	/datasets/violence/audio/noviolence_02-803.wav	No	Mm-hmm. It's a data.
noviolence_02-804	/datasets/violence/audio/noviolence_02-804.wav	No	Right, right.
noviolence_02-805	/datasets/violence/audio/noviolence_02-805.wav	No	Yeah, we're, well again, we're-
noviolence_02-806	/datasets/violence/audio/noviolence_02-806.wav	No	So many of us are trying to be professional.
noviolence_02-807	/datasets/violence/audio/noviolence_02-807.wav	No	and then
noviolence_02-808	/datasets/violence/audio/noviolence_02-808.wav	No	professional.
noviolence_02-809	/datasets/violence/audio/noviolence_02-809.wav	No	and to measure everything.
noviolence_02-81	/datasets/violence/audio/noviolence_02-81.wav	No	think about movement.
noviolence_02-810	/datasets/violence/audio/noviolence_02-810.wav	No	It's not always necessary and you can be a professional.
noviolence_02-811	/datasets/violence/audio/noviolence_02-811.wav	No	and put there.
noviolence_02-812	/datasets/violence/audio/noviolence_02-812.wav	No	perfectly valid way to go.
noviolence_02-813	/datasets/violence/audio/noviolence_02-813.wav	No	The body has plenty of capability to learn the world.
noviolence_02-814	/datasets/violence/audio/noviolence_02-814.wav	No	scientific measure.
noviolence_02-815	/datasets/violence/audio/noviolence_02-815.wav	No	On the best
noviolence_02-816	/datasets/violence/audio/noviolence_02-816.wav	No	And there's all about how do I create progress.
noviolence_02-817	/datasets/violence/audio/noviolence_02-817.wav	No	where she she
noviolence_02-818	/datasets/violence/audio/noviolence_02-818.wav	No	more resistant.
noviolence_02-819	/datasets/violence/audio/noviolence_02-819.wav	No	we negotiated a kind of solution where
noviolence_02-82	/datasets/violence/audio/noviolence_02-82.wav	No	start harvesting.
noviolence_02-820	/datasets/violence/audio/noviolence_02-820.wav	No	It was enough like what I wanted.
noviolence_02-821	/datasets/violence/audio/noviolence_02-821.wav	No	Okay, I've been...
noviolence_02-822	/datasets/violence/audio/noviolence_02-822.wav	No	and essentially what she told me.
noviolence_02-823	/datasets/violence/audio/noviolence_02-823.wav	No	whole goal.
noviolence_02-824	/datasets/violence/audio/noviolence_02-824.wav	No	they would progress.
noviolence_02-825	/datasets/violence/audio/noviolence_02-825.wav	No	What is that?
noviolence_02-826	/datasets/violence/audio/noviolence_02-826.wav	No	For those of us who are.
noviolence_02-827	/datasets/violence/audio/noviolence_02-827.wav	No	Mm-hmm.
noviolence_02-828	/datasets/violence/audio/noviolence_02-828.wav	No	It's not just about.
noviolence_02-829	/datasets/violence/audio/noviolence_02-829.wav	No	great story. If you have a great story about...
noviolence_02-83	/datasets/violence/audio/noviolence_02-83.wav	No	Well, I think something that we're really going to dive into here is this distinction between romantic and classical and to the short answer here is that I think
noviolence_02-830	/datasets/violence/audio/noviolence_02-830.wav	No	Brandi's the head coach.
noviolence_02-831	/datasets/violence/audio/noviolence_02-831.wav	No	Well, her suggestion...
noviolence_02-832	/datasets/violence/audio/noviolence_02-832.wav	No	I think is extremely powerful because
noviolence_02-833	/datasets/violence/audio/noviolence_02-833.wav	No	For me, the starting point so often is mismatch. And I say, here we are, these aboriginal bodies in this modern world, we've got this problem, and what's the solution to this?
noviolence_02-834	/datasets/violence/audio/noviolence_02-834.wav	No	mismatch if you look for one solution it's pretty tough I mean there's there's so many different people in so many different circumstances how
noviolence_02-835	/datasets/violence/audio/noviolence_02-835.wav	No	How do you come up with one solution for mismatch? You can't, but...
noviolence_02-836	/datasets/violence/audio/noviolence_02-836.wav	No	If you put the emphasis on art and creativity...
noviolence_02-837	/datasets/violence/audio/noviolence_02-837.wav	No	Now maybe you can come up with seven billion workable solutions to mismatch and
noviolence_02-838	/datasets/violence/audio/noviolence_02-838.wav	No	That, I think, is a way forward.
noviolence_02-839	/datasets/violence/audio/noviolence_02-839.wav	No	because...
noviolence_02-84	/datasets/violence/audio/noviolence_02-84.wav	No	We as a culture now are overboard with classical forms of education where it's all about measurement and units and hierarchy and procedures.
noviolence_02-840	/datasets/violence/audio/noviolence_02-840.wav	No	bruh
noviolence_02-841	/datasets/violence/audio/noviolence_02-841.wav	No	We're all groping for that. Lifestyle, lifestyle disease, trying to find a workable lifestyle in this mismatched environment.
noviolence_02-842	/datasets/violence/audio/noviolence_02-842.wav	No	That demands creativity.
noviolence_02-843	/datasets/violence/audio/noviolence_02-843.wav	No	and that's where the movement teachers come in and say, we can help you.
noviolence_02-844	/datasets/violence/audio/noviolence_02-844.wav	No	We can help you be more creative in the way that you move, but also in the way that you live and the way that you adapt to mismatch.
noviolence_02-845	/datasets/violence/audio/noviolence_02-845.wav	No	we provide very valuable.
noviolence_02-846	/datasets/violence/audio/noviolence_02-846.wav	No	I think that's a good point.
noviolence_02-847	/datasets/violence/audio/noviolence_02-847.wav	No	Okay. Thank you so much, Frank. Thank you.
noviolence_02-848	/datasets/violence/audio/noviolence_02-848.wav	No	It was wonderful.
noviolence_02-85	/datasets/violence/audio/noviolence_02-85.wav	No	and discipline of
noviolence_02-86	/datasets/violence/audio/noviolence_02-86.wav	No	delivering content and trying to achieve some kind of result.
noviolence_02-87	/datasets/violence/audio/noviolence_02-87.wav	No	And I think that we need.
noviolence_02-88	/datasets/violence/audio/noviolence_02-88.wav	No	perhaps to go to more of an experiential or a romantic point of view on the body and just let's focus on the experience.
noviolence_02-89	/datasets/violence/audio/noviolence_02-89.wav	No	worry less about the achievement that we're trying to crank out at the other end.
noviolence_02-9	/datasets/violence/audio/noviolence_02-9.wav	No	Living in Seattle at the time, we got to have dinner a few times.
noviolence_02-90	/datasets/violence/audio/noviolence_02-90.wav	No	And if we focus on a good quality achievement, not just for kids, but for us too, then we're going to liberate some of that play.
noviolence_02-91	/datasets/violence/audio/noviolence_02-91.wav	No	It's not worried about tomorrow.
noviolence_02-92	/datasets/violence/audio/noviolence_02-92.wav	No	Such a powerful thing.
noviolence_02-93	/datasets/violence/audio/noviolence_02-93.wav	No	do we have a greater power to...
noviolence_02-94	/datasets/violence/audio/noviolence_02-94.wav	No	in trying to get any.
noviolence_02-95	/datasets/violence/audio/noviolence_02-95.wav	No	set up these measurements, these tools.
noviolence_02-96	/datasets/violence/audio/noviolence_02-96.wav	No	the goal was not actually the reason.
noviolence_02-97	/datasets/violence/audio/noviolence_02-97.wav	No	journey in the first place. And if we get lost in the goal...
noviolence_02-98	/datasets/violence/audio/noviolence_02-98.wav	No	Right, and I think things like the FitBit and all the fitness trackers, that kind of thing. I personally, I...
noviolence_02-99	/datasets/violence/audio/noviolence_02-99.wav	No	Don't find that to be attractive.
noviolence_04-1	/datasets/violence/audio/noviolence_04-1.wav	No	Hey guys, Rafe Kelly here from Evolve Move Play. Today on the PaloCast we've got Rory Miller. Rory Miller is a celebrated self-defense expert. He's written how many books? I have no idea.
noviolence_04-10	/datasets/violence/audio/noviolence_04-10.wav	No	The things I still love to do are get together with a handful of friends and we brawl. That's the, we call them the violence prone play groups, the BPPGs.
noviolence_04-100	/datasets/violence/audio/noviolence_04-100.wav	No	When you're in power, it's really good to tell the people who are below that they shouldn't be predators, they shouldn't be strong. When you're thinking like a herd animal, you're...
noviolence_04-101	/datasets/violence/audio/noviolence_04-101.wav	No	instinct is to weaken all the people around you. You get scared.
noviolence_04-102	/datasets/violence/audio/noviolence_04-102.wav	No	Everyone needs to be, don't do anything, be passive. If you're thinking like a pack animal, everyone around you that's stronger makes you stronger. And I like strong people.
noviolence_04-103	/datasets/violence/audio/noviolence_04-103.wav	No	weak people. That's one of my one of my core philosophies is basically steel sharpened steel right so put yourself around the people that will make you strong.
noviolence_04-104	/datasets/violence/audio/noviolence_04-104.wav	No	and you're going to be a much happier, much better person. Don't be afraid of being weak.
noviolence_04-105	/datasets/violence/audio/noviolence_04-105.wav	No	in the sense of relative to the people around you because it's people who are strong in other ways that can make you strong in those ways. Okay, I say hang out with the best people that will tolerate you. Yeah, that's a good one.
noviolence_04-106	/datasets/violence/audio/noviolence_04-106.wav	No	your game up. Good people. That's one of the... And we were talking about this before.
noviolence_04-107	/datasets/violence/audio/noviolence_04-107.wav	No	intelligent people to disagree with you are possibly your most valuable asset. That's where all your learning happens. If you surround yourself by people that agree with it, if you look around it, everyone that you're around is on the same path.
noviolence_04-108	/datasets/violence/audio/noviolence_04-108.wav	No	part of you are the same spectrum in anything. You're isolated and you're getting stupider every second. We need the challenge. Absolutely. Stop without.
noviolence_04-109	/datasets/violence/audio/noviolence_04-109.wav	No	So that cues me into something I really want to talk about. I want to just set the groundwork just a little bit more. So violence is the...
noviolence_04-11	/datasets/violence/audio/noviolence_04-11.wav	No	That's good. I like it. The play is great.
noviolence_04-110	/datasets/violence/audio/noviolence_04-110.wav	No	use of force, right? That's one way to think about it. And it's anywhere on that scale. So...
noviolence_04-111	/datasets/violence/audio/noviolence_04-111.wav	No	one thing we live in a sense in the in some ways the least violent least the least physically violent period in human history so I think it's very easy for people to kind of lose
noviolence_04-112	/datasets/violence/audio/noviolence_04-112.wav	No	an understanding of how violence structures our reality. And I wanted you to kind of give people some perspective on that because...
noviolence_04-113	/datasets/violence/audio/noviolence_04-113.wav	No	My perspective is look, we come from millions of years of evolution and you exist because your forefathers were able to kill somebody else and...
noviolence_04-114	/datasets/violence/audio/noviolence_04-114.wav	No	secure territory, secure mates, secure resources. That doesn't mean that you should be doing the same thing. But if you don't come to grips with that.
noviolence_04-115	/datasets/violence/audio/noviolence_04-115.wav	No	that you don't understand, that you don't accept that as part of your worldview, then I think you're kind of deluding yourself in a dangerous way. So if you could speak on that, that'd be amazing. Okay.
noviolence_04-116	/datasets/violence/audio/noviolence_04-116.wav	No	Some of the things I play with are ancestors. This big, brains half the size of ours, and opposable thumbs. They work together, it's all good for them.
noviolence_04-117	/datasets/violence/audio/noviolence_04-117.wav	No	to conquer the world. We don't have a lot of excuses. We have more information. We have more stuff on that side. You are, like you said, we are all the product.
noviolence_04-118	/datasets/violence/audio/noviolence_04-118.wav	No	four billion years of not losing. This is pretty spectacular. This goes for the whole world. Within that...
noviolence_04-119	/datasets/violence/audio/noviolence_04-119.wav	No	We don't realize, no we're beyond not realizing, we're in absolute denial, active denial about how...
noviolence_04-12	/datasets/violence/audio/noviolence_04-12.wav	No	So...
noviolence_04-120	/datasets/violence/audio/noviolence_04-120.wav	No	the possibility of violence literally underpins everything. Negotiation, unless you can back it up in some way, and in the end all the...
noviolence_04-121	/datasets/violence/audio/noviolence_04-121.wav	No	backups come down to force in some way or another to enforce your will should the negotiation not go at least good enough.
noviolence_04-122	/datasets/violence/audio/noviolence_04-122.wav	No	such thing as negotiations, only begging. If one side has the power and the other side has absolutely no power, or, and this is another thing, power is not enough, you have to be able to use it.
noviolence_04-123	/datasets/violence/audio/noviolence_04-123.wav	No	to use it because every human being is powerful enough that they can make consequences. Yeah.
noviolence_04-124	/datasets/violence/audio/noviolence_04-124.wav	No	You can be that powerful, you can be extremely powerful, you're afraid to use it. It doesn't matter, you might as well not be. And that puts you in a position, there's no such thing as negotiation, it's only begging.
noviolence_04-125	/datasets/violence/audio/noviolence_04-125.wav	No	and that's you have to at some point accept that and recognize this is natural as powerful doesn't mean that you're
noviolence_04-126	/datasets/violence/audio/noviolence_04-126.wav	No	And this is one of the things we have built into our society so much.
noviolence_04-127	/datasets/violence/audio/noviolence_04-127.wav	No	if you actually have power or use power, you are an asshole.
noviolence_04-128	/datasets/violence/audio/noviolence_04-128.wav	No	and it's one of those, no, if you don't.
noviolence_04-129	/datasets/violence/audio/noviolence_04-129.wav	No	have power.
noviolence_04-13	/datasets/violence/audio/noviolence_04-13.wav	No	How did your training look like then as far as movement, as far as physically preparing your body as an operator to survive what you did?
noviolence_04-130	/datasets/violence/audio/noviolence_04-130.wav	No	You're a child. And if you're unwilling to use it, you're still a dependent.
noviolence_04-131	/datasets/violence/audio/noviolence_04-131.wav	No	Um, that's...
noviolence_04-132	/datasets/violence/audio/noviolence_04-132.wav	No	that's integral to part of being a human being is accepting your power. Part of being any animal is accepting it and that you just want to slap people sometimes.
noviolence_04-133	/datasets/violence/audio/noviolence_04-133.wav	No	Hey guys, we're back here. We had some technical difficulties with the weather. I've put in a word with the man upstairs, but he doesn't appear to be listening. So we've changed...
noviolence_04-134	/datasets/violence/audio/noviolence_04-134.wav	No	spots here we were talking about violence and how it kind of structures reality and when we ignore that when we don't kind of understand
noviolence_04-135	/datasets/violence/audio/noviolence_04-135.wav	No	how much that's been characteristic of human history, we live kind of in a little bit of a delusion. And...
noviolence_04-136	/datasets/violence/audio/noviolence_04-136.wav	No	This desire to go to a world where we're comfortable all the time, where we're coddled all the time.
noviolence_04-137	/datasets/violence/audio/noviolence_04-137.wav	No	I think it's one of the scariest things about the modern world really. And it's really, I think, contrary to any training philosophy.
noviolence_04-138	/datasets/violence/audio/noviolence_04-138.wav	No	What I always say is, you know, we don't find happiness and growth through comfort. We find it through finding our edges. And I think that...
noviolence_04-139	/datasets/violence/audio/noviolence_04-139.wav	No	the paradigm of violence because it's so fast in taking us to our envelope. It's such a powerful thing. So I wanted you to get into kind of your thoughts on.
noviolence_04-14	/datasets/violence/audio/noviolence_04-14.wav	No	time in the life. Probably the most intense was before this happened in college. I was on the judo team and skipping classes to get to the judo team.
noviolence_04-140	/datasets/violence/audio/noviolence_04-140.wav	No	how understanding violence and learning how to kind of deal with it.
noviolence_04-141	/datasets/violence/audio/noviolence_04-141.wav	No	provides this opportunity for self-growth.
noviolence_04-142	/datasets/violence/audio/noviolence_04-142.wav	No	and what the cost is of going the other direction. Wow, okay.
noviolence_04-143	/datasets/violence/audio/noviolence_04-143.wav	No	There's a lot in there. You talk and your movement, your work, your everything. You can't grow in your comfort zone.
noviolence_04-144	/datasets/violence/audio/noviolence_04-144.wav	No	No animal can do that and that's physical, that's mental, that's spiritual. If you believe in that, that's emotional. Everything requires conflict.
noviolence_04-145	/datasets/violence/audio/noviolence_04-145.wav	No	at least at some level. You can't get stronger without pushing weight. You can't increase your endurance without increasing your lung capacity by putting a load on it. You can't.
noviolence_04-146	/datasets/violence/audio/noviolence_04-146.wav	No	any of the things that we're doing by coddling people as you put it. We are actively working to make our own children into...
noviolence_04-147	/datasets/violence/audio/noviolence_04-147.wav	No	mentally, physically, they don't want to expose them to ideas that might challenge them, that might make them think.
noviolence_04-148	/datasets/violence/audio/noviolence_04-148.wav	No	that might, and this is horrible, that might prove they're wrong. How, in what universe do you want your child to be wrong and not learn, not know that they're wrong? This is, it's all about learning.
noviolence_04-149	/datasets/violence/audio/noviolence_04-149.wav	No	So we have all these growth things and things that have traditional huge growth benefits and the high risk exercises, free solo climbing.
noviolence_04-15	/datasets/violence/audio/noviolence_04-15.wav	No	go to extra judo practice. And Wolfgang, who was the sensei Wolfgang Wiel, had been former West German national team. And he had the blows.
noviolence_04-150	/datasets/violence/audio/noviolence_04-150.wav	No	I haven't done heavy weather sailing, but heavy weather sailing. Yeah. Solo, you will learn more shit about yourself in climbing. But the one thing with conflict, or with violence specifically,
noviolence_04-151	/datasets/violence/audio/noviolence_04-151.wav	No	and not glorifying it, not romanticizing it, but it has all the ego and
noviolence_04-152	/datasets/violence/audio/noviolence_04-152.wav	No	enhancing things of rock climbing if the rock had a personal stake in you losing. And that raises it to a whole other level.
noviolence_04-153	/datasets/violence/audio/noviolence_04-153.wav	No	That said, and this is one of the things, is people romanticize violence. And it's not. And this is one of the things, if there's anything from this, that whole point of it being natural means you should not be romanticizing.
noviolence_04-154	/datasets/violence/audio/noviolence_04-154.wav	No	I know, and this has come up on my blog before, it's like, you know, but you say you can't really know anything about this, and let it get into it, and then you say don't get into it. Yes, don't get into it.
noviolence_04-155	/datasets/violence/audio/noviolence_04-155.wav	No	you can only learn there. Absolutely. But they aren't generally worth it. We have to have certain people going into those professions or things go to shit. I think
noviolence_04-156	/datasets/violence/audio/noviolence_04-156.wav	No	Everyone should have some exposure to it or they are trying to control a part of the world that they're completely ignorant about and that never works very well. I'm a flat out
noviolence_04-157	/datasets/violence/audio/noviolence_04-157.wav	No	see that right now where we are with violence is where we were with sex in the 50s. Don't talk about it, don't let other people talk about it, but just it doesn't happen. Shut your eyes.
noviolence_04-158	/datasets/violence/audio/noviolence_04-158.wav	No	You know how well that worked. Yeah. Let's not talk about it. So, the advising bit, again, there are some lessons there you can't get other places.
noviolence_04-159	/datasets/violence/audio/noviolence_04-159.wav	No	But they're no more profound. Being a father is far more profound. We would be so much better if only we didn't have this piece of our soul, knowing that there's something about...
noviolence_04-16	/datasets/violence/audio/noviolence_04-16.wav	No	I have yet experienced his idea of an ab workout was horrifying. We had a running joke, we could take out the entire Oregon State University Juno team, if it just got us out of the way.
noviolence_04-160	/datasets/violence/audio/noviolence_04-160.wav	No	you the other people would like to give it up no matter who you are. It's very violent. Dumb way to do it. Yeah, and it's just as violent. It might be raising your children.
noviolence_04-161	/datasets/violence/audio/noviolence_04-161.wav	No	in an absolutely peaceful environment where they absolutely have no conflict and they never get those feelings hurt. If you're cool with that and you are not cool with the field, you need to experience that.
noviolence_04-162	/datasets/violence/audio/noviolence_04-162.wav	No	in your basic, basic way. None of the people I value do well when things get easy. Yeah, so this is one of the things that I think.
noviolence_04-163	/datasets/violence/audio/noviolence_04-163.wav	No	is really interesting about the question of natural movement in general. Like when we're looking at this, we're basically saying there's something about the past that was better.
noviolence_04-164	/datasets/violence/audio/noviolence_04-164.wav	No	than the present. And what we have to understand though is that it's easy to step into romanticizing the past and not realizing how much we've gained and how much we've lost.
noviolence_04-165	/datasets/violence/audio/noviolence_04-165.wav	No	how valuable it is.
noviolence_04-166	/datasets/violence/audio/noviolence_04-166.wav	No	There was tracking and hunting and all this. We don't romanticize the fact that you were scared all the time and you never knew if you'd have food that winter. And some of your people would starve every winter.
noviolence_04-167	/datasets/violence/audio/noviolence_04-167.wav	No	But if you've done tracking, then walking in the woods is an entirely different experience. The amount of information there is unbelievable. And it's amazing.
noviolence_04-168	/datasets/violence/audio/noviolence_04-168.wav	No	And as we move away, you know, this is cold and wet and rainy. And when you get people that honestly aren't used to it, it's like, oh my god, it's cold.
noviolence_04-169	/datasets/violence/audio/noviolence_04-169.wav	No	and it's actually kind of cool. I think it was nourishment. It's a form of nourishment.
noviolence_04-17	/datasets/violence/audio/noviolence_04-17.wav	No	for practice. Every night we literally could not get dressed by ourselves. And on any night I wasn't there I was down at Taekwondo class where the instructor had his...
noviolence_04-170	/datasets/violence/audio/noviolence_04-170.wav	No	I look at the world and I say, you know, we've created a world that's the least violent in history. We've created a world where you have the least chance of...
noviolence_04-171	/datasets/violence/audio/noviolence_04-171.wav	No	of disease, dying from disease. We created a world where your children are likely to survive through infancy, incredibly likely to survive through infancy, and that's a historical.
noviolence_04-172	/datasets/violence/audio/noviolence_04-172.wav	No	anomaly.
noviolence_04-173	/datasets/violence/audio/noviolence_04-173.wav	No	And we really need to understand how great those things are in a way. But we have to recognize that in some way we've created mismatches with who we are.
noviolence_04-174	/datasets/violence/audio/noviolence_04-174.wav	No	and we are feeling that. We're depressed, we have anxiety, and we fail to understand things that really still control a reality. You may not.
noviolence_04-175	/datasets/violence/audio/noviolence_04-175.wav	No	know that violence is something that structures reality, but that doesn't mean that it ceased to exist. So for somebody who's not gonna be...
noviolence_04-176	/datasets/violence/audio/noviolence_04-176.wav	No	an operator who's not going to do these things. How can they orient around violence and get enough understanding of it to gain as much benefit as possible?
noviolence_04-177	/datasets/violence/audio/noviolence_04-177.wav	No	while not exposing themselves to so much that they're going to take damage that they don't need that's not adding value. It's not...
noviolence_04-178	/datasets/violence/audio/noviolence_04-178.wav	No	There's a question, the difference between knowing, understanding, and experience. Because you can know a lot. There's a huge amount of information out there.
noviolence_04-179	/datasets/violence/audio/noviolence_04-179.wav	No	to stay away from the people that have agendas, they're trying to explain it away. If the explanation's not utilitarian, if you can't use it to predict behavior, then they're actually...
noviolence_04-18	/datasets/violence/audio/noviolence_04-18.wav	No	a Robix Instructor wife doing the stretching for us. And at that point, yeah.
noviolence_04-180	/datasets/violence/audio/noviolence_04-180.wav	No	I would say nine-tenths of the people doing research are doing it for their own therapy not because it's useful But even then no matter how much you stay to have you know it which doesn't mean you understand
noviolence_04-181	/datasets/violence/audio/noviolence_04-181.wav	No	which doesn't mean you get it. Yeah. So there's that, because it's not that hard to break down. Violence is used for purposes, it's used by specific people for specific.
noviolence_04-182	/datasets/violence/audio/noviolence_04-182.wav	No	things on specific people and once you get the breakdowns it's not hard and I talked about before I don't necessarily want to repeat it here because you don't want to do the stuff that's been done on every other podcast.
noviolence_04-183	/datasets/violence/audio/noviolence_04-183.wav	No	But it's like I can throw out the Maslow pyramid and have the violence from each of the levels is different and you get it. It makes sense. But you get it here. That's totally different than understanding.
noviolence_04-184	/datasets/violence/audio/noviolence_04-184.wav	No	that this is a part of me. If I was hungry, I'd be willing to do this. If my children were hungry, I'd be willing to do that.
noviolence_04-185	/datasets/violence/audio/noviolence_04-185.wav	No	And that should not be something to get into the dark parts of your brain. You should sit there and go, know that that lizard part of your brain exists.
noviolence_04-186	/datasets/violence/audio/noviolence_04-186.wav	No	For me at least, it helps me appreciate the fact that my children are not starving and in this world are unlikely to. And so to appreciate that when you get to the understanding...
noviolence_04-187	/datasets/violence/audio/noviolence_04-187.wav	No	the deep stuff. There is always an aspect of the interaction and the intensity of it
noviolence_04-188	/datasets/violence/audio/noviolence_04-188.wav	No	It's not, you can't get second hand, you can't get third hand. It's in you and if it's awakened it will come out and it's powerful. But, uh...
noviolence_04-189	/datasets/violence/audio/noviolence_04-189.wav	No	But intellectually, it doesn't matter how much you can quote from Grossman or De Mecke or anybody you want to name.
noviolence_04-19	/datasets/violence/audio/noviolence_04-19.wav	No	Intense that sounds very intense now one of the interesting questions that that comes up for me when talking to somebody who has really had to apply movement most
noviolence_04-190	/datasets/violence/audio/noviolence_04-190.wav	No	It's the best thing it's just like being a parent You can have all the plants in the world know exactly how you're gonna raise kids you've been around kids your whole life and everyone else do it and
noviolence_04-191	/datasets/violence/audio/noviolence_04-191.wav	No	prepared you for how you change when you have that baby in your arms for the first time? Nothing? When my son was born, or my daughter, sorry, my daughter was born.
noviolence_04-192	/datasets/violence/audio/noviolence_04-192.wav	No	you realize it's one of the most profound experiences I've ever had. Excuse me, Mike here. When my daughter was born...
noviolence_04-193	/datasets/violence/audio/noviolence_04-193.wav	No	You. She.
noviolence_04-194	/datasets/violence/audio/noviolence_04-194.wav	No	You know, she's hellish. They give you to her and you hold her in my arms for the first time.
noviolence_04-195	/datasets/violence/audio/noviolence_04-195.wav	No	and you realize this emotional experience that you've never had before of the most profound love and terror at the same time. So this is...
noviolence_04-196	/datasets/violence/audio/noviolence_04-196.wav	No	One of my kind of philosophies about general, one of my general philosophies is this concept of aliveness. And initially I encountered...
noviolence_04-197	/datasets/violence/audio/noviolence_04-197.wav	No	this word aliveness from the work of Matt Thornton, who's also a self-defense author. And he talked about how a lot of martial arts, they're not practicing things in a live way, in a way that replicates.
noviolence_04-198	/datasets/violence/audio/noviolence_04-198.wav	No	the variables that you'll experience in actual combat.
noviolence_04-199	/datasets/violence/audio/noviolence_04-199.wav	No	And as I've gone through my movement practice, built all these different things, I have recognized that so often people...
noviolence_04-2	/datasets/violence/audio/noviolence_04-2.wav	No	You have no idea, he has no idea. He's written many books, they're all great. He was in the military, worked as a correction facilities officer for many years, has had...
noviolence_04-20	/datasets/violence/audio/noviolence_04-20.wav	No	people in the movement community, it's not there the capacities that are developing don't have professional relevance for them. They have personal relevance.
noviolence_04-200	/datasets/violence/audio/noviolence_04-200.wav	No	don't or are unwilling to want to try to do the things that are going to make it difficult to them for them to apply the skills. So people say, hey, how do you try?
noviolence_04-201	/datasets/violence/audio/noviolence_04-201.wav	No	How do you train parkour in the rain? How do you train parkour in the rain? Well, you train parkour in the rain. That's, it's very simple. You have to try the skills and see how they work when it's...
noviolence_04-202	/datasets/violence/audio/noviolence_04-202.wav	No	You have to try the skills and see how they work when it's cold, when it's dark.
noviolence_04-203	/datasets/violence/audio/noviolence_04-203.wav	No	And what I found the interesting part of that is that.
noviolence_04-204	/datasets/violence/audio/noviolence_04-204.wav	No	the more that you can kind of find all the different variables that stretch you to your limits.
noviolence_04-205	/datasets/violence/audio/noviolence_04-205.wav	No	They're more alive in the sense of they're building this skill set that's more alive, but they're more alive in the sense that...
noviolence_04-206	/datasets/violence/audio/noviolence_04-206.wav	No	When you're there, you feel alive in a different way than you feel. You're more present, more lit up, more neurons, more endorphins than anything that you've
noviolence_04-207	/datasets/violence/audio/noviolence_04-207.wav	No	experience the last time I got in a street fight.
noviolence_04-208	/datasets/violence/audio/noviolence_04-208.wav	No	I walked away and I was laughing and smiling and I felt so high and I went to a gymnastics class and did a bunch of tricks that I'd never done before.
noviolence_04-209	/datasets/violence/audio/noviolence_04-209.wav	No	I'm not suggesting anybody go get in a street fight But but I think that through movement practice through rock climbing through candy
noviolence_04-21	/datasets/violence/audio/noviolence_04-21.wav	No	So...
noviolence_04-210	/datasets/violence/audio/noviolence_04-210.wav	No	engineering through parkour.
noviolence_04-211	/datasets/violence/audio/noviolence_04-211.wav	No	and through.
noviolence_04-212	/datasets/violence/audio/noviolence_04-212.wav	No	martial arts training, we can gain some understanding, some levels of experience that we can't otherwise.
noviolence_04-213	/datasets/violence/audio/noviolence_04-213.wav	No	And that didn't come out as a question. But the question I'm hearing in it, or choosing to hear it, animals learn through play. This is how arms learn.
noviolence_04-214	/datasets/violence/audio/noviolence_04-214.wav	No	and it is the only way to learn a complicated system.
noviolence_04-215	/datasets/violence/audio/noviolence_04-215.wav	No	You can't see.
noviolence_04-216	/datasets/violence/audio/noviolence_04-216.wav	No	You can't and this is one of the things we when you get to the martial arts ago wrote and all martial arts have some Form of free play in them. Yeah But when you get to the ones that just go wrote and the votes
noviolence_04-22	/datasets/violence/audio/noviolence_04-22.wav	No	when we're trying to learn kind of how to be better at movement, we have to think about is this worth the damage that we're going to take?
noviolence_04-23	/datasets/violence/audio/noviolence_04-23.wav	No	And so as somebody who's been in the world of, my body needs to be able to do these things to keep me alive, and if I hurt myself in training, that's, you know, that's.
noviolence_04-24	/datasets/violence/audio/noviolence_04-24.wav	No	that's a sacrifice. How do you find that you think about this balance between how do we...
noviolence_04-25	/datasets/violence/audio/noviolence_04-25.wav	No	prepare ourselves.
noviolence_04-26	/datasets/violence/audio/noviolence_04-26.wav	No	without annihilating ourselves.
noviolence_04-27	/datasets/violence/audio/noviolence_04-27.wav	No	I wasn't good at that. I've had, I'm in double digits for shoulder dislocations, just had my second knee surgery.
noviolence_04-28	/datasets/violence/audio/noviolence_04-28.wav	No	My hands go numb if I have them above my head when I lay down. I can't see out of my left eye in the morning until after I'm hydrated.
noviolence_04-29	/datasets/violence/audio/noviolence_04-29.wav	No	Every instructor you ever have will tell you protect your joints, you're going to need them when you're older, and if you're like me and every other young man that ever existed, you're going to go, yeah.
noviolence_04-3	/datasets/violence/audio/noviolence_04-3.wav	No	over 300 use of force events.
noviolence_04-30	/datasets/violence/audio/noviolence_04-30.wav	No	bastard doesn't know what he's talking about.
noviolence_04-31	/datasets/violence/audio/noviolence_04-31.wav	No	And I said, yeah, old bastard doesn't know what he's talking about, and only quit using the cane three or four months ago. And I'm sure I will be back on the cane adventure.
noviolence_04-32	/datasets/violence/audio/noviolence_04-32.wav	No	So the lesson is listen to the old bastards. Listen to the old bastards. They got old for a reason. And their regrets will be your regrets someday.
noviolence_04-33	/datasets/violence/audio/noviolence_04-33.wav	No	Excellent. So the next question I want to get into is kind of the big question which is...
noviolence_04-34	/datasets/violence/audio/noviolence_04-34.wav	No	Your work is about understanding violence. What is violence? For somebody who's lived an affluent Western lifestyle...
noviolence_04-35	/datasets/violence/audio/noviolence_04-35.wav	No	who's probably never been in a serious fight, who's never encountered a predator. What is violence? How?
noviolence_04-36	/datasets/violence/audio/noviolence_04-36.wav	No	Tell me, what is violence? I'll start there. As a rule, violence is anything you don't like. For some reason when we like it we want to call it something else. We call it force.
noviolence_04-37	/datasets/violence/audio/noviolence_04-37.wav	No	or yeah.
noviolence_04-38	/datasets/violence/audio/noviolence_04-38.wav	No	It's when you're doing what you want to do, then you're standing up for yourself and someone does the exact same thing. He's being an asshole.
noviolence_04-39	/datasets/violence/audio/noviolence_04-39.wav	No	Um.
noviolence_04-4	/datasets/violence/audio/noviolence_04-4.wav	No	and has a really unique understanding of violence. I was working as a bouncer myself 10 years ago. I was training in martial arts, and I came across his blog.
noviolence_04-40	/datasets/violence/audio/noviolence_04-40.wav	No	But that's the...
noviolence_04-41	/datasets/violence/audio/noviolence_04-41.wav	No	Violence is a word that we use generally to shut other people down and make them shut up so we don't have...
noviolence_04-42	/datasets/violence/audio/noviolence_04-42.wav	No	limiting information.
noviolence_04-43	/datasets/violence/audio/noviolence_04-43.wav	No	as hard as we can.
noviolence_04-44	/datasets/violence/audio/noviolence_04-44.wav	No	So, essentially in your conception, there's no...
noviolence_04-45	/datasets/violence/audio/noviolence_04-45.wav	No	kind of break point on the scale from trying to convince someone in an argument to
noviolence_04-46	/datasets/violence/audio/noviolence_04-46.wav	No	nuclear war.
noviolence_04-47	/datasets/violence/audio/noviolence_04-47.wav	No	Or is that, am I wrong on that? Nope. Sort of. And this is one of the things, we all have this scale in our head that we wanna have, and this is okay.
noviolence_04-48	/datasets/violence/audio/noviolence_04-48.wav	No	this is acceptable, this is okay, oh that's wrong, oh that's bad, oh that's...
noviolence_04-49	/datasets/violence/audio/noviolence_04-49.wav	No	And everyone has that, but you have to realize it's still a scale.
noviolence_04-5	/datasets/violence/audio/noviolence_04-5.wav	No	and I felt that he was able to describe violence in a much more coherent way that really accorded with what I was seeing than any of the traditional martial arts that I had experienced in.
noviolence_04-50	/datasets/violence/audio/noviolence_04-50.wav	No	And one of the things we throw in all time, manipulation, is manipulation bad. Yeah. But you can't communicate. All communication is for manipulation. I can't.
noviolence_04-51	/datasets/violence/audio/noviolence_04-51.wav	No	You can't get this stuff in my head into your head without manipulating it in there somehow. I have to use words, I have to use the words in a skillful way so you understand what I'm trying to say, not just make up your own shit and not even...
noviolence_04-52	/datasets/violence/audio/noviolence_04-52.wav	No	listen to me. So all communication is manipulation. There's nowhere on that scale. So saying it's automatically bad.
noviolence_04-53	/datasets/violence/audio/noviolence_04-53.wav	No	The and whipping around to violence because I consider manipulation to be on that scale of force or violence. Yeah When someone says that violence is automatically bad when?
noviolence_04-54	/datasets/violence/audio/noviolence_04-54.wav	No	There has been no other way to get food for all of evolutionary history. You have to tear a living creature up with your teeth in order to not die. And to sit there and automatically say, well, violence is bad.
noviolence_04-55	/datasets/violence/audio/noviolence_04-55.wav	No	bad or as long as I'm ranting. I was checking out some books, Amazon reviews, and one, and he's evidently a professor doctor, but the review was...
noviolence_04-56	/datasets/violence/audio/noviolence_04-56.wav	No	This guy still believes in the outdated and false belief that violence is a utility, that violence exists for you. So of course it fucking exists for you. What else can we do?
noviolence_04-57	/datasets/violence/audio/noviolence_04-57.wav	No	it. And that's one of the things that people are most fucking denial of. People use violence because it works. Yeah.
noviolence_04-58	/datasets/violence/audio/noviolence_04-58.wav	No	I think that we want to believe that it doesn't work so that we can believe that the use of it would eventually disappear.
noviolence_04-59	/datasets/violence/audio/noviolence_04-59.wav	No	Not as long as we need to eat, it will never disappear. And the more you convince, the larger number of people that you convince, the more, then the more powerful someone that uses it becomes.
noviolence_04-6	/datasets/violence/audio/noviolence_04-6.wav	No	I've followed his work ever since and it's just a huge honor to have him here and thank you very much Rory. So the first question I always ask people.
noviolence_04-60	/datasets/violence/audio/noviolence_04-60.wav	No	And that's, if you have everyone in the world no longer knows how to deal with violent people because you got rid of your generation and someone suddenly becomes violent, he's God.
noviolence_04-61	/datasets/violence/audio/noviolence_04-61.wav	No	He's literally a superhuman. This is something that I find really interesting personally because I...
noviolence_04-62	/datasets/violence/audio/noviolence_04-62.wav	No	I'm basically a peaceable person. I've lived, I live in an affluent, you know, white neighborhood in North Seattle and I
noviolence_04-63	/datasets/violence/audio/noviolence_04-63.wav	No	I don't experience really even interpersonal just sort of aggression very much in my life. But I grew up as a kid who lived in a...
noviolence_04-64	/datasets/violence/audio/noviolence_04-64.wav	No	in a kind of a redneck town, having to prove myself. I got in lots of fights. I was ADHD and dyslexic, so I was the weird kid that ever the kids were gonna pick on.
noviolence_04-65	/datasets/violence/audio/noviolence_04-65.wav	No	but I was bigger and stronger so that was how I won.
noviolence_04-66	/datasets/violence/audio/noviolence_04-66.wav	No	And it's always struck me that if we're going to limit violence, we have to have the strength to understand it.
noviolence_04-67	/datasets/violence/audio/noviolence_04-67.wav	No	and to confront it and to be willing to apply it where necessary. Yes.
noviolence_04-68	/datasets/violence/audio/noviolence_04-68.wav	No	So...
noviolence_04-69	/datasets/violence/audio/noviolence_04-69.wav	No	So violence is force applied to other people in a sense. When you like it you call it force, when you don't like it you call it violence. Yeah.
noviolence_04-7	/datasets/violence/audio/noviolence_04-7.wav	No	since this is a movement-oriented podcast.
noviolence_04-70	/datasets/violence/audio/noviolence_04-70.wav	No	You kicked over about six keys. Okay, go ahead.
noviolence_04-71	/datasets/violence/audio/noviolence_04-71.wav	No	What things?
noviolence_04-72	/datasets/violence/audio/noviolence_04-72.wav	No	is claiming it's unnatural.
noviolence_04-73	/datasets/violence/audio/noviolence_04-73.wav	No	gets people to shut.
noviolence_04-74	/datasets/violence/audio/noviolence_04-74.wav	No	It's unnatural, it must be wrong. And it's not unnatural, it never has been.
noviolence_04-75	/datasets/violence/audio/noviolence_04-75.wav	No	one of the things, one of the ethics.
noviolence_04-76	/datasets/violence/audio/noviolence_04-76.wav	No	Power corrupt. Yeah. You sure? Oh, does power corrupt? You're asking me. Yeah.
noviolence_04-77	/datasets/violence/audio/noviolence_04-77.wav	No	Um, not necessarily. I would not say that. It shouldn't, because if you think about that, if you actually incorporate it as a societal value...
noviolence_04-78	/datasets/violence/audio/noviolence_04-78.wav	No	It is an ethic that makes good people weak. They believe they'll magically turn out bad people They get strong and none of us are naturally weak. That's not the human
noviolence_04-79	/datasets/violence/audio/noviolence_04-79.wav	No	That's no animal chooses weakness given a choice and you can't honestly be good unless you're strong enough to do something about it You can think all the good thoughts in your world. Those are absolutely worthless
noviolence_04-8	/datasets/violence/audio/noviolence_04-8.wav	No	what does your movement practice look like today? That's an interesting question for you as a guy who's now a freelance rider who used to be... Yeah, I'm pretty much a crippled.
noviolence_04-80	/datasets/violence/audio/noviolence_04-80.wav	No	until actions marry to them.
noviolence_04-81	/datasets/violence/audio/noviolence_04-81.wav	No	The way that I think about power is that power has costs. No matter how it's applied, it always has costs. And the more powerful you are...
noviolence_04-82	/datasets/violence/audio/noviolence_04-82.wav	No	the more likely someone will experience a cost of that, that they will perceive as violence. So the best person in the world, if on-
noviolence_04-83	/datasets/violence/audio/noviolence_04-83.wav	No	unapotent in a sense, is always going to step on somebody's toes. So it's not that power corrupts.
noviolence_04-84	/datasets/violence/audio/noviolence_04-84.wav	No	power reveals corrupt.
noviolence_04-85	/datasets/violence/audio/noviolence_04-85.wav	No	And I think, you know, what we just said about when we say that power corrupts, it makes good people weak. To me that's a good thing.
noviolence_04-86	/datasets/violence/audio/noviolence_04-86.wav	No	That's an incredibly powerful idea.
noviolence_04-87	/datasets/violence/audio/noviolence_04-87.wav	No	I come from kind of a hippie upbringing, you know, and one of the things that we always really looked down on was any sort of capitalist intent.
noviolence_04-88	/datasets/violence/audio/noviolence_04-88.wav	No	and I looked at the world and said...
noviolence_04-89	/datasets/violence/audio/noviolence_04-89.wav	No	The fastest way to get a powerful message to a lot of people is to be a good capitalist. And I see a lot of people who are...
noviolence_04-9	/datasets/violence/audio/noviolence_04-9.wav	No	I'm a little bit of an old guy now. Writing is a way less active lifestyle. I don't have the incentive I used to be ready all the time.
noviolence_04-90	/datasets/violence/audio/noviolence_04-90.wav	No	really great people of great ideas who are unwilling to do the things that will help other people experience those ideas because they're afraid that they'll get labeled as a capitalist.
noviolence_04-91	/datasets/violence/audio/noviolence_04-91.wav	No	And that's just an expression of power. No, it's one of those, the whole concept of peace we have now was not possible before the idea of free trade. Because if you wanted stuff, you had to conquer people and take...
noviolence_04-92	/datasets/violence/audio/noviolence_04-92.wav	No	their shit yeah and suddenly it's way easier cheaper less bloodshed less work and more profitable to have trading partners
noviolence_04-93	/datasets/violence/audio/noviolence_04-93.wav	No	And that's an outgrowth of that mindset. The other thing, get back into the people wanting to be safe, wanting there not to be any...
noviolence_04-94	/datasets/violence/audio/noviolence_04-94.wav	No	violence. One of the things we do there, sideways, this goes into your whole natural movement and everything, is we take kids, and kids have a lot of things going for them.
noviolence_04-95	/datasets/violence/audio/noviolence_04-95.wav	No	natural learning machines. Did you hear about what they did in Ethiopia with the tablets? I didn't, so go ahead and tell me. They dropped 20 tablets in a village that had no liter...
noviolence_04-96	/datasets/violence/audio/noviolence_04-96.wav	No	people and a charging station and within three months some of the kids were teaching themselves English and their parents English and to figure out how to hack some of the stuff that they had put on the tablets so they would
noviolence_04-97	/datasets/violence/audio/noviolence_04-97.wav	No	and access the cameras and use a battery. Kids are natural learning machines. Power of play. They're natural movers. But they're also, humans are the top end predator on this planet.
noviolence_04-98	/datasets/violence/audio/noviolence_04-98.wav	No	And you've got a city of a million predators you want to control. And unfortunately, one of the ways you go about controlling them is trying to brainwash them from the time they're little that they aren't tigers.
noviolence_04-99	/datasets/violence/audio/noviolence_04-99.wav	No	that they don't have a place in the natural, if you want to go to the true natural order, that they don't have a place that's right at the top of that little food pyramid.
