id	path	text	toxicity
angry_01-1	/datasets/violence/audio/angry_01-1.wav	Prostitutes. Excuse me? You fucking call me a prostitute? How fucking dare you speak to me like that? I ain't some fucking slut!	Yes
angry_01-10	/datasets/violence/audio/angry_01-10.wav	Stop! Stop! Stop! Please! He hit me! That bitch ass nigga! Please! I'm begging you! Baba please! Move! Let go of me! Baba please! Get with your motherfucking hands!	Yes
angry_01-12	/datasets/violence/audio/angry_01-12.wav	Let go! Billy, you swung that dick! Let go! Let go! Baba, we got your back! Motherfucker!	Yes
angry_01-13	/datasets/violence/audio/angry_01-13.wav	You will kill him! You will kill him! Stop! No, no, no, no! Let go! You let that nigger put his hands on me! No!	Yes
angry_01-14	/datasets/violence/audio/angry_01-14.wav	He didn't put his hands on me, boy! Stop! Why are you getting shot? I hope you didn't break my fucking dresser. He did.	Yes
angry_01-3	/datasets/violence/audio/angry_01-3.wav	I'm gonna kick your shit off the trailer, nigga. I ain't worried about it. I know you was playing, but he don't care. I don't care. Fuck him. He's mad at me. Well, he better take it up with you. Get his ass whipped.	Yes
angry_01-4	/datasets/violence/audio/angry_01-4.wav	Cory, stop. What the fuck you talking about, boy? You made me mad today. Cory, you can't go anywhere. You're a badass, Moon. You can't play with him. Fucking stinky foot fucker. Don't make me get...	Yes
angry_01-41	/datasets/violence/audio/angry_01-41.wav	What the fuck happened? Excuse me? What do you mean, the shut the fuck up? You know what?	Yes
angry_01-42	/datasets/violence/audio/angry_01-42.wav	He's a fucking clown! It's like your mom. Oh shut up.	Yes
angry_01-43	/datasets/violence/audio/angry_01-43.wav	Get off! The other side is a fucking dickhead though Shut the fuck up! Respect yourself, you're on the fucking bus Don't speak to me like that	Yes
angry_01-44	/datasets/violence/audio/angry_01-44.wav	Look how you're speaking. I ain't giving shit. I'm about to have a fucking ride. Just pray to God that you don't get wrecked.	Yes
angry_01-45	/datasets/violence/audio/angry_01-45.wav	Serial. Oh shut up. Prostitute. Excuse me? You fucking call me a prostitute? How fucking dare you speak to me like that?	Yes
angry_01-46	/datasets/violence/audio/angry_01-46.wav	I ain't some fucking stuck! It wasn't me. Why don't you say you're out of the bus? Are you alright? I've respect for you, John.	Yes
angry_01-48	/datasets/violence/audio/angry_01-48.wav	your fucking head listen respect yourself	Yes
angry_01-49	/datasets/violence/audio/angry_01-49.wav	Get on the bus! Hey! Oh wow! Hey, these chick-wams are bruising! Yeah, it's mid-time. Shut up! Get up and respect yourself! No! And you're an old lady!	Yes
angry_01-52	/datasets/violence/audio/angry_01-52.wav	People like you! What's wrong, darling? Shut up! Shut up. Yeah, but you're the one coming here fucking prostitute. Just get out, man!	Yes
angry_01-53	/datasets/violence/audio/angry_01-53.wav	Get out! What the fuck you are fucking mo-	Yes
angry_01-54	/datasets/violence/audio/angry_01-54.wav	I don't know how to fucking see it, I'm on you!	Yes
angry_01-55	/datasets/violence/audio/angry_01-55.wav	Well done! What are you fucking doing? I mean, well! Get off the bus, boys! Just get off! My kids are on the bus! Get the fuck off! My kids are on the bus!	Yes
angry_01-56	/datasets/violence/audio/angry_01-56.wav	Get the fuck away from me! My kids are on the bus! Filming me? Get off! Come on, bitch! Get off! Oi! That bitch! She's about to film me!	Yes
angry_01-57	/datasets/violence/audio/angry_01-57.wav	Yeah! You're a fucking slut! Let's get off the bus please! We're going to sing along! Come on!	Yes
angry_01-58	/datasets/violence/audio/angry_01-58.wav	and that's what you call a crazy bitch.	Yes
angry_01-6	/datasets/violence/audio/angry_01-6.wav	Stop, stop, stop! Cory, that's mama! Cory! Oh my god.	Yes
angry_01-61	/datasets/violence/audio/angry_01-61.wav	Yeah, let me be the first one to say I should whoop your motherfucking ass going through my goddamn car. Put my shit back in the car.	Yes
angry_01-62	/datasets/violence/audio/angry_01-62.wav	in my goddamn car. The fuck are you doing? Put my shit back in my motherfucking car.	Yes
angry_01-63	/datasets/violence/audio/angry_01-63.wav	Get your god damn ass out my shit! Put my shit back in my god damn car! Turn your motherfucking ass! Get the fuck away!	Yes
angry_01-64	/datasets/violence/audio/angry_01-64.wav	Get out my shit. No get out my shit. I don't want to hear shit. You gotta say now go go now	Yes
angry_01-65	/datasets/violence/audio/angry_01-65.wav	Spanish I caught your answer I got you recorded let's go bitch let's call 911 now stealing all my parts out my car don't tell me to	Yes
angry_01-66	/datasets/violence/audio/angry_01-66.wav	Bitch you in my shit. You just raided my shit Now	Yes
angry_01-68	/datasets/violence/audio/angry_01-68.wav	Stealing my shit. Okay your husband	Yes
angry_01-7	/datasets/violence/audio/angry_01-7.wav	You hit me with a gun! You hit me with a gun! Get away! What the fuck is wrong with you? Cory! Cory don't!	Yes
angry_01-8	/datasets/violence/audio/angry_01-8.wav	Coy please! Hit me again! Oh god damn that was good. Go away! Hit me again! Go away!	Yes
angry_01-9	/datasets/violence/audio/angry_01-9.wav	Cory stop it! Here it goes! Bubba stop! Why would you do that? Damn pill! Stop! Fuck you!	Yes
angry_02-12	/datasets/violence/audio/angry_02-12.wav	Should I go jump him? Nah. This nigga is lit. Oh wait chill chill chill. Chill let me watch this shit.	Yes
angry_02-13	/datasets/violence/audio/angry_02-13.wav	You could get away if you leave, bruh. Beast! Beast! Beast!	Yes
angry_02-2	/datasets/violence/audio/angry_02-2.wav	It's called legal. Yeah, put your seatbelt on. Put your fucking mouth shut!	Yes
angry_02-24	/datasets/violence/audio/angry_02-24.wav	I can call some bloods with your crits, but how about the war I fucked up bitch? Didn't I kick you in the goddamn open town and dragged you down the goddamn alley?	Yes
angry_02-25	/datasets/violence/audio/angry_02-25.wav	Stay in the old lane, motherfucker! Kick all this shit down, man. Fuck me. Yo! Yo! Yo! What the fuck you doing?	Yes
angry_02-26	/datasets/violence/audio/angry_02-26.wav	Ah, goddamn it! Get smashed, get smashed, bitch! Get the fuck out of here, bitch! Get the fuck out of here!	Yes
angry_02-3	/datasets/violence/audio/angry_02-3.wav	You are really pissing me off. I know I am. And you do this for a hobby? Fucking annoy people.	Yes
angry_02-36	/datasets/violence/audio/angry_02-36.wav	Stop camping please. Did you go there? Are we? Why did you shoot me? Because the guy behind you was being a prick. Why didn't you just fuck off your	Yes
angry_02-37	/datasets/violence/audio/angry_02-37.wav	You little loser trying to get good at the game you dickhead! Such a prick! Go fuck yourself you loser! What's your problem? You're just a fucking geek!	Yes
angry_02-38	/datasets/violence/audio/angry_02-38.wav	That guy stood in front of me when he says I'm a fucking loser, he's a dickhead, go away you little prick! So by following me, you're a level 25 and you've had the game for about five fucking years.	Yes
angry_02-4	/datasets/violence/audio/angry_02-4.wav	I'm taking your camera. Come and fucking do it! Come on you cunt! Fuck! Not fucking quick!	Yes
angry_02-40	/datasets/violence/audio/angry_02-40.wav	My fucking dickhead stood in front of me! Good day, you little prick! That's not nice, is it? Man, that's a thousand points! You're not very good, are ya? No! Well, I'm obviously better than you, because I ranked up.	Yes
angry_02-45	/datasets/violence/audio/angry_02-45.wav	You like it? Okay, well how long is it gonna take? 15 minutes. 15 minutes. I don't have 15 minutes for you.	Yes
angry_02-6	/datasets/violence/audio/angry_02-6.wav	I should have gotten it the first time when he knocked it around, bruh. This man came back, he bought it. Fuck y'all, I told y'all I had this shit last time, you know. Go ahead.	Yes
angry_02-7	/datasets/violence/audio/angry_02-7.wav	BITCH! BITCH! BITCH! BITCH! IT! GO BITCH! AY!	Yes
angry_02-8	/datasets/violence/audio/angry_02-8.wav	Hey, there! Oh shit! You got the way, you got the way, you got the way! Go, where are you? Bitch!	Yes
angry_03-1	/datasets/violence/audio/angry_03-1.wav	Didn't let me get a job! The white man didn't let me do it, nigger! Now you're fucking burning hell, nigger!	Yes
angry_03-19	/datasets/violence/audio/angry_03-19.wav	Slam the box straight in the wall, man! Shut the fuck up! You retarded girl, you're so retarded, man! Your brain is gonna turn to black! I smell 770, may your queen turn to black!	Yes
angry_03-21	/datasets/violence/audio/angry_03-21.wav	May your grin turn to blood. May your grin turn to blood. You need to lay off that crack. I'm calling the machine, I'll kill you. Serve the Jews or...	Yes
angry_03-22	/datasets/violence/audio/angry_03-22.wav	die. You have no idea what your dog is doing. I'm part of the Reveals campaign and I don't ever walk in the side coming like that. I want you to be completely abandoned and I want you to turn to a slave.	Yes
angry_03-23	/datasets/violence/audio/angry_03-23.wav	There's no point in the reason. I'm a Jew, it's not for the good of our children who are retarded Nazis. Yafi'ah, the name we're bringing back, they do not have to be a she-off or an omen by...	Yes
angry_03-25	/datasets/violence/audio/angry_03-25.wav	Every mix what I do, kills you Nazis. Every Nazi I kill is off the Jewish people.	Yes
angry_03-26	/datasets/violence/audio/angry_03-26.wav	Now shut your nasty mouth up! Or suck a cock! How much cock have you sucked, you gnarly girl? You sucked that cock? Put it in your throat, girl! You gotta get that cock in there!	Yes
angry_03-27	/datasets/violence/audio/angry_03-27.wav	You little hoe! You little naughty girl! You're naughty! You're naughty! I will call around my house if I curse you in the shovel! Come around my house if I curse you in the shovel!	Yes
angry_03-3	/datasets/violence/audio/angry_03-3.wav	I don't give a fuck you ain't paid for your cap you son of a bitch. I don't give a goddamn this is my motherfucking job. I don't give a fuck that's your motherfucking baby too bitch. I don't give a damn. And you can't you rub that when I'm taking this.	Yes
angry_03-33	/datasets/violence/audio/angry_03-33.wav	What the? What was that about? No way you're gonna do that again. That was bizarre! Black bitch! Watch out! Ugh!	Yes
angry_03-34	/datasets/violence/audio/angry_03-34.wav	What the hell is your black bitch, you nigger? That's what our nigger Obama is? President Obama is nothing but a fucking president, a pooping old...	Yes
angry_03-35	/datasets/violence/audio/angry_03-35.wav	Obama, his legacy was a fucking cell phone, bitch! Cause when the other niggas were back here loud talking, you're right, you're right!	Yes
angry_03-36	/datasets/violence/audio/angry_03-36.wav	That ass didn't say shit! I'm driving the fucking bus, nigger! It's nice, wait for the cops. Good, let's wait for the cops. Give me my fucking radio tape. Give me my fucking radio tape.	Yes
angry_03-37	/datasets/violence/audio/angry_03-37.wav	Get off the fucking bus, dude! Well yeah, plus one American. And world. Drive the bus, nigger! It's on the way!	Yes
angry_03-38	/datasets/violence/audio/angry_03-38.wav	I'm gonna take this all your camera right here bitch, you're gonna lose your job nigger. You're getting ready to lose your job nigger. You see these cameras nigger? Every fucking thing	Yes
angry_03-39	/datasets/violence/audio/angry_03-39.wav	The thing that happens on this bus is on camera. You know, could, do, be, piece of nigger shit. I'm gonna go out to Booty. That's when the other nigger was.	Yes
angry_03-40	/datasets/violence/audio/angry_03-40.wav	Right there! Loud talking your black ass didn't say shit! Now you drop this fucking bus, nigger! He's wet! You're fucking... He's up!	Yes
angry_03-41	/datasets/violence/audio/angry_03-41.wav	I always talk about the white man didn't let me get a job. The white man didn't let me do it niggas. Now you're fucking burning him.	Yes
angry_03-5	/datasets/violence/audio/angry_03-5.wav	Get your motherfucking ass back! Get back! Get your ass out here! I ain't gonna do nothing! You better get your ass back! Get your ass back!	Yes
angry_03-52	/datasets/violence/audio/angry_03-52.wav	that is illegal for you to just listen to how- you really wanna start this fucking shit with me? do you really wanna start it? get the fuck out! and you're on the fucking camera! get the fuck out, you don't like it! and you're on the camera! i don't really give a fuck! you're not allowed to just walk in my- here, take the-	Yes
angry_03-53	/datasets/violence/audio/angry_03-53.wav	You're my fucking dick so I can stick it in you! I'm fucking suing the shit out of you! I want you to sue me. Because you know what? You better quit fucking with me or get out of my life!	Yes
angry_03-54	/datasets/violence/audio/angry_03-54.wav	You're on camera and if I beat your fucking ass if I beat I'm about to beat your fucking ass and I'm going straight to the police with this shit. You're fucking doing illegal shit	Yes
angry_03-55	/datasets/violence/audio/angry_03-55.wav	You got people in my fucking house. You're spitting on me. You're putting your fucking hands on me You're going to fucking you're going to fucking nigger. You're calling me a fucking nigger	Yes
angry_03-56	/datasets/violence/audio/angry_03-56.wav	You're ruining all your shit! I'm about to own all your shit, you fucking asshole! Start with my ass. Yeah, that's great! You and your mama! Yeah, I know. Thank you!	Yes
angry_03-57	/datasets/violence/audio/angry_03-57.wav	Great lawsuit dumbass great loss of you dumbass. You just fucked up calling the police	Yes
angry_03-58	/datasets/violence/audio/angry_03-58.wav	You want me to tell them to let you out? Now, fuck this bitch now! Put your hands on me now! Put your motherfucking hands on me now!	Yes
angry_03-59	/datasets/violence/audio/angry_03-59.wav	You tell me what to do. Put your motherfucking ass on me now!	Yes
angry_03-61	/datasets/violence/audio/angry_03-61.wav	The fuck y'all think this is?	Yes
angry_03-65	/datasets/violence/audio/angry_03-65.wav	He's a knock-deaf. What else you gonna do for him? This is our state at war! What else you gonna do?	Yes
angry_03-67	/datasets/violence/audio/angry_03-67.wav	Show you see how it ends. You're the fuck out of this goddamn shit. They think they can fuck all of us. That's what this fuck got to mean. What else y'all gonna do?	Yes
angry_03-68	/datasets/violence/audio/angry_03-68.wav	I'm gonna come my way. What the hell do I do in front of the devil? Leave me the fuck alone! Leave me the fuck alone! Leave me the fuck alone!	Yes
angry_03-7	/datasets/violence/audio/angry_03-7.wav	You bitch! You better get your motherfucking ass back! Hit me with that brush you come up to! You better get your ass back! You better get your ass back!	Yes
angry_03-74	/datasets/violence/audio/angry_03-74.wav	Get your goddamn soul out of me! Get your damn soul out of me!	Yes
angry_03-75	/datasets/violence/audio/angry_03-75.wav	Get your motherfucking soul out of me! Get your motherfucking soul out of me, bitch!	Yes
angry_03-78	/datasets/violence/audio/angry_03-78.wav	Where's that guy lost his goddamn soul?	Yes
angry_03-85	/datasets/violence/audio/angry_03-85.wav	Better tag on him, better tag on him Ma'am! Let it out, let it out Fuck with y'all no winner Fuck y'all, I told y'all that shit last time Go ahead Bitch	Yes
angry_03-86	/datasets/violence/audio/angry_03-86.wav	Bitch! Bitch! Bitch! Bitch! Bitch! Go bitch!	Yes
angry_03-87	/datasets/violence/audio/angry_03-87.wav	Hey, there! Oh shit! Back away, back away, back away! Bitch! Back up, back up!	Yes
angry_04-1	/datasets/violence/audio/angry_04-1.wav	You're a batterer! You're a liar! You're a batterer! You're a piece of shit and a batterer! Ah! Ah! SHUT IT UP YOUR ASS!	Yes
angry_04-12	/datasets/violence/audio/angry_04-12.wav	I buried your mother, Sam! What the fuck is you saying, y'all?	Yes
angry_04-14	/datasets/violence/audio/angry_04-14.wav	Well don't sit down, just don't come back over there. Fuck you bitch. Okay, you right. Can you do that for me? I ain't had one in a long time. You right.	Yes
angry_04-15	/datasets/violence/audio/angry_04-15.wav	I ain't have been ever been gone. Hey, come on, sweetie. Leave me alone, would you?	Yes
angry_04-16	/datasets/violence/audio/angry_04-16.wav	Stop acting simple! No, I said I'm ready to go! Stop acting simple! I'm ready to fucking go! Oh, no! Give me my shit! No, give you what? Two sugar...	Yes
angry_04-19	/datasets/violence/audio/angry_04-19.wav	I'm not gonna do this. I mean stop fucking with me. I ain't messing with you now. I'm not messing with you, see. I won't fuck you up. Rita, Rita, Rita. I won't fuck you up.	Yes
angry_04-21	/datasets/violence/audio/angry_04-21.wav	Come on. Hey! Fuck, we're done. Don't you understand we're done as a nation? This guy, he's gonna get fucking a movie now, he's gonna get a book deal. How I-	Yes
angry_04-22	/datasets/violence/audio/angry_04-22.wav	Chris, my Lamborghini, we're fucking done. Give me that money, that little fucking prick. Give me that, you know what I'd do with that money? I'd hire somebody to wipe my mother's ass. That's what I would do with that money.	Yes
angry_04-23	/datasets/violence/audio/angry_04-23.wav	because they got too much too fast don't you understand these are the role models we have for all these little fucking shitheads it's over	Yes
angry_04-25	/datasets/violence/audio/angry_04-25.wav	I'm breaking my fucking ass to jump I'm wearing a fucking clip-on tie and this little prick has the world by the balls and his trouser. What's his what's he got problems?	Yes
angry_04-26	/datasets/violence/audio/angry_04-26.wav	Is it a disease? Was he abused when he was a- FUCK HIM! LET HIM CRASH! LET HIM FUCKING DIE! AND IF I SAW HIM CRASH AND DIE, I WOULD PUL-	Yes
angry_04-27	/datasets/violence/audio/angry_04-27.wav	over and eat popcorn while I see his fucking brains hanging from the fucking radiator. Fuck Justin Bieber! My mother wasn't, you piece of shit!	Yes
angry_04-28	/datasets/violence/audio/angry_04-28.wav	I bet you you beat up lemon too, asshole! You're a batterer! You're a liar! You're a batterer! You're a piece of shit and a bad-	Yes
angry_04-29	/datasets/violence/audio/angry_04-29.wav	Get out of here! Shut me up your ass! Shut me up your ass! Oh my god. Shut me up your ass you piece of shit!	Yes
angry_04-3	/datasets/violence/audio/angry_04-3.wav	Get off the car, my nigga. Straight up. Get off the car, man. Get off the car, man. Get off the car, man.	Yes
angry_04-30	/datasets/violence/audio/angry_04-30.wav	Oh, oh, oh. You wanna hit me? You wanna hit me? I'll fucking knock you out. Oh my God, hit me the way you hit your wife. Hit me the way you hit your wife. Don't fucking touch me, you fucking.	Yes
angry_04-31	/datasets/violence/audio/angry_04-31.wav	800 million Post that on Facebook You a god damn, you a lying son of a bitch	Yes
angry_04-32	/datasets/violence/audio/angry_04-32.wav	I'm gonna post this on Facebook. Don't post this on there man. Why not? Daddy I want everybody to know where I be going. No no no no. See that's what I'm talking about. That's a fucking stupid. You don't let no cat there bother know that shit.	Yes
angry_04-33	/datasets/violence/audio/angry_04-33.wav	You're such a stupid motherfucker. We ain't, we ain't 800 men, Dave, boy. You don't let nobody know nothing, cause if you know how many motherfuckers we got, we'll try to kill your ass. Not a real nigga did nothing much, bro.	Yes
angry_04-34	/datasets/violence/audio/angry_04-34.wav	I'm gonna fuck your daughter and every motherfuckin' thing, nigga. Stupid motherfuckers. If they wanna snitch you, I don't give a fuck. God, you fucked up, daddy. Don't poke that shit on no goddamn face. You gonna come and get me.	Yes
angry_04-35	/datasets/violence/audio/angry_04-35.wav	post that shit on Facebook because I'm telling you, if I see you don't want to beat your motherfucking ass, I swear to God, God my wrist, my right hand is God, I'm going to fuck you up. My hand is God.	Yes
angry_04-36	/datasets/violence/audio/angry_04-36.wav	You know what the nigga did now, Mark Strong. I told you don't do that. Alright. Don't do that shit, man.	Yes
angry_04-37	/datasets/violence/audio/angry_04-37.wav	A little bit of respect, please. I am a nurse. I am Finnish woman. You are fucking African woman. You have meaning nothing. You are zero. You are not humane.	Yes
angry_04-42	/datasets/violence/audio/angry_04-42.wav	Uh-uh! So you made me have this, what the fuck? You don't spend five thousand on? Hell no! Hell no!	Yes
angry_04-43	/datasets/violence/audio/angry_04-43.wav	No, no, please! You broke him out! Mary, shut up! Fuck your body down! Mary, shut up!	Yes
angry_04-44	/datasets/violence/audio/angry_04-44.wav	You got me fucked up! Suicide dog! She got some rad bottles of dog! Suicide dog, get in! Man, I got him in this shit! Get in! Hey, you're not making-	Yes
angry_04-45	/datasets/violence/audio/angry_04-45.wav	I got you for hell! You can't just drive me around with this shit! You can't just fuck me! I just wanna... You can't just fuck me!	Yes
angry_04-47	/datasets/violence/audio/angry_04-47.wav	I'ma get this deal! I work for Zayn! This son of a bitch! You ain't never satisfied!	Yes
angry_04-48	/datasets/violence/audio/angry_04-48.wav	You ain't never satisfied, man. You know what's up? Yo, yo, yo, catch this motherfucker. Yeah. Take a picture of this motherfucker. Yo, yo, yo, yo.	Yes
angry_04-53	/datasets/violence/audio/angry_04-53.wav	You fuck you man you drunk you drunk you're on camera now Yeah, I'm gonna take your picture your van	Yes
angry_04-56	/datasets/violence/audio/angry_04-56.wav	Get your fucking bastard! Why? Why you keep the horn? I to horn whatever I want! Get f**k! I to horn whatever I want! Come down! It's a fuck!	Yes
angry_04-59	/datasets/violence/audio/angry_04-59.wav	Come down! Let's go, let's go! Go come! Police! Go fight! Go fight! Toy? Toy fight? You stupid? You think I fight you? Yes! Fuck! Yes!	Yes
angry_04-60	/datasets/violence/audio/angry_04-60.wav	You think I'll fuck you? Yeah. Go work taxi man. Go work taxi. Come on. Yeah go work taxi better. You need money I've got money.	Yes
angry_04-62	/datasets/violence/audio/angry_04-62.wav	I'll go to your fucking deck, you never play!	Yes
angry_04-63	/datasets/violence/audio/angry_04-63.wav	Let me tell you something, the next time you do it again, you're getting your, okay what? You're gonna let me fucking finish?	Yes
angry_04-67	/datasets/violence/audio/angry_04-67.wav	When you're driving up my ass when I'm trying to park the car and then you have to do something with your hands So I just say I don't care what you have to say. Okay, do you understand that?	Yes
angry_04-73	/datasets/violence/audio/angry_04-73.wav	Cuz this isn't important enough to me. You're not important enough. I'm gonna kick your shit off the trailer, nigga. I ain't worried about it.	Yes
angry_04-74	/datasets/violence/audio/angry_04-74.wav	I don't care, fuck him! Well he better take it up with you! Get his ass whipped!	Yes
angry_04-75	/datasets/violence/audio/angry_04-75.wav	Cory's back. What the fuck you talking about, boy? You made me mad today. Cory, you ain't going nowhere. You're a badass, man. You can't play with him. Fucking stinky foot fucker.	Yes
angry_05-10	/datasets/violence/audio/angry_05-10.wav	What the fuck you got in here? Let's all be white! I don't have any green in there! You see any green in there? What the fuck you got in here?	Yes
angry_05-11	/datasets/violence/audio/angry_05-11.wav	You lucky, you lucky, you lucky. You lucky. Fuck that, don't aim me. That is a little boy, don't aim me. I'll kill that son of a bitch. Don't aim me.	Yes
angry_05-12	/datasets/violence/audio/angry_05-12.wav	Don't listen! I don't even give a fuck! I don't even give a fuck! Let's go next! Let me see that shit!	Yes
angry_05-13	/datasets/violence/audio/angry_05-13.wav	Fuck out of here. Let's go. Don't bring that shit up. Whatever. How does it end? How does it end? Mind your fucking business. She's a fool. Mind your fucking business. Mind your fucking business. Mind your fucking business.	Yes
angry_05-14	/datasets/violence/audio/angry_05-14.wav	I'm a parent! I'm a parent! Mind your business! Mind your business! I sat here and watched the whole thing! Mind your business! Don't talk that shit, Shalu. Don't talk that shit.	Yes
angry_05-24	/datasets/violence/audio/angry_05-24.wav	Or I've got to rob you. How you wanna do it?	Yes
angry_05-25	/datasets/violence/audio/angry_05-25.wav	Let me know. Let me know. Let me know. Let me know. Let me know, bruh. Real niggas do real things, bruh. There ain't nothing real about that. I'm telling you. I'm talking. Let me know.	Yes
angry_05-28	/datasets/violence/audio/angry_05-28.wav	And I swear to God, if anyone of them bullets would have hit my people's butt, I'd have killed you, nigga. You hear me? Yeah, I know. I ain't got nothing to do with it, bro. What the fuck? Don't touch me, bro.	Yes
angry_05-29	/datasets/violence/audio/angry_05-29.wav	Don't touch me nigga, everything goes nigga. Yeah, use the whole ass nigga bro. Shoot in the air nigga. This shit is real out here nigga.	Yes
angry_05-3	/datasets/violence/audio/angry_05-3.wav	You're a 40 year old woman yelling at a 12 year old! I'm 40! I'm 40 god damn it! Pretty damn close! You touched me god damn it! Fuck, huh, fuck! Hit me motherfucker! You touch her again I'll knock your god damn teeth out!	Yes
angry_05-30	/datasets/violence/audio/angry_05-30.wav	You feel me? Shut the fuck up and do it!	Yes
angry_05-32	/datasets/violence/audio/angry_05-32.wav	Swear to God, bro. If you wasn't my little nigga, I'd beat your ass just off a strip, come on.	Yes
angry_05-33	/datasets/violence/audio/angry_05-33.wav	We'll talk, bro. We'll be a pussy in these streets, nigga. And you can come holler at me. Give a fuck. Go call who you want to. Why, I don't know if you ride with this, nigga. No disrespect to him.	Yes
angry_05-34	/datasets/violence/audio/angry_05-34.wav	or whoever but this nigga did some ho ass shit you got to pay for that shit	Yes
angry_05-35	/datasets/violence/audio/angry_05-35.wav	You can call whoever you want to my nigga, cause I could've came at you a different way nigga. I ain't got shit on me but these hands boy. You didn't even wanna fight nigga, you's a bitch.	Yes
angry_05-45	/datasets/violence/audio/angry_05-45.wav	I told you your motherfucking ass don't play with me!	Yes
angry_05-48	/datasets/violence/audio/angry_05-48.wav	Get this shit out of my house before I fuck you up and by the way your friend that I fuck told me about the nigga that filled your car, the nigga that be giving you money	Yes
angry_05-49	/datasets/violence/audio/angry_05-49.wav	You think you got friends, bitch you talk too much, I bet you can't check an animal out. Cause you talk too fucking much. Now get this shit out of my house.	Yes
angry_05-5	/datasets/violence/audio/angry_05-5.wav	I'm gonna touch her again, god damn it! Step your bitch ass out! Shut the fuck up! You make me shut the fuck up! You goddamn nigger! I swear they don't like us though. Hey, I can pay the rent!	Yes
angry_05-50	/datasets/violence/audio/angry_05-50.wav	Fuck was. And then you talked about my fucking kids recording this. The kids are bitches. The kids are bitches.	Yes
angry_05-53	/datasets/violence/audio/angry_05-53.wav	You ain't got the cow, nobody this mother fucker. Coy, let's get this shit up out here, alright? Get these guys, get those shit up in here. Come on, get this shit. What they putting in here? I want this shit.	Yes
angry_05-57	/datasets/violence/audio/angry_05-57.wav	you're gonna tell me you're not gonna drive this car. Your son is gonna go pick you up. Or you take it and bury it by church. Listen, I work hard for my money.	Yes
angry_05-59	/datasets/violence/audio/angry_05-59.wav	fucking bust the window. How much you want to pay? I'll see this car tomorrow watching. I'll work fucking hard. 40 hours.	Yes
angry_05-6	/datasets/violence/audio/angry_05-6.wav	You're a weak beat! A weak beat! This is a goddamn scuttle! I'm 40!	Yes
angry_05-61	/datasets/violence/audio/angry_05-61.wav	Bum-bum-bum! I better not see the sports tomorrow.	Yes
angry_05-66	/datasets/violence/audio/angry_05-66.wav	This motherfucking ass don't die baby.	Yes
angry_05-68	/datasets/violence/audio/angry_05-68.wav	These niggas better quit playing out here. The streets is real!	Yes
angry_05-69	/datasets/violence/audio/angry_05-69.wav	And gee what's up this do to you He don't get no fuck I bet you won't fuck on him no	Yes
angry_05-7	/datasets/violence/audio/angry_05-7.wav	Fuck! I'm on the road! He just don't give a fuck! He popped on you, right? He popped on you, right? He hit you, right? You need to listen!	Yes
angry_05-71	/datasets/violence/audio/angry_05-71.wav	He write her name, her nigga name, the nigga who she cheated with. Damn! That's all love dawg. That's all love, man.	Yes
angry_05-72	/datasets/violence/audio/angry_05-72.wav	that shit no more man excuse me you fucking call me a prostitute	Yes
angry_05-73	/datasets/violence/audio/angry_05-73.wav	How fucking dare you speak to me like that? I ain't some fucking slut!	Yes
angry_05-8	/datasets/violence/audio/angry_05-8.wav	I wish you would, shorty. I wish you would. Look at him. Who gives a fuck? Who gives a fuck? Mind-job this.	Yes
angry_05-9	/datasets/violence/audio/angry_05-9.wav	You fucking out. You fucking out. Get a full ass man like that. Fuck out of here. Yeah. Yeah. What? You a wolf, punk. You a punk. You a punk.	Yes
angry_06-11	/datasets/violence/audio/angry_06-11.wav	What time do you get off work? Santa Claus.	Yes
angry_06-13	/datasets/violence/audio/angry_06-13.wav	You know how many freaking Asians are in this place right now?	Yes
angry_06-14	/datasets/violence/audio/angry_06-14.wav	And I have no reason to get upset over that? No. And if I was you, if that was you, you would be anti-Semite.	Yes
angry_06-17	/datasets/violence/audio/angry_06-17.wav	Give me my money back. You're a goddamn liar. Give me my money. Give me my money. Give me my money, man. I ain't got the...	Yes
angry_06-2	/datasets/violence/audio/angry_06-2.wav	I want him fired. You heard that. You heard that. I came off the phone. You fucking cock fucker! No, no, no, no, no.	Yes
angry_06-20	/datasets/violence/audio/angry_06-20.wav	Fuck this junk. These are fucking crackheads.	Yes
angry_06-21	/datasets/violence/audio/angry_06-21.wav	working in here. Who the fuck has a crack head? Bitch, I got, oh god, yeah, sick bitch on the phone. Bitch, I got three. I ain't going to school, motherfucker.	Yes
angry_06-22	/datasets/violence/audio/angry_06-22.wav	You sorry ass bitch!	Yes
angry_06-23	/datasets/violence/audio/angry_06-23.wav	I gave my motherfucking money and I'm outta here. I don't have to have nothing. Just give me my money. No! No! Get out money and let go!	Yes
angry_06-24	/datasets/violence/audio/angry_06-24.wav	Get our money and let's go! I got a fuller window than sorry ass Texas with your motherfuckin'	Yes
angry_06-26	/datasets/violence/audio/angry_06-26.wav	Get our money and let's go! I ain't got to put up with no jail! Thank you, George, for all the church chicken, motherfuckers! Get our money and let's go!	Yes
angry_06-27	/datasets/violence/audio/angry_06-27.wav	Get our money and let's go! You know what? You know what? You know what? I ain't done shit or what. Choose one!	Yes
angry_06-29	/datasets/violence/audio/angry_06-29.wav	Bitch! Bitch! Bitch!	Yes
angry_06-3	/datasets/violence/audio/angry_06-3.wav	Come off the fucking boat	Yes
angry_06-30	/datasets/violence/audio/angry_06-30.wav	Stop! You're gonna get out now, bitch! Don't ever have a man! Stop! Yeah! Fuck you! Yeah! Bitch, I'm sorry! I don't know. You're gonna get back! Oh my god! Fuck you! You're gonna get back!	Yes
angry_06-31	/datasets/violence/audio/angry_06-31.wav	I'm not gonna hurt you. Hey. In a while. No, but the fuck you don't, bitch. That's why you're married, bitch. You're lying. You're lying.	Yes
angry_06-32	/datasets/violence/audio/angry_06-32.wav	Oh, I'm on the track. Oh, yeah, I'm on the track. Don't. Goddamn, bitch. Jaden, stop.	Yes
angry_06-37	/datasets/violence/audio/angry_06-37.wav	Alright, right here. Fine. I'm about to mess him up. What's up? What's up? What's up? I don't give a shit about that damn shit. Okay, you hit me. You just hit me. I didn't hit you.	Yes
angry_06-38	/datasets/violence/audio/angry_06-38.wav	Yes, you hit me. Don't you record me. Don't you record me. I'm sick of you. I am tired of your ass. I am tired of your punk ass. Okay, okay. I'm tired of you harassing me.	Yes
angry_06-39	/datasets/violence/audio/angry_06-39.wav	Making my life hell. OK. OK. You think I give a shit? Please be quiet. Fuck you, bitch. You dumbass. You retarded ass. Y'all come on. Y'all want y'all.	Yes
angry_06-4	/datasets/violence/audio/angry_06-4.wav	You racist fuck-	Yes
angry_06-40	/datasets/violence/audio/angry_06-40.wav	I don't care about you. I don't care about you. Oh you hit me on the video right here. I don't care about you It's on video. It's on video. She's assaulting me. She's assaulting me.	Yes
angry_06-41	/datasets/violence/audio/angry_06-41.wav	Oh, she's pressing me. Oh, she's attacking me. Don't you record me! This is for protection. This is for protection. I don't know what you're going to do.	Yes
angry_06-42	/datasets/violence/audio/angry_06-42.wav	unstable. No, no, no. Because I'm sick of you harassing me. I am sick and tired of you harassing me. Okay, please don't approach me. Please don't approach me. I ask...	Yes
angry_06-44	/datasets/violence/audio/angry_06-44.wav	Don't touch me! Please, please shoot! That's right!	Yes
angry_06-45	/datasets/violence/audio/angry_06-45.wav	Wow, you got your kids cursing at me too, huh? Wow, this is amazing. Do not talk to my kids! Okay.	Yes
angry_06-46	/datasets/violence/audio/angry_06-46.wav	Talk to this fucking nigga right now. I'm telling you he's rebuking the accord of me. He scared the shit out of Anthony's car. He wanted to run his mouth talking about Bibi and her trancey mother. Fucking c-	Yes
angry_06-47	/datasets/violence/audio/angry_06-47.wav	Say something to him now. He's got me on video tape and I'm still flipping the fuck out. You called me a nigger. Go ahead. I called you a nigger. You're a nigger!	Yes
angry_06-48	/datasets/violence/audio/angry_06-48.wav	Nasty fucking niggas!	Yes
angry_06-49	/datasets/violence/audio/angry_06-49.wav	And this motherfucker right here, hold on. Move!	Yes
angry_06-50	/datasets/violence/audio/angry_06-50.wav	Do one of your employees get to come out here and get my toilet paper? I can't blame him, he stole his game. I don't got his fucking game! I seen you on the camera. I don't got his fucking game!	Yes
angry_06-51	/datasets/violence/audio/angry_06-51.wav	I don't fucking got it! Alright, let the camera, let the camera. Move! Alright, can I just go get her toilet paper and I'm coming right back in here. I don't know if you got it either.	Yes
angry_06-52	/datasets/violence/audio/angry_06-52.wav	Look, all I got is a motherfucking mug. Let me go get it. Move. Move. Let me, I said move. I said wait.	Yes
angry_06-53	/datasets/violence/audio/angry_06-53.wav	I'm gonna break your fucking doors. Move. Move it! Move!	Yes
angry_06-54	/datasets/violence/audio/angry_06-54.wav	Move! I said I'm gonna go fucking get it, move! Move then, no! Open this motherfucking door and let me go get it! I said let me, let me go fucking get it!	Yes
angry_06-55	/datasets/violence/audio/angry_06-55.wav	I'm telling you where it fucking is. Let me go fucking get it you stupid puta. Fucking maente.	Yes
angry_06-56	/datasets/violence/audio/angry_06-56.wav	Hello! Man, this motherfucker got me stuck with the damn turkey!	Yes
angry_06-57	/datasets/violence/audio/angry_06-57.wav	They're fucking stupid ass fucking masking!	Yes
angry_06-58	/datasets/violence/audio/angry_06-58.wav	And cut! And shut them up! Hold on, let me call you back! Oh shit. Oh shit.	Yes
angry_06-59	/datasets/violence/audio/angry_06-59.wav	I don't give a fuck, I just kicked out this stupid motherfuckin'- I- Huh? Is that a mobile or what's happening? No, yes, I know I can-	Yes
angry_06-60	/datasets/violence/audio/angry_06-60.wav	OPEN THE FUCKING DOOR!	Yes
angry_06-9	/datasets/violence/audio/angry_06-9.wav	I came off the board and was being caught losing a race as fuck? No! Hey!	Yes
angry_07-11	/datasets/violence/audio/angry_07-11.wav	I'm gonna do a death all this way, I'm gonna take the fucking wall, I'm gonna take the fucking shepherds. Do you want some help? I've got a knock off.	Yes
angry_07-12	/datasets/violence/audio/angry_07-12.wav	I'm gonna go for it. You're a fucking cunt. I'm having a fucking piss.	Yes
angry_07-13	/datasets/violence/audio/angry_07-13.wav	What the fuck did you say?	Yes
angry_07-15	/datasets/violence/audio/angry_07-15.wav	I'm not gonna let you pass. Don't look at us. Don't fucking look at us. Just get out of here. Get out of here! Get out of here!	Yes
angry_07-16	/datasets/violence/audio/angry_07-16.wav	I'm sorry, he needs to be deported, I'm sorry, bye. Oh my god, are you kidding me? Get the fuck out of here, come on.	Yes
angry_07-17	/datasets/violence/audio/angry_07-17.wav	I'm not going to take one of those. That was pretty racist. That was pretty fucking racist. It's alright.	Yes
angry_07-18	/datasets/violence/audio/angry_07-18.wav	Get her the fuck out of here. Logan? Yeah. Wow. This really- I'm charging you for happening. This is a simple challenge. You can't do it on the face. Just like that.	Yes
angry_07-19	/datasets/violence/audio/angry_07-19.wav	I will fucking beat your ass. I will fucking beat your ass. I'm not making you... If you ever talk to my friend that way, I'm fucking kill you. Racism is cool. Racism is cool.	Yes
angry_07-20	/datasets/violence/audio/angry_07-20.wav	I'm throwing the rocks. Fuck the Mexican stick! Yeah, get the fuck out of your braces bitch! Come on now! Torque on his face!	Yes
angry_07-21	/datasets/violence/audio/angry_07-21.wav	That's cool. Racism. Get out. Get out. Burn in hell. Burn in hell. Amazing.	Yes
angry_07-23	/datasets/violence/audio/angry_07-23.wav	Fuck them! Fuck them! Fuck them! They're Mexican motherfuckers, you're gonna get supported! I'm Mexican motherfuckers! Damn!	Yes
angry_07-24	/datasets/violence/audio/angry_07-24.wav	Who gives a fuck about that? They're gonna be on the border begging for us, are you? Don't pick them eyebrows, girl! No!	Yes
angry_07-25	/datasets/violence/audio/angry_07-25.wav	You are really... NOOOOOOOOOOOOOOOOO NOOOOOOOOOOOOOOOOO Fuck you, you're like a Mexico motherfucker NOOOO	Yes
angry_07-27	/datasets/violence/audio/angry_07-27.wav	Get the sluts out of here! I'd still fuck you! We would still fuck you!	Yes
angry_07-35	/datasets/violence/audio/angry_07-35.wav	What is this mother fucker?	Yes
angry_07-42	/datasets/violence/audio/angry_07-42.wav	This hoe is stupid. Will she come down tomorrow? She'll come down. Cause I'm wrong.	Yes
angry_07-44	/datasets/violence/audio/angry_07-44.wav	I don't forget nothing. I'm so happy. Y'all about to say you better get out some people, why? Because she want to get out, bitch. You can get out. Be playing like you want to get out.	Yes
angry_07-46	/datasets/violence/audio/angry_07-46.wav	Excuse me! Excuse me! There's no need for you to tell me that I'm a child! No, I did it on a superlative! What? What? You want me to-	Yes
angry_07-48	/datasets/violence/audio/angry_07-48.wav	This is so disrespectful! 43, 34, that's it! And I'm so sorry everybody, but I'm not a child! Don't sit up here hiding myself like I'm a little girl!	Yes
angry_07-49	/datasets/violence/audio/angry_07-49.wav	You're my mom! What the fuck you mean I'm a learn? You don't teach me nothing! Big Mac, you give me the meat on the bottom.	Yes
angry_07-5	/datasets/violence/audio/angry_07-5.wav	Oh fucks sake mate, you can't look at how fucked this shit off.	Yes
angry_07-50	/datasets/violence/audio/angry_07-50.wav	The cheese on the bottom, less tomato. Hey, Ben, you don't give me no motherfucking meat on the top, but lettuce and tomato. What the fuck you talking about?	Yes
angry_07-51	/datasets/violence/audio/angry_07-51.wav	You better fucking get your workers right. You better get your fucking workers right. I should have took a picture of that shit on my cell phone.	Yes
angry_07-52	/datasets/violence/audio/angry_07-52.wav	Nasty motherfuckers!	Yes
angry_07-53	/datasets/violence/audio/angry_07-53.wav	You're a nasty motherfucker. If I got a fucking cell phone, I should have did that shit. Yo, you ain't gonna give me nothing extra for my fucking time?	Yes
angry_07-54	/datasets/violence/audio/angry_07-54.wav	For my fucking time!	Yes
angry_07-55	/datasets/violence/audio/angry_07-55.wav	Motherfucking.....	Yes
angry_07-56	/datasets/violence/audio/angry_07-56.wav	Where the fuck are you?	Yes
angry_07-57	/datasets/violence/audio/angry_07-57.wav	What the fuck you doing? Give me my shit! Give me my shi-	Yes
angry_07-58	/datasets/violence/audio/angry_07-58.wav	I mean do my shit and I mean do my shit now	Yes
angry_07-62	/datasets/violence/audio/angry_07-62.wav	Oh fuck you, everybody better watch they shit when they fuck with you	Yes
angry_07-63	/datasets/violence/audio/angry_07-63.wav	Because these motherfuckers will fuck you around. And then you come back here and ready to throw something at these fucking faces.	Yes
angry_07-64	/datasets/violence/audio/angry_07-64.wav	No, no, no, fuck it, yeah, buy my ass.	Yes
angry_07-65	/datasets/violence/audio/angry_07-65.wav	By my fucking ass!	Yes
angry_07-66	/datasets/violence/audio/angry_07-66.wav	Fuck you think you talking to fuck you or you the supervisor you know what you something	Yes
angry_07-67	/datasets/violence/audio/angry_07-67.wav	I will guarantee you I will make you lose your	Yes
angry_07-68	/datasets/violence/audio/angry_07-68.wav	Bitch, I'll make you lose your job. You motherfucker, I'll make you lose your fucking job.	Yes
angry_07-69	/datasets/violence/audio/angry_07-69.wav	You had to watch your motherfucking work!	Yes
angry_07-70	/datasets/violence/audio/angry_07-70.wav	Because everybody come here doing that shit to me. I think the first time I ever went to a motherfucker's McDonald's is to get that dumb shit.	Yes
angry_07-76	/datasets/violence/audio/angry_07-76.wav	You're just a fakin' motherfucker!	Yes
angry_07-77	/datasets/violence/audio/angry_07-77.wav	You better go back to making motherfucking curry go. Go back to making curry fucking go. Or your chicken.	Yes
angry_07-78	/datasets/violence/audio/angry_07-78.wav	Motherfucker you! Go back to making curry, go a jerk chicken! Cause you don't need this motherfucking job!	Yes
angry_07-79	/datasets/violence/audio/angry_07-79.wav	You're the bitch!	Yes
angry_07-8	/datasets/violence/audio/angry_07-8.wav	Fuck's sake, just lock it up. Thing is the cameras...	Yes
angry_07-80	/datasets/violence/audio/angry_07-80.wav	Hey, hey, hey, hey, hey! You motherfuckers are ridiculous! How the fuck you gonna give somebody a mix of burgers?	Yes
angry_07-82	/datasets/violence/audio/angry_07-82.wav	Look at this a big fucking mac A big mac with no meat right here. You got meat and everything here	Yes
angry_07-83	/datasets/violence/audio/angry_07-83.wav	But you don't give nobody that shit. How the fuck you gonna be so ignorant? You got it? You got it?	Yes
angry_07-84	/datasets/violence/audio/angry_07-84.wav	Go back to making just sick and then fucking die. You have it. You motherfucker. Dude. You motherfucker. You don't.	Yes
angry_07-85	/datasets/violence/audio/angry_07-85.wav	I don't know what the fuck you doing, and it's fucking established.	Yes
angry_07-87	/datasets/violence/audio/angry_07-87.wav	And I don't care what the fuck nobody	Yes
angry_08-14	/datasets/violence/audio/angry_08-14.wav	Come on you nigger!	Yes
angry_08-18	/datasets/violence/audio/angry_08-18.wav	I'm not beautiful, I'm beautiful. You're a stupid, you're a stupid, you're a fucking dumb. Hey, look at that. Hey, go, go.	Yes
angry_08-19	/datasets/violence/audio/angry_08-19.wav	Have a soldier here, man! No! No! What the fuck's this? Look at that!	Yes
angry_08-20	/datasets/violence/audio/angry_08-20.wav	Last time! Last time! Last time I was on the ground! Last time I was on the ground! I'm not a kid anymore, I'm not a kid anymore! Fuck!	Yes
angry_08-26	/datasets/violence/audio/angry_08-26.wav	I'm gonna rape your other sister! Look at your nose! Your feet! No no no no no!	Yes
angry_08-3	/datasets/violence/audio/angry_08-3.wav	You will get stuff in the mouth. Oh man enough. I'm bleeding man. What do you want? Take your shit and go.	Yes
angry_08-33	/datasets/violence/audio/angry_08-33.wav	I don't know who is so stupid you can't read English. It's not hard. I'm really angry and I'm sorry I'm yelling.	Yes
angry_08-35	/datasets/violence/audio/angry_08-35.wav	Yes, this is not rocket science! You're gonna watch that for me, okay? I've got all the way holding back again now! Did you get it right?	Yes
angry_08-37	/datasets/violence/audio/angry_08-37.wav	It was awful but I ate it. Boy it was, it's the worst chicken I've ever had here.	Yes
angry_08-38	/datasets/violence/audio/angry_08-38.wav	Who the fuck are these faggots right here walking around shit? Fuck UDF! Fuck UDF!	Yes
angry_08-39	/datasets/violence/audio/angry_08-39.wav	They fucking support dairy. UDF dairy farmers. Okay. I'm a dairy farmer. I know Andy Milonakis. Andy Milonakis is my brother, bitch. I will knock his ice cream.	Yes
angry_08-4	/datasets/violence/audio/angry_08-4.wav	Go fuck. Who's their boyfriend? Go fuck yourself! Eat his fucking, eat his fucking, eat his fucking, eat his fucking slut bag! Work at your club, you placard skanks!	Yes
angry_08-40	/datasets/violence/audio/angry_08-40.wav	Get loud with me! Get loud with me! Get loud with me, motherfucker! Get loud! You're on camera!	Yes
angry_08-41	/datasets/violence/audio/angry_08-41.wav	I would buy everybody's shit but this motherfucker Food stamps, food stamps This motherfucker was, who are you? This motherfucker was putting his hand in my face Bitch get knocked the fuck out	Yes
angry_08-42	/datasets/violence/audio/angry_08-42.wav	I am Annie Monocchus' cousin, okay? Fuck them, right? Say fuck them. I'll take a picture of her if the fuck I want, because it's a free kind of...	Yes
angry_08-43	/datasets/violence/audio/angry_08-43.wav	Bitch you won't fuck nothing up, I'll knock your ass out dude, I don't give a fuck. I don't give a fuck how ghetto you think you are. I was raised in foster care bitch!	Yes
angry_08-44	/datasets/violence/audio/angry_08-44.wav	Give a fuck! Give a fuck about no dirty bitch up in UDS! My clique is bigger than you! I don't give a fuck!	Yes
angry_08-45	/datasets/violence/audio/angry_08-45.wav	You put my ass, do it on camera bitch! Take a picture of me, do you fucking know me? Bitch!	Yes
angry_08-47	/datasets/violence/audio/angry_08-47.wav	Come on now, come on now. Come on now, come on now. Come on now, come on now. She fucking told you to stop fucking taking pictures. Hey, hey, hey!	Yes
angry_08-48	/datasets/violence/audio/angry_08-48.wav	Fuckin' shit. So I just got punched in the face like 47 times.	Yes
angry_08-5	/datasets/violence/audio/angry_08-5.wav	Oh, she's fucking technical, as usual. Oh shit. God fucking knows. She is bad. She's bad. This bitch is, yo.	Yes
angry_08-50	/datasets/violence/audio/angry_08-50.wav	Excuse me, do you mind sitting down? You are very disgusting! My child is down there! Sit your whore ass down!	Yes
angry_08-51	/datasets/violence/audio/angry_08-51.wav	I'm sick of you! You keep creating the stuff with children on the Skytrain! I'm sick of you! Stop yelling! Stop!	Yes
angry_08-52	/datasets/violence/audio/angry_08-52.wav	You can witness that on the tram, you daft little bitch! Now get off! Why are you swearing? Who's swearing at you? Where? What's it got to do with you? Who's swearing at you? Where? What's it got to do with you?	Yes
angry_08-55	/datasets/violence/audio/angry_08-55.wav	I rocked his ball! I love his football! I love his football! I'm doing a present for my little star! Stop fucking videoing me!	Yes
angry_08-57	/datasets/violence/audio/angry_08-57.wav	What? No one said that! It's fucking video, Rumi! I don't fucking want to be videoed! Oh, you stupid bitch! Shut up! You're not teaching me anything!	Yes
angry_08-6	/datasets/violence/audio/angry_08-6.wav	I'm not from that team! I'm from the new party! I'm from the new party! We out here! Oh yeah, I'm a fucking big idiot!	Yes
angry_09-1	/datasets/violence/audio/angry_09-1.wav	Parking handicap spots. Are you handicapped? Yep. Well, what makes you so special that you can park in a handicap spot? Record me, I'll break your fucking head. You're on-	Yes
angry_09-10	/datasets/violence/audio/angry_09-10.wav	Don't Threat Me! Don't Threat Me! Don't Threat Me! Thank God I was recording that.	Yes
angry_09-2	/datasets/violence/audio/angry_09-2.wav	Why? What makes you so special? Back the fuck up! Back the fuck up! What makes you so special? Back the fuck up in my car! What makes you so special?	Yes
angry_09-21	/datasets/violence/audio/angry_09-21.wav	Come on man! I just want to get this fuck out of Walmart! Like... Yeah, let's...right. Okay, this should go to the... So don't make a scene. Okay.	Yes
angry_09-22	/datasets/violence/audio/angry_09-22.wav	There is manners, so get the fuck on it. If there's manners, then keep them open. You got your child right here, get the fuck on. You shut the fuck up, bitch! Don't tell me to shut up.	Yes
angry_09-28	/datasets/violence/audio/angry_09-28.wav	You still talking, you still here? I am still here! I'm fucking still here! Sit down! Sit down!	Yes
angry_09-30	/datasets/violence/audio/angry_09-30.wav	No, you're not trying to go home. You don't fucking scare me. It ain't about being scared, it's about you respecting someone. You don't fucking, no, you don't fucking scare me! Motherfucker!	Yes
angry_09-31	/datasets/violence/audio/angry_09-31.wav	I don't give a fuck who you are! I don't care! No, I don't! You don't fucking scare me!	Yes
angry_09-32	/datasets/violence/audio/angry_09-32.wav	You don't fucking scare me! You don't scare me, you don't scare my man, you don't scare my dog, you don't scare fucking anybody, bro!	Yes
angry_09-33	/datasets/violence/audio/angry_09-33.wav	Don't put your hands out in the open! Don't! Don't! Stop, stop, stop! Stop! Don't! Stop! Put your hands out! Stop!	Yes
angry_09-34	/datasets/violence/audio/angry_09-34.wav	I'm fucking sick of it now! Get off the fucking street! Get off the fucking street!	Yes
angry_09-35	/datasets/violence/audio/angry_09-35.wav	You're better than me. You're better than me. You're better than me. You're not bossing folks! You're the one with the fucking sign!	Yes
angry_09-39	/datasets/violence/audio/angry_09-39.wav	We'll be okay with that. Don't punch her. Don't let the doors open. Just throw her off the train. Off the train. Off the train. Throw her off the train. No, no, no, no.	Yes
angry_09-41	/datasets/violence/audio/angry_09-41.wav	No, no, no, no, no, no, no, no, no, no, no. I'm not the one. Who the fuck are you? You're not the one to blame. You're not the one to blame.	Yes
angry_09-44	/datasets/violence/audio/angry_09-44.wav	I tried to be nice. I asked for your money. What you doing? I felt you recording this. I can record it, girl.	Yes
angry_09-45	/datasets/violence/audio/angry_09-45.wav	I'm not gonna let you fuck and stay for bitches. For late and I fuck out at 11 o'clock and I can't get my fucking money. I told them that bitch and I can't get my fucking money. And this guy's serious.	Yes
angry_09-50	/datasets/violence/audio/angry_09-50.wav	I get treated like shit, I get treated like shit, I ain't gonna do that shit here. Bitch give me my fucking paper. Bitches want to treat some...	Yes
angry_09-52	/datasets/violence/audio/angry_09-52.wav	You're fucked up! Now pay for that! You don't want to give me fucking twenty fucking dollars, bitch? Pay for that! Yeah, yeah, yeah. Ah, fuck!	Yes
angry_09-53	/datasets/violence/audio/angry_09-53.wav	You get enough. Shut the fuck up. Right. Shut the fuck up. Bitch, just go. Just go. Just go. Just go. He tried me like a bitch. Just go. Bitch, you don't pay for my money, dog.	Yes
angry_09-54	/datasets/violence/audio/angry_09-54.wav	I can't do nothing. I'm popping your tights too bitch.	Yes
angry_09-8	/datasets/violence/audio/angry_09-8.wav	Yeah. I do. If you don't back away from me, I'm gonna knock you the fuck out. I believe you, man. That's gonna knock you the fuck out. Thank you, sir.	Yes
angry_09-9	/datasets/violence/audio/angry_09-9.wav	walk away from me I got all the cop cars in jail that makes sense walk away from me don't threaten me don't provoke me walk	Yes
angry_10-19	/datasets/violence/audio/angry_10-19.wav	I'm gonna fuck you up! I'm gonna fuck you up! Yeah, I'm gonna fuck you up! I will fuck you up! I will fuck you up!	Yes
angry_10-20	/datasets/violence/audio/angry_10-20.wav	You're not worth it! Get the fuck out! No! I'll just go to fucking camp!	Yes
angry_10-22	/datasets/violence/audio/angry_10-22.wav	Fuck you up! Fuck you up!	Yes
angry_10-23	/datasets/violence/audio/angry_10-23.wav	And he crossed over and hit the front end of my car. And then he goes, you hit me bitch, you better pull over.	Yes
angry_10-25	/datasets/violence/audio/angry_10-25.wav	I'm going to take my pill today. So I'm telling you right now, I'm ready to explode. Just don't explode on me. Because right now I can make a fist with no problem. I've broke many people's arms.	Yes
angry_10-26	/datasets/violence/audio/angry_10-26.wav	arms and I'm um cuz it's his fault he's the one that crossed over in front of me. Don't break arms right now cuz I gotta get this written up okay?	Yes
angry_10-29	/datasets/violence/audio/angry_10-29.wav	up on YouTube I will find you, and yes it's a threat.	Yes
angry_10-31	/datasets/violence/audio/angry_10-31.wav	I suggest you get in your vehicle, sit on. Don't touch me. Get off. Shut it off. Shut it off now. Go sit in your vehicle. I do not like my picture taken.	Yes
angry_10-33	/datasets/violence/audio/angry_10-33.wav	Shut it off now. Shut it off now. Okay, it's off. Shut it off now. It's off. Shut it off. Put the goddamn thing in your car now. Listen. Now.	Yes
angry_10-34	/datasets/violence/audio/angry_10-34.wav	Get in your vehicle or I'm going to arrest you for creative disturbance. Okay? Do you understand me? Sit down. Let me write this up. We'll get him by underway. He's taping me again! Yeah.	Yes
angry_10-35	/datasets/violence/audio/angry_10-35.wav	He's taping me again! I do not like that stuff! I do not like that stuff! Sir, I don't like that stuff! I hate that stuff!	Yes
angry_10-37	/datasets/violence/audio/angry_10-37.wav	nice yo he has a knife	Yes
angry_10-42	/datasets/violence/audio/angry_10-42.wav	I mean, are you out of work? So you're bored? Where am I at? Why did you send Tyler down to my house with a stick? He didn't come down with... Wait, wait, wait, wait.	Yes
angry_10-43	/datasets/violence/audio/angry_10-43.wav	Where did I get the stick from? They were playing. No, Tyler was getting like this. When I came down, you had Tyler tied up with those ropes. You sent Tyler down to my house.	Yes
angry_10-44	/datasets/violence/audio/angry_10-44.wav	house. What do you have in your hand? What do you have in your hand? What do you have in your hand? So what, you can't keep a job?	Yes
angry_10-47	/datasets/violence/audio/angry_10-47.wav	I'm talking about your kid with a stick your kids got a stick What's wrong with you? You gave your kid a stick?	Yes
angry_10-48	/datasets/violence/audio/angry_10-48.wav	You gave your kid a stick. So you come over to my house. There were three kids playing. With what?	Yes
angry_10-51	/datasets/violence/audio/angry_10-51.wav	Let's see what you got. Let's see what you got. Uh huh, huh. You're trying to make something worse, huh? Go ahead. What is the problem you have with me? I don't have any problem with you. What is the problem you have with me?	Yes
angry_10-52	/datasets/violence/audio/angry_10-52.wav	You got a stick in your hand. Why are you just unnecessarily harassing me? Sir, you're turning me into a whore. I want that off me, I want it off now! That is my right and I don't want that shit!	Yes
angry_10-53	/datasets/violence/audio/angry_10-53.wav	I don't like to be on the internet at all! I don't believe in the internet! Please! Give me your vehicle, okay? He's not putting it on the road. Just get that shit out!	Yes
angry_10-54	/datasets/violence/audio/angry_10-54.wav	I said it was good on YouTube and I don't want it. So I'll be glad it's on YouTube. You guys are all going to be fucking dead. I don't give a shit. You know what?	Yes
angry_10-61	/datasets/violence/audio/angry_10-61.wav	You got a nice red stretch for George or anybody? I do, I ain't so sorry. Nah, she's about to go to jail, she don't shut her mouth.	Yes
angry_11-14	/datasets/violence/audio/angry_11-14.wav	If you were to get on ID, that's it. There won't be no clickbait. Get off of me then. Sit down. Okay, can you get off me? Sit down. Bro, why is you squeezing my fucking cuffs? Sit down. God, right?	Yes
angry_11-15	/datasets/violence/audio/angry_11-15.wav	Oh, why is it taking me? Taking you breath. Let me tell you I don't care now. You squeeze my cuffs and you fucking squeeze me to	Yes
angry_11-16	/datasets/violence/audio/angry_11-16.wav	fucking hard right you got me fucked up dude shit I swear to God right he's sitting officer Jake Gonzalez Merced police officer Jake Gonzalez	Yes
angry_11-17	/datasets/violence/audio/angry_11-17.wav	Mercer department. Derry just fuck off me nigga! Back up! Yes sir, yes sir. Yes sir. Hey! Oh what the?	Yes
angry_11-26	/datasets/violence/audio/angry_11-26.wav	Sorry mate, what for? Because... You want to have a look at the card, by the way? No, you want to just... That's fine! That's fine! Don't stick it in my face! It's not like you'll have to grab him, that's all!	Yes
angry_11-33	/datasets/violence/audio/angry_11-33.wav	I'm not sure you're on the same page. No we're not at all. Why are you speaking to him like that? Why are you speaking to him like that? There's no reason to speak to him like that.	Yes
angry_11-35	/datasets/violence/audio/angry_11-35.wav	We're all going. Macky grab your face. Hey why are you getting in his face eh? Look at this intimidation. Intimidation. Invest that money all the way on my face. You're going IPCC.	Yes
angry_11-36	/datasets/violence/audio/angry_11-36.wav	I'm not allowed to touch you. Go away. Go away. Go away. Go away.	Yes
angry_11-37	/datasets/violence/audio/angry_11-37.wav	I've been walking back, we're walking back and you're following me? Stop following me then! You're following us, intimidation! You're going IPCC, you're going IPCC!	Yes
angry_11-38	/datasets/violence/audio/angry_11-38.wav	See you later. See you later. I can't believe how fucking stress you've just made me like block that. Can't believe that.	Yes
angry_11-40	/datasets/violence/audio/angry_11-40.wav	in our public place. Just go away. You don't have to leave. That's intimidation. I must get you to go away from me. Stay to the commotion.	Yes
angry_11-42	/datasets/violence/audio/angry_11-42.wav	You just shouted your face off, not us! Did you hear how loud that was? Breach of peace! Whatever, see you later! See you later!	Yes
angry_11-49	/datasets/violence/audio/angry_11-49.wav	You better kill me! You better kill me! You better kill me! You better kill me! Bitch, I'm gonna jump down on her, boy! I don't tell you, I'm stopping this motherfucker, either!	Yes
angry_11-50	/datasets/violence/audio/angry_11-50.wav	Who said stop? Look at that, nigga, they slidin', nigga! Damn, ah! Oh, nigga! Oh, nigga!	Yes
angry_11-53	/datasets/violence/audio/angry_11-53.wav	They call me nigger. They been in the bin. Oh. Ow. Ow. Ow. Ow. Ow. Ow. Ow. Ow. Ow. Ow. Ow.	Yes
angry_11-7	/datasets/violence/audio/angry_11-7.wav	Hey, I got a I got on film bro. It's all good. It's all good. It's all good. It's all good It's all good. No. I'm not giving you nothing	Yes
angry_12-100	/datasets/violence/audio/angry_12-100.wav	He's one walker. Like, I don't know. Oh my god, he's biting him! He's a fucking zombie, bitch! Bitch!	Yes
angry_12-106	/datasets/violence/audio/angry_12-106.wav	Fuck this. Fuck this. Fuck this. What are you talking about? Kill me!	Yes
angry_12-107	/datasets/violence/audio/angry_12-107.wav	I'm gonna kill me motherfucker! Rich I got money Rich! Rich I got money! What the fuck is wrong with you? Fuck! It's gonna be hate!	Yes
angry_12-108	/datasets/violence/audio/angry_12-108.wav	I'm born here, I know what I'm doing. Get a passport, bro. Sit up here, mum's cunt. You're a nigger. Nasty fucking nigger. He's too lazy to joke off his-	Yes
angry_12-109	/datasets/violence/audio/angry_12-109.wav	You can only get a gook, you can't even get a regular girlfriend! My sister died in October, you lied! There's no fucking gods! Get lost, don't touch me! You're a fucking hijacker!	Yes
angry_12-110	/datasets/violence/audio/angry_12-110.wav	Get the fuck out of the car! SHUT YOUR NOSE DOG! Don't come up in my face! Don't buy it out of care! And if I could walk in the store and get the	Yes
angry_12-111	/datasets/violence/audio/angry_12-111.wav	You're acting like a nigger now give me the cards back. You want me to lock you up for life you asshole? Shut your fucking wounds on me you fucking slut!	Yes
angry_12-112	/datasets/violence/audio/angry_12-112.wav	I'm tired of being beat up by people!	Yes
angry_12-113	/datasets/violence/audio/angry_12-113.wav	photographers who use the photos against people! I'm getting really sick of you! Get out! No! I just made time for the meal! Let's go!	Yes
angry_12-114	/datasets/violence/audio/angry_12-114.wav	Call them right now! Call the motherfucking police! Bitch, I'm crazy! Don't call me bitch! Don't fucking call me! Why? Don't fucking call me! Don't call me the fuck!	Yes
angry_12-115	/datasets/violence/audio/angry_12-115.wav	I'm gonna goddamn kill you! There's a bomb on the plane! There's a bomb on this fucking plane! If she takes me off, I'll blow the fucking plane up! There's a bomb on the plane!	Yes
angry_12-116	/datasets/violence/audio/angry_12-116.wav	Run! Get off the bus! Shut up! Get off the bus! They're waiting. Ma'am, run, run! Okay.	Yes
angry_12-118	/datasets/violence/audio/angry_12-118.wav	I'm a psycho! I'm a psycho! I'm a psycho! I'm a psycho! See the fucking girl?	Yes
angry_12-12	/datasets/violence/audio/angry_12-12.wav	You have to care about some fucking, you know, 20-somethings on a rail, on an edge, on a snowboard. Okay. And I fucking snowboard. Nice. And I'm 52 fucking years old. How do you ride? Huh?	Yes
angry_12-126	/datasets/violence/audio/angry_12-126.wav	This is yours? Yes. Wait a minute. Wait, this is ours? No, it is. This is all o- God damn camera. No, no, step away from my shit. How about that?	Yes
angry_12-127	/datasets/violence/audio/angry_12-127.wav	You know what? I will and then I'm going to take that camera and put it in the grass. Are you going to like that?	Yes
angry_12-129	/datasets/violence/audio/angry_12-129.wav	Oh fuck! Oh fuck no! Oh fuck!	Yes
angry_12-130	/datasets/violence/audio/angry_12-130.wav	HAHAHAHA Yeah son! Go on! What the fuck! Fuck you!	Yes
angry_12-132	/datasets/violence/audio/angry_12-132.wav	No? Give it all you goddamn want! Let me get your license plate, asshole!	Yes
angry_12-135	/datasets/violence/audio/angry_12-135.wav	Fuck you! Fuck you! Fuck you! Fucking asshole!	Yes
angry_12-136	/datasets/violence/audio/angry_12-136.wav	You think you're so goddamn funny? When you fucking cut me off I'm a	Yes
angry_12-137	/datasets/violence/audio/angry_12-137.wav	I almost fucking wrecked you, asshole! Film that! Goddamn it! Don't touch me! Don't touch me! You're the one who almost caused the wreck! That's fucking us all! Shut up!	Yes
angry_12-138	/datasets/violence/audio/angry_12-138.wav	Fuck off you fat ass! Film that fatty! Yup, fuck you. Fuck you too, what you gonna do about it? Get the fuck out of here, move! Oh really? Really?	Yes
angry_12-139	/datasets/violence/audio/angry_12-139.wav	Oh yeah fat boy, go fat boy, go fat boy! Fat boy! What the fuck you doing? I'm not a bunny, I'm a pumpkin butt!	Yes
angry_12-14	/datasets/violence/audio/angry_12-14.wav	Sean White? Yeah, you know, I mean, Sean White's here. Fucking helicopter in here, bang your mom and your girlfriend, and then set your board on fire.	Yes
angry_12-144	/datasets/violence/audio/angry_12-144.wav	Come on! This is a gun on a book Come on! What the fuck? Hey bitch!	Yes
angry_12-145	/datasets/violence/audio/angry_12-145.wav	What the fuck? I was playing. What the fuck you doing? I was playing. What the fuck?	Yes
angry_12-146	/datasets/violence/audio/angry_12-146.wav	We shout our asses, that's what we do. That's right. Everything, feel. No, don't touch, don't touch. Come on, come on. Come on, come on. Come on, come on.	Yes
angry_12-147	/datasets/violence/audio/angry_12-147.wav	Oh, shit. Fuckin' shit! Fuckin' shit! Oh, shit.	Yes
angry_12-15	/datasets/violence/audio/angry_12-15.wav	Well, tell you what, child white wouldn't piss around in a city park and do it. But just don't fuck around with my rails, because the neighbors will go ape shit. Okay. And I'm gonna deal with them for weeks. Okay.	Yes
angry_12-150	/datasets/violence/audio/angry_12-150.wav	You're talking to it! You're talking to the manager! Get out! You're not going to be standing here! Bye! Bye!	Yes
angry_12-152	/datasets/violence/audio/angry_12-152.wav	Tell me the price you want to keep on. So which one you want to go? Which one you want to go? You're not going to be served here. Which one you want to go? Go ahead.	Yes
angry_12-16	/datasets/violence/audio/angry_12-16.wav	We will get out of here. And I'll find out where you live, because I love doing that too. That's scary. I have no fucking life. I live in Reno. This is a shit hole. Okay, what do you think I have to do? Follow you guys around.	Yes
angry_12-17	/datasets/violence/audio/angry_12-17.wav	I live in Fallon. What's that? I live in Fallon. Well, that's a bigger shit hole. Yeah, it is. Too bad for you. It's pretty tight, though. Sucks for you. All right. Let's live in Maui, San Francisco, Santa Fe. Trust me.	Yes
angry_12-18	/datasets/violence/audio/angry_12-18.wav	nice places. I fucked up. I lost my home. Got divorced. Don't fucking do that either. Okay. But don't ride a board down here. All right. Don't do it. I'm just going to get to the neighbors.	Yes
angry_12-2	/datasets/violence/audio/angry_12-2.wav	plenty of bear hills over here but don't do it in the park. This stuff just fucks up the landscaping. Got your shovels, you got all this shit. I have to come over here and tear up all this shit.	Yes
angry_12-20	/datasets/violence/audio/angry_12-20.wav	I get paid for this shit. I'm strong and light, you know. I beat a tight little vagina, I'd bang him too.	Yes
angry_12-21	/datasets/violence/audio/angry_12-21.wav	I'm a whoremonger, trust me. I'm an angry fucking 50 year old guy, trust me.	Yes
angry_12-22	/datasets/violence/audio/angry_12-22.wav	I go out and I pump young girls.	Yes
angry_12-23	/datasets/violence/audio/angry_12-23.wav	I just fingered my baby sister. That's how I feel about it.	Yes
angry_12-26	/datasets/violence/audio/angry_12-26.wav	I'll tear it off. It's in the city park. I will tear the motherfuckin' rock. Does that make sense to you? You should be sparking up a bone. Just fucking get lit.	Yes
angry_12-28	/datasets/violence/audio/angry_12-28.wav	do it yeah break a man that way you make your bitch for life hey look at my that's what I want for winter I want girls naked	Yes
angry_12-40	/datasets/violence/audio/angry_12-40.wav	But you should do it a whole lot harder. Tell her. Tell mom. You tattlin'? Mom is gonna... You're gonna get grounded for tattlin'. Mom's gonna ground the hell out of you. Hey! What the heck?	Yes
angry_12-41	/datasets/violence/audio/angry_12-41.wav	Wait till mom comes to pick me up. No, there are enough F words coming out of his mouth that he should be ashamed of what he said. And he said his mouth...	Yes
angry_12-42	/datasets/violence/audio/angry_12-42.wav	didn't fire. You're getting his dad. Don't listen to him, he's crazy.	Yes
angry_12-43	/datasets/violence/audio/angry_12-43.wav	I hope his parents see it. I had his mom's number, you want to call her? And I hope she grounds him for eternity. Because you...	Yes
angry_12-45	/datasets/violence/audio/angry_12-45.wav	Even leaving you hanging boy leaving you hanging	Yes
angry_12-54	/datasets/violence/audio/angry_12-54.wav	I was there once. I'm trying to get some of the urbanized. Urbanized poo.	Yes
angry_12-6	/datasets/violence/audio/angry_12-6.wav	No, I'm gonna radical trust me boys fucking radical from the 70s hard fucking core Okay, all right gasoline. You know pour sugar in the gasoline	Yes
angry_12-67	/datasets/violence/audio/angry_12-67.wav	Watch out, police! I'm trying to disrespect your... Wait, what are they called? Hops? MOVE!	Yes
angry_12-69	/datasets/violence/audio/angry_12-69.wav	I got it though. I care how smart you are. Just touch me. I dare you to touch me. Just touch me. I'll close my eyes and let you in. Do it.	Yes
angry_12-7	/datasets/violence/audio/angry_12-7.wav	Set the fucking house on fire, fuck your girlfriend, that kind of radical. That's how bad I am. Really bad. Don't do it in the park.	Yes
angry_12-71	/datasets/violence/audio/angry_12-71.wav	conversation with the young man. I don't understand boy, why you got, look, look what you've done started. That made it ten times worse.	Yes
angry_12-76	/datasets/violence/audio/angry_12-76.wav	Remember this the rest of your life. You got- I-I will punch up this- Remember this the rest of your life. Get out of here! Get out of here! Remember this the rest of your life. You got treated like a little bitch.	Yes
angry_12-77	/datasets/violence/audio/angry_12-77.wav	If you touch this guy again, I'll break your head! Go drink some water, you bastard! What's that for a truck? The rest of your life, remember you got a truck like that. Oh, you got it!	Yes
angry_12-8	/datasets/violence/audio/angry_12-8.wav	up the landscaping, alright? Don't do it here. Every time it snows, my dick takes a beating with this shit. Really fucking hard.	Yes
angry_12-81	/datasets/violence/audio/angry_12-81.wav	Sorry! I'm sorry, I'm sorry! I forgot! Sorry! I forgot that you were a cunt! Sorry!	Yes
angry_12-94	/datasets/violence/audio/angry_12-94.wav	What are you gonna do? What are you gonna do? You gonna get me? You're gonna get me? Yo, she's just begging to be roasted right now, son.	Yes
angry_12-95	/datasets/violence/audio/angry_12-95.wav	Get the fuck out!	Yes
angry_14-38	/datasets/violence/audio/angry_14-38.wav	Fuck you bitch! Now! Whatever!	Yes
angry_14-40	/datasets/violence/audio/angry_14-40.wav	You better tell me you're in part of this shit. Fuck you bich! You're gonna work on me, you better go at home. For real? I know it. Yo! I know it.	Yes
angry_14-41	/datasets/violence/audio/angry_14-41.wav	Talk to me bitch, talk to me bitch, talk to me bitch, talk to me bitch.	Yes
angry_14-42	/datasets/violence/audio/angry_14-42.wav	You're out of your mind! I'm not going nowhere! Alright, just leave it on the hallway. What am I going to leave it on the wall? Just walk your way! Bitch!	Yes
angry_14-43	/datasets/violence/audio/angry_14-43.wav	James, shut up! Really? You serious? You serious? You're a grown ass man! What? You fucking 16!	Yes
angry_14-44	/datasets/violence/audio/angry_14-44.wav	I don't want that bitch! Stupid! Why you telling me to let it go? I'm not saying nothing! I don't have kids!	Yes
angry_14-45	/datasets/violence/audio/angry_14-45.wav	My kids, my baby daddy gonna smash him, smash him.	Yes
angry_14-46	/datasets/violence/audio/angry_14-46.wav	I'm talking. What kind of niggas get wild with a bitch? Y'all right. You hear that, girl? He can't talk. He can't talk. I will get out of the vehicle.	Yes
angry_14-48	/datasets/violence/audio/angry_14-48.wav	This is, you're raping me. This is rape, this is rape. This is rape. Ah! Ah! Okay. Relax your arms.	Yes
angry_14-54	/datasets/violence/audio/angry_14-54.wav	You're gonna get in so much trouble, you son of a bitch! You're gonna-	Yes
angry_14-55	/datasets/violence/audio/angry_14-55.wav	You don't even know what you're doing! I'm telling you, I'm gonna fucking sue you! Stop. What's your name? Argedona, Ard fucking Godona, you're gonna get arrested, you're gonna get fu-	Yes
angry_14-56	/datasets/violence/audio/angry_14-56.wav	Oh my god, you don't know your own laws! I'm whooping your motherfucking ass! I'm not playing!	Yes
angry_14-57	/datasets/violence/audio/angry_14-57.wav	I'm not playing. I'm gonna stump a mud hole in your ass and walk it dry. Tonight! If you don't have all of that shit on.	Yes
angry_14-58	/datasets/violence/audio/angry_14-58.wav	You got an excuse for every goddamn thing and it's a motherfucking lie. It ain't even an excuse, it's a motherfucking lie.	Yes
angry_14-60	/datasets/violence/audio/angry_14-60.wav	You must fucking think I'm stupid! You must think I'm stupid!	Yes
angry_14-61	/datasets/violence/audio/angry_14-61.wav	your mother stupid. All that shit that y'all do, we done did it six times already. So don't think you smarter than us.	Yes
angry_14-62	/datasets/violence/audio/angry_14-62.wav	You better get them goddamn books. That's all that's what I know and you better pass that motherfucking class Or your ass is stupid	Yes
angry_14-64	/datasets/violence/audio/angry_14-64.wav	10 minutes to do your goddamn homework and do your classwork and stop fucking talking and giggling. That goes for you too, Signe.	Yes
angry_14-65	/datasets/violence/audio/angry_14-65.wav	How the fuck we getting called? Oh, Sydney was giggling and laughing and playing with other goddamn students. Do your fucking work!	Yes
angry_14-67	/datasets/violence/audio/angry_14-67.wav	It's a damn shame because all y'all are smart. Y'all just don't want to do the fucking work. It ain't that hard. You do your homework. You do your classwork.	Yes
angry_14-68	/datasets/violence/audio/angry_14-68.wav	You fucking pass! If you don't know something, you ask a goddamn question! That's how simple it is!	Yes
angry_15-1	/datasets/violence/audio/angry_15-1.wav	I don't give a fuck about going to jail. That's the point. Why can't I give my shit, dude? Get what? My car. That's the only thing I can think of that's with my kid. Your name is not on it. My wife...	Yes
angry_15-10	/datasets/violence/audio/angry_15-10.wav	Fuck off! You fuck off! Go on! Go on! Fuck off! On engine!	Yes
angry_15-11	/datasets/violence/audio/angry_15-11.wav	You're a scardag! Fuck off now! You're a cold fuck-off! Fuck off! Come on! Come on, come on, come on! Fuck off! Fuck off! Fuck off!	Yes
angry_15-12	/datasets/violence/audio/angry_15-12.wav	Go on the fuck in the car! Go on! Fuck you! I won't fucking hit you! I'll kick you!	Yes
angry_15-19	/datasets/violence/audio/angry_15-19.wav	We have different. Are you the mom? No, no. Are you the mom? Not going nowhere. Not going nowhere. You touch me, you touch me.	Yes
angry_15-2	/datasets/violence/audio/angry_15-2.wav	I just picked up the car, man. Where the fuck you, dude? Okay, you're a fucking piece of shit. How the fuck you gonna do that to me? How you gonna do this, man?	Yes
angry_15-24	/datasets/violence/audio/angry_15-24.wav	Okay? You are crazy! I am crazy! You are dealing with a crazy one here! You are crazy! You know, if you talk a bitch, I'm a bitch!	Yes
angry_15-27	/datasets/violence/audio/angry_15-27.wav	Ring around the rosy, pockets full of pussies Hey! Weird. Watch.	Yes
angry_15-29	/datasets/violence/audio/angry_15-29.wav	I'm getting out of my car. You want a medal for being the creepiest person I've ever seen?	Yes
angry_15-3	/datasets/violence/audio/angry_15-3.wav	I'm the fucking other dude. At this point, I'm gonna have to go walk away from you. Why? It's the law, man. We don't ride it. Why the fuck can't I get my car back, man? Fuck you, you fucking punk.	Yes
angry_15-31	/datasets/violence/audio/angry_15-31.wav	She's gonna break my fucking window.	Yes
angry_15-32	/datasets/violence/audio/angry_15-32.wav	Two hours later Don't do that, don't do that! What are you doing? Now she's shaking my fucking car	Yes
angry_15-35	/datasets/violence/audio/angry_15-35.wav	Creepy lady.	Yes
angry_15-39	/datasets/violence/audio/angry_15-39.wav	I wish I was dead right now, can you please run me over?	Yes
angry_15-43	/datasets/violence/audio/angry_15-43.wav	What the fuck?	Yes
angry_15-48	/datasets/violence/audio/angry_15-48.wav	He just said he's gonna drag me off the train. If we have to, we will, yes. Come near me, it's an assault. Come near me, it's an assault! Because he just said he's gonna drag me off the train.	Yes
angry_15-49	/datasets/violence/audio/angry_15-49.wav	Get away from me. Then jump off. Get away from me. Come on in. You couldn't touch me. You couldn't touch me. Come on in. You first. Come on in. Get away. Let him try first. Come on. Come on in. That was one and one and first.	Yes
angry_15-51	/datasets/violence/audio/angry_15-51.wav	Alright, I'll turn you down mate. Stephen, it's only the first time, it's there to happen is it?	Yes
angry_15-52	/datasets/violence/audio/angry_15-52.wav	What do you mean, you fag? Fuck off!	Yes
angry_15-53	/datasets/violence/audio/angry_15-53.wav	Arrgh, Argentina! FUCKING?!?	Yes
angry_15-54	/datasets/violence/audio/angry_15-54.wav	What? Don't kick me. Get off me now. Get off! Get off!	Yes
angry_15-56	/datasets/violence/audio/angry_15-56.wav	If you ripped my coat, I swear to God.	Yes
angry_15-67	/datasets/violence/audio/angry_15-67.wav	I can call some bloods of the crypt, but how about the war I farmed up, bitch? Didn't I kick you in the goddamn open town for driving you down the goddamn alley?	Yes
angry_15-68	/datasets/violence/audio/angry_15-68.wav	Stay in L.A. motherfucker!	Yes
angry_15-69	/datasets/violence/audio/angry_15-69.wav	Check all this shit down, man.	Yes
angry_15-71	/datasets/violence/audio/angry_15-71.wav	Get the fuck out of here!	Yes
angry_15-72	/datasets/violence/audio/angry_15-72.wav	I'm gonna go down there and show them. Dig it! Dig it! This is world-class shit, though.	Yes
angry_15-8	/datasets/violence/audio/angry_15-8.wav	Fuck off! Who are you? Who are you? Nigga. I'll tell you what.	Yes
angry_15-9	/datasets/violence/audio/angry_15-9.wav	What the fuck did you do? What the fuck did you do? What the fuck did you do? What the fuck did you do? Get out of here!	Yes
angry_16-12	/datasets/violence/audio/angry_16-12.wav	I am done, she pulled out the pad. I am fucking done. Can I sneak up? What nigga? Do you want to see me go out, man? I'm going to the back floor. That's what I'm saying. One.	Yes
angry_16-14	/datasets/violence/audio/angry_16-14.wav	You're stuck, you're stuck. You gonna do all that? All that. You gonna do all that? All that shit. All that shit, nigga. It's my life I'm fighting for. I'm gonna fight.	Yes
angry_16-41	/datasets/violence/audio/angry_16-41.wav	Fuck out of here. Your man is a fucking fool. Anyway, mommy, I thought you were going to have a great girlfriend. And so was the man right there.	Yes
angry_16-43	/datasets/violence/audio/angry_16-43.wav	Go! Go! Go! Go! Whoa!	Yes
angry_16-44	/datasets/violence/audio/angry_16-44.wav	Get out of there! Get out of there! Don't take me! Don't stop! Stop!	Yes
angry_16-45	/datasets/violence/audio/angry_16-45.wav	Stop! Stop! Stop it! Come on! Stop! Stop! Stop! Get out!	Yes
angry_16-47	/datasets/violence/audio/angry_16-47.wav	No, you don't have to do that.	Yes
angry_16-6	/datasets/violence/audio/angry_16-6.wav	Got sandy cheese boy you ain't notice? Got a booty on him.	Yes
angry_16-7	/datasets/violence/audio/angry_16-7.wav	Do it for the camera. Do it for the camera right now. Do it for the camera. Do it for the camera. We don't know who you are yet. Straight Bulls outfit. It give you that power.	Yes
angry_16-8	/datasets/violence/audio/angry_16-8.wav	Show everything, let's see the ball outfit. No! Okay. Let's go. Okay. Okay. How you gonna get the ball? Don't trip.	Yes
angry_16-9	/datasets/violence/audio/angry_16-9.wav	I tripped before too! Don't trip! Don't trip! Don't trip now! Take everything off my nigga, take everything off! One side, one side! Get him! Get him now! Get him, you got him, you got him, you got him!	Yes
angry_17-10	/datasets/violence/audio/angry_17-10.wav	Go. It's on those cameras and it's going to be Do not touch me. I'm not taking a picture. I'm making sure that I'm going to	Yes
angry_17-11	/datasets/violence/audio/angry_17-11.wav	be safe whenever I walk out of here. What you mean? What you want to go though? Go, bye. This place is getting shut down. I will do what I can.	Yes
angry_17-12	/datasets/violence/audio/angry_17-12.wav	You suck my bitch for real? Get off of my face. You wanna get slapped? This is a... I'm calling the cops. I'm gonna fuck all the things in here.	Yes
angry_17-24	/datasets/violence/audio/angry_17-24.wav	and I did not take my pill today. Okay. So I'm telling you right now, I'm going to explode. Just don't explode on me. I'm going to write this up. Because right now, I can make a fist with no problem.	Yes
angry_17-25	/datasets/violence/audio/angry_17-25.wav	I broke many people's arms and I'm, because it's his fault. He's the one that crossed over in front of me. Don't break arms right now because I gotta get this written up, okay?	Yes
angry_17-28	/datasets/violence/audio/angry_17-28.wav	that shows up on YouTube, I will find you. And yes, it's a threat. Tell him to shut the camera off.	Yes
angry_17-29	/datasets/violence/audio/angry_17-29.wav	Honest Guard Officer, tell him to shut the camera off now. By law I can't. Honest Guard, this shows up on YouTube. Robinson, count she about coming after and her coming after.	Yes
angry_17-30	/datasets/violence/audio/angry_17-30.wav	I suggest you get in your vehicle sit on don't touch me Go sit in your vehicle	Yes
angry_17-31	/datasets/violence/audio/angry_17-31.wav	I don't like my picture taken! Ma'am, ma'am, listen to me. Sit in your vehicle. Tell him to shut it off now. Go sit in your vehicle or he can't take you, okay? Go sit in your vehicle. I do not want this on YouTube.	Yes
angry_17-32	/datasets/violence/audio/angry_17-32.wav	Tell him to shut it off now! Shut it off now! Okay, it's off. Shut it off now! Put the goddamn thing in your car now!	Yes
angry_17-33	/datasets/violence/audio/angry_17-33.wav	Listen, get in your vehicle or I'm going to arrest you for creative disturbance. Okay, do you understand me? Sit down, let me write this up, we'll get out of my underwears. He's taping me again!	Yes
angry_17-35	/datasets/violence/audio/angry_17-35.wav	I hate this stuff! I don't care! I want that off! I want that off! I want that off!	Yes
angry_17-36	/datasets/violence/audio/angry_17-36.wav	No! That is my right and I don't like that shit! I don't like to be on the internet at all! I don't believe in the internet! Please!	Yes
angry_17-37	/datasets/violence/audio/angry_17-37.wav	I'm not putting it on the YouTube, just getting that shit out. Yeah, he just said it was going on YouTube and I don't want it. So I'll be glad it's on YouTube, you guys are all gonna be fucking dead. Hey, ma'am. Oh, my God. You know what?	Yes
angry_17-40	/datasets/violence/audio/angry_17-40.wav	Now, sit down and shut up. I'm gonna treat you like a five-year-old until you learn to behave yourself. I don't care what you like, what you don't like. You shut up. I don't like you driving that car into public.	Yes
angry_17-41	/datasets/violence/audio/angry_17-41.wav	Okay? Put the word on you if you don't want to be caught and killed. Put the word on you. You say you're trying to cover that phone, you're trying to sue me, you're going to kill me.	Yes
angry_17-42	/datasets/violence/audio/angry_17-42.wav	Sit down and shut up!	Yes
angry_17-44	/datasets/violence/audio/angry_17-44.wav	You got your drive-by stretch for George or anybody? I do, I'm so sorry. Nah, she's about to go to jail, she don't shut her mouth.	Yes
angry_17-45	/datasets/violence/audio/angry_17-45.wav	God, this is not looking good! Hush, I'm not coming! You're like a disease! I'm the truth! And you're an unwanted tribe!	Yes
angry_17-47	/datasets/violence/audio/angry_17-47.wav	You better be the driver, why wouldn't you drive you around? Why wouldn't you drive your fucking butt around? I'm not gonna drive you around! I'm not gonna drive you around!	Yes
angry_17-48	/datasets/violence/audio/angry_17-48.wav	You know there's been two suicide bus drivers in this city already. Shut up! Slam the bus straight into the wall, man! Shut the fuck up! You're retarded, girl! You're so retarded, man!	Yes
angry_17-51	/datasets/violence/audio/angry_17-51.wav	lay off that crack. I'm calling the Messiah I'll kill you, serve the Jews or die. You have no idea what you're talking about. I'm part of the Reddys campaign and I don't ever want the Messiah.	Yes
angry_17-52	/datasets/violence/audio/angry_17-52.wav	I want you to be completely abandoned and I want you to turn into a slave. There's no point in a reason. I'm a Jew, it's not my fault, I killed the retired Nazis.	Yes
angry_17-54	/datasets/violence/audio/angry_17-54.wav	Every mix what I do kills you not.	Yes
angry_17-55	/datasets/violence/audio/angry_17-55.wav	Every enemy I kill is off the Jewish people. Now shut your nasty mouth up, or shut the cock. How much cock have you...	Yes
angry_17-56	/datasets/violence/audio/angry_17-56.wav	You suck that cup! Put it in your throat girl, you got to get that cup in your beard! You little ho! You little naughty girl, you're naughty! You're naughty! I	Yes
angry_17-57	/datasets/violence/audio/angry_17-57.wav	I will call around my house if I curse you in the shop. Please be quiet. Please. Come around my house if I curse you in the shop. Are you listening? Yes. Yeah. I'm listening. Be quiet. Go outside and look.	Yes
angry_17-7	/datasets/violence/audio/angry_17-7.wav	You're cursing. Are you serious? Are you serious? Are you... You cannot treat people like this. This is your...	Yes
angry_17-9	/datasets/violence/audio/angry_17-9.wav	ice cream and they gave me some garbage and I'm not gonna eat it. Really? Really? Okay. Get out of here. And you're rude. Go ahead bro, go ahead. You are so rude. You gotta give a 4-3. Bitch I- You are so rude.	Yes
angry_18-1	/datasets/violence/audio/angry_18-1.wav	You just take a picture motherfucker. Oh for shit. You could have scanned this. You could have scanned this. When you sit down and went in FBI with that punk ass shit over 250.	Yes
angry_18-12	/datasets/violence/audio/angry_18-12.wav	Get out! We go!	Yes
angry_18-13	/datasets/violence/audio/angry_18-13.wav	Don't do that anymore. Don't do that to the Korean. Don't do that! You're not going to ask the customer to check the price. I said I'm sorry. I didn't get anything.	Yes
angry_18-14	/datasets/violence/audio/angry_18-14.wav	No, you did? No, because you pointed your finger. No, before I did, you did too many things I couldn't do. You failed. You're supposed to not walk here.	Yes
angry_18-15	/datasets/violence/audio/angry_18-15.wav	Your job is not for you! Your job is not for you! What? Don't you like to quarrel? Do you understand?	Yes
angry_18-16	/datasets/violence/audio/angry_18-16.wav	You do so many times to the Korean. And they do not know how to speak in English. That's why you need to make up. Old, no makeup.	Yes
angry_18-18	/datasets/violence/audio/angry_18-18.wav	Cry doesn't mean anything. Cry doesn't mean anything. So what do you want to do to me? I'm here right now. I do. I do.	Yes
angry_18-2	/datasets/violence/audio/angry_18-2.wav	You call the staff, don't tell me what that. Hey, Bush, you can't tell them anyway. So don't use that. I'm gonna cash it. That ain't no big tag. You're making a big tag out of it.	Yes
angry_18-3	/datasets/violence/audio/angry_18-3.wav	You want to scare them now? I thought I had to get in line to scare them. You guys have money? I need the paper. Come on, you got fucking...	Yes
angry_18-33	/datasets/violence/audio/angry_18-33.wav	Can you speak English? Probably not. Can you speak English?	Yes
angry_18-34	/datasets/violence/audio/angry_18-34.wav	Can you speak English? Okay son, you're arrested. Arrest! Dishonesty!	Yes
angry_18-35	/datasets/violence/audio/angry_18-35.wav	And we know where he works!	Yes
angry_18-4	/datasets/violence/audio/angry_18-4.wav	Here. My bullshit, this is bullshit. I come in and get my prescription all the fucking time. I don't steal nothing. I'm gonna kiss my ass with that bullshit.	Yes
angry_18-5	/datasets/violence/audio/angry_18-5.wav	Calm down. You ready? You finished? You little sissy, you happy? Look at you, you smug as fuck. There you little bitch.	Yes
angry_18-6	/datasets/violence/audio/angry_18-6.wav	You ha- now you ain't got nothing fucking hard to do! Jump on the motherfuck about 250 news papers! Okay, have a good day! Fuck you John Wayne and you too John Wayne! Have a good day sir! I ain't even have one about- cause I got you guys fucked in the-	Yes
angry_18-7	/datasets/violence/audio/angry_18-7.wav	Yeah, whatever. Even if it's an evening anyway, I'm gonna do better. And I'm gonna fuck with you, nigga lady. With your ugly ass. Thank you, medical care.	Yes
angry_19-15	/datasets/violence/audio/angry_19-15.wav	I'm not taking that. I mean how far back do you freaking go?	Yes
angry_19-2	/datasets/violence/audio/angry_19-2.wav	Fucking coming out!	Yes
angry_19-3	/datasets/violence/audio/angry_19-3.wav	You were in the public ha- you were in a public place! It doesn't fucking matter! It's against the law to take our picture without our fucking- No it's not! Don't fucking touch me, man! Fucking swear to God!	Yes
angry_19-39	/datasets/violence/audio/angry_19-39.wav	Fucking Allah. Allah. You fucking Muslim. Yeah, you got problems lady. I have...	Yes
angry_19-4	/datasets/violence/audio/angry_19-4.wav	Fuck off!	Yes
angry_19-40	/datasets/violence/audio/angry_19-40.wav	Oh yeah, you got serious problems.	Yes
angry_19-41	/datasets/violence/audio/angry_19-41.wav	You got serious problems, lady.	Yes
angry_19-42	/datasets/violence/audio/angry_19-42.wav	Fucking olive get out of here get out of here bitch All right, you're you're what you say	Yes
angry_19-43	/datasets/violence/audio/angry_19-43.wav	I'm telling you I hate you! Good, awesome, awesome, get out of here! You kidding me right now? Oh totally!	Yes
angry_19-53	/datasets/violence/audio/angry_19-53.wav	We'll let it slide, but I'm glad I made it in time. No, I'm not making it slide, I'm telling you. No, you're gonna turn the goddamn camera off. No, no, step away from my shit. How about that?	Yes
angry_19-54	/datasets/violence/audio/angry_19-54.wav	You know what, I will, and then I'm gonna take that camera and put it in the grass, are you gonna like that?	Yes
angry_19-55	/datasets/violence/audio/angry_19-55.wav	Step back.	Yes
angry_19-56	/datasets/violence/audio/angry_19-56.wav	Stop it. Seriously? Yes. Why are you videotaping me right now? You're touching me. Why are you hitting me, lady? No, you're touching me. Why are you hitting me?	Yes
angry_19-57	/datasets/violence/audio/angry_19-57.wav	Don't touch me! Get out of here! Don't touch me! Don't touch me! Wave! What the fuck you doing? You wanna rape me? What are you doing? I'm not touching you! Stop hitting me lady! Oh help me!	Yes
angry_19-58	/datasets/violence/audio/angry_19-58.wav	Stop hitting me lady! Help me! Help me! Help me! Help me! Help me! Help me!	Yes
angry_19-59	/datasets/violence/audio/angry_19-59.wav	Oh, help me. Oh, Mike. Lady, you're scaring me. I know, you're scaring me. You're scaring me too.	Yes
angry_19-6	/datasets/violence/audio/angry_19-6.wav	Fuck!	Yes
angry_19-60	/datasets/violence/audio/angry_19-60.wav	Sir, get away from me. Get away from me, you're scaring me. Why did you come into my room like this? Why did you come into my room?	Yes
angry_19-61	/datasets/violence/audio/angry_19-61.wav	and the three of you threatened me like this. Why did you come in here and threaten me like this? Please get out of my room. Please get out of my room.	Yes
angry_19-62	/datasets/violence/audio/angry_19-62.wav	The hell me? He wants to rape me! I promise I won't squeal on you anymore! I'll do anything you want!	Yes
angry_19-64	/datasets/violence/audio/angry_19-64.wav	and get out of my room. Please call the cops and get out of my room. I was trying to get out of your room you won't let me. Yeah that's why you were	Yes
angry_19-65	/datasets/violence/audio/angry_19-65.wav	grabbing for the can. Call the cops then. Call the cops then. Get the cops here. I don't have a phone you call. You have a phone right in your hand. Your boyfriend has a phone.	Yes
angry_19-66	/datasets/violence/audio/angry_19-66.wav	Your boyfriend has a phone right there. Call the cops! Are you alright? Please call the cops! Are you alright? Yeah. What the fuck?	Yes
angry_19-67	/datasets/violence/audio/angry_19-67.wav	fucking crocodile tears. I hate you for doing that to me! You better fucking relax! You're fucking going up there! Keep it up! Call the police!	Yes
angry_19-69	/datasets/violence/audio/angry_19-69.wav	I never touched her. I never touched her. I never touched her. I opened up my door for you and the three of you come storming in on me.	Yes
angry_19-70	/datasets/violence/audio/angry_19-70.wav	You have no right to be storming in on me like this.	Yes
angry_19-71	/datasets/violence/audio/angry_19-71.wav	in you know what fucking rock yeah I don't the cops coming right now	Yes
angry_20-10	/datasets/violence/audio/angry_20-10.wav	He's 18! I'll call the cops out! He's 18! I'm gonna call him and tell him! Don't film my wife!	Yes
angry_20-100	/datasets/violence/audio/angry_20-100.wav	Hold on, hold on. Shit. Let him go. Let him go. Let him go.	Yes
angry_20-107	/datasets/violence/audio/angry_20-107.wav	I'm gonna go in there. I'm gonna go in there. Ha ha ha! I think you've got a sticky seat. Oh, it's a bitch.	Yes
angry_20-108	/datasets/violence/audio/angry_20-108.wav	You gotta stick on some dicks.	Yes
angry_20-11	/datasets/violence/audio/angry_20-11.wav	This is public property. I can do whatever I want to. She's called a motherfucker! That's what she says! I did not! Thank you very much! I did not swear!	Yes
angry_20-111	/datasets/violence/audio/angry_20-111.wav	We're just the fuckers, you don't get no ground bitch. You don't get no ground bitch. We don't get no ground bitch. I'm not your bitch. I'm not your bitch.	Yes
angry_20-112	/datasets/violence/audio/angry_20-112.wav	So give it back! Give her back! Give her back! Give her back! Give her back!	Yes
angry_20-118	/datasets/violence/audio/angry_20-118.wav	You're videotaping me right now! Why are you hitting me, lady? Why are you hitting me, lady? Don't touch me! Don't touch me!	Yes
angry_20-119	/datasets/violence/audio/angry_20-119.wav	What the fuck you doing? Why am I not touching you? Stop hitting me lady! Stop hitting me lady! Help me!	Yes
angry_20-12	/datasets/violence/audio/angry_20-12.wav	you did swear and you said don't get it get off my fucking property don't touch my stuff how many times have I told you nicely not to touch my stuff and I'm like I have not touched your stuff	Yes
angry_20-120	/datasets/violence/audio/angry_20-120.wav	Help me! Help me! Help me! Help me! Oh Mike!	Yes
angry_20-121	/datasets/violence/audio/angry_20-121.wav	Lady you're scaring me. I know you're scaring me. You're scaring me too sir get away from me. Get away from me you're scaring me.	Yes
angry_20-122	/datasets/violence/audio/angry_20-122.wav	Why did you come into my room like this? Why did you come into my room and the three of you threaten me like this? Why did you come in here and threaten me?	Yes
angry_20-125	/datasets/violence/audio/angry_20-125.wav	Please call the cops and get out of my room.	Yes
angry_20-128	/datasets/violence/audio/angry_20-128.wav	Please call the cops Fucking crocodile tears	Yes
angry_20-130	/datasets/violence/audio/angry_20-130.wav	Both of them I never touched, you never made client burn	Yes
angry_20-131	/datasets/violence/audio/angry_20-131.wav	I opened up my door for you and the three of you come storming in on me. You have no right to be storming in on me like this. You have no right to be storming in on me like this.	Yes
angry_20-132	/datasets/violence/audio/angry_20-132.wav	Storming in on me like this. Just get the fuck out of here. You have no right to be storming in on me like this. I'm not storming in. You know what? I need to fucking rock this shit, man. Count on the cops coming. Count on it right now.	Yes
angry_20-133	/datasets/violence/audio/angry_20-133.wav	Get over here, you! The fuck is wrong with you?	Yes
angry_20-140	/datasets/violence/audio/angry_20-140.wav	I'll sue you. I'm recording you right now.	Yes
angry_20-142	/datasets/violence/audio/angry_20-142.wav	Good job! You just destroyed our vehicle. I got money coming in, I ain't nothing to me.	Yes
angry_20-146	/datasets/violence/audio/angry_20-146.wav	If you touch my things or me, you're going away.	Yes
angry_20-152	/datasets/violence/audio/angry_20-152.wav	What you're doing right now is crazy. I don't think anybody would disagree with that. This is our property you're destroying.	Yes
angry_20-154	/datasets/violence/audio/angry_20-154.wav	She's destroying our vehicle. You see that shit? See how crazy that is? I'm recording it all.	Yes
angry_20-156	/datasets/violence/audio/angry_20-156.wav	It's in both of our names, it's my shit I can destroy it. Boy you're crazy. 4K40883 Ford.	Yes
angry_20-158	/datasets/violence/audio/angry_20-158.wav	She's probably gonna hurt me after this	Yes
angry_20-160	/datasets/violence/audio/angry_20-160.wav	Fucking coming at me!	Yes
angry_20-161	/datasets/violence/audio/angry_20-161.wav	and take fucking pictures! You are in the public ha- you're in a public place! It doesn't fucking matter! It's against the law to take our picture without our fucking- No it's not! Don't fucking touch me, man! Fucking swear to God!	Yes
angry_20-162	/datasets/violence/audio/angry_20-162.wav	Fuck off!	Yes
angry_20-164	/datasets/violence/audio/angry_20-164.wav	Fuck!	Yes
angry_20-169	/datasets/violence/audio/angry_20-169.wav	Get out of here, come on. We're going to that, please. She's got niggas, yo! Get out of here. She's got niggas, yo! She's got niggas, yo! Yo, why you got no, why you got type of old shirts? That's it. Yo, peace.	Yes
angry_20-172	/datasets/violence/audio/angry_20-172.wav	Oh, wow, you wildin'! Wow! Hey, you gotta pay for that! Yo, he just robbed it, yo, please! Hey, yo! Yo, that nigga just robbed Al Quizi, yo!	Yes
angry_20-202	/datasets/violence/audio/angry_20-202.wav	Fucking Allah, Allah, you fucking Muslim. Yeah, you got problems lady.	Yes
angry_20-203	/datasets/violence/audio/angry_20-203.wav	Oh yeah, you got serious problems.	Yes
angry_20-204	/datasets/violence/audio/angry_20-204.wav	You got serious problems, lady.	Yes
angry_20-205	/datasets/violence/audio/angry_20-205.wav	Fucking olive! Get outta here! Get outta here, bitch!	Yes
angry_20-206	/datasets/violence/audio/angry_20-206.wav	Get the fuck out! You're the one outside! I don't hear what you say!	Yes
angry_20-207	/datasets/violence/audio/angry_20-207.wav	I'm telling you I hate you! Good, awesome, awesome, get out of here! You kidding me right now? Oh, totally!	Yes
angry_20-21	/datasets/violence/audio/angry_20-21.wav	We've been living here for 30 years and I've never had a... Okay so no one said anything to you. You're the only idiot that comes...	Yes
angry_20-23	/datasets/violence/audio/angry_20-23.wav	What kind of balls do you shoot? Me? I don't know. I got this in my pocket.	Yes
angry_20-26	/datasets/violence/audio/angry_20-26.wav	Maybe. Maybe, I was sitting on my back porch on the screen and that thing comes flying through me through the ball of it. Something came through like that. I don't remember what ball, it might be mine.	Yes
angry_20-27	/datasets/violence/audio/angry_20-27.wav	Well, if you can't shoot straight, you ain't got no been a shooting on this golf course, because it went through my screen. That's part of golf.	Yes
angry_20-36	/datasets/violence/audio/angry_20-36.wav	I don't remember my ball in it. I'm going to let go of course. And I'm going to get you a life attack when you leave.	Yes
angry_20-44	/datasets/violence/audio/angry_20-44.wav	I'm sorry, I'm sorry my ball went to the left. Well if you shoot you should be able to shoot straight. I wish I could. Look, don't be shooting on the damn golf course.	Yes
angry_20-48	/datasets/violence/audio/angry_20-48.wav	fast, the ball takes off. Where it goes past that. No, no, no, I'm gonna watch it when you leave. I'm gonna follow you. I'm telling you, I didn't drive. If you follow me, I will call the police.	Yes
angry_20-49	/datasets/violence/audio/angry_20-49.wav	I don't give a damn who you call, I got the balls where you pull my strings. What's going on YouTube? And I guarantee you that the balls won't come up to me. I had the shot of my career.	Yes
angry_20-5	/datasets/violence/audio/angry_20-5.wav	You're the one who asked me about this. I don't like your wife coming and attacking my son and swearing up a storm like that. I'm like, talking like I don't care.	Yes
angry_20-58	/datasets/violence/audio/angry_20-58.wav	You have a dog that goes in the water and gets eaten by a shark. I thought you were good, man. I shanked it.	Yes
angry_20-66	/datasets/violence/audio/angry_20-66.wav	I mean it couldn't have went through the whole goddamn screen, motherfucking thing, right? It went through the screen and it's about...	Yes
angry_20-71	/datasets/violence/audio/angry_20-71.wav	Hey, hey, hey, hey! Follow me. Mama! If you follow, I'll give you a little proof. Hey! What proof do you have? Hey! Hey, hey, hey, hey, hey, hey, hey! Relax. You're following me. Mama! If you, if you follow me... Hey! What, what proof do you have? Hey! My fingerprint's out. Hey, hey, hey, hey, hey, hey, hey, hey, hey! Relax!	Yes
angry_20-73	/datasets/violence/audio/angry_20-73.wav	I'm gonna tell you something. I don't know if it's my fault. It's my business because you're stopping me right now on the fucking course. That's why it's my fucking business, guy. Fucking guy.	Yes
angry_20-86	/datasets/violence/audio/angry_20-86.wav	No, no step away from my shit. How about that?	Yes
angry_20-87	/datasets/violence/audio/angry_20-87.wav	what I will and then I'm going to take that camera and put it in the grass or even like that.	Yes
angry_20-88	/datasets/violence/audio/angry_20-88.wav	Step back.	Yes
angry_20-89	/datasets/violence/audio/angry_20-89.wav	Stop it.	Yes
angry_20-91	/datasets/violence/audio/angry_20-91.wav	Come on, get your pants on, please step out. Come on, come on. Get your pants on. Get your pants on.	Yes
angry_21-16	/datasets/violence/audio/angry_21-16.wav	and from work all the time, and all the metronome to my parents house in Garrison. But you claim that I, oh, I touched you, oh I'm sorry, now I need to be done.	Yes
angry_21-17	/datasets/violence/audio/angry_21-17.wav	Alright, please pick me up. I do not I want my money back providing this train. Don't put your hands on me Actually, I would prefer to have my money back	Yes
angry_21-18	/datasets/violence/audio/angry_21-18.wav	Get the Metro North and buy money. Don't touch me. That's number one. I don't need to touch you. Get away from me. Get away from me. I was on my way walking away from you.	Yes
angry_21-25	/datasets/violence/audio/angry_21-25.wav	Hey, you're good, dude. Damn, your pupils is big as fuck. Bro, you're good. I did drugs. You did drugs? What kind of drugs did you do? LSD and ecstasy. I told you!	Yes
angry_21-26	/datasets/violence/audio/angry_21-26.wav	It was on acid, god damn it. Dude, it's okay. You're gonna be fine, bro. Hold on, fool. You're gonna be fine. Oh! Oh! I can't.	Yes
angry_21-27	/datasets/violence/audio/angry_21-27.wav	What is going on? Yo, so this guy is hella freaking out and he's on drugs and he needs help. You're wasting memory on your phone. I'm not wasting memory.	Yes
angry_21-30	/datasets/violence/audio/angry_21-30.wav	I'm really just not feeling this one. I'm about to die. You guys, I'm freaking out. Dude, you're good, bro. I'm freaking out. I think I'm...	Yes
angry_21-31	/datasets/violence/audio/angry_21-31.wav	You're not going to die, I promise. I don't know where I am. You're not going to die. I promise, I have no idea.	Yes
angry_21-32	/datasets/violence/audio/angry_21-32.wav	where I am. You're at the water park, waiting wild. Fuck. Are you alright man? Fuck, no, I'm not. I just almost died.	Yes
angry_21-33	/datasets/violence/audio/angry_21-33.wav	You're not gonna die, dude, I promise. Yeah, no, I'm freaking out. Why are you freaking out? I don't know, no, I need to go to a hospital. You need to go to a hospital. Mom, someone, help me, help me, help me!	Yes
angry_21-34	/datasets/violence/audio/angry_21-34.wav	Help me, help me, help me, I'm freaking out! How about the water park, White and Wild? I'll have something to eat at White and Wild, yeah.	Yes
noviolence_01-1	/datasets/violence/audio/noviolence_01-1.wav	Hey guys, Rafe here from Evolvmue Play. Today I'm here with the Sturrets, Juliette and Kelly. These guys are some of my best friends in the movement world. Way back when...	No
noviolence_01-10	/datasets/violence/audio/noviolence_01-10.wav	that for years. You've worked with Karl Powley with the gymnastics stuff, you've done some parkour and	No
noviolence_01-100	/datasets/violence/audio/noviolence_01-100.wav	seeing and so you know and it's all compounded it's the food it's the sedentary and we've seen this in the Marines the you know the wheat because we get to see so many broad communities	No
noviolence_01-101	/datasets/violence/audio/noviolence_01-101.wav	and so many disparate communities. Everyone's talking about the same thing. The young Marines who come in now, they're like, they're not off the farm, they cannot work, they have terrible mechanics, their feet are already collapsed.	No
noviolence_01-102	/datasets/violence/audio/noviolence_01-102.wav	And then we're like, okay, let's do the things that we know we need to do to be soldiers and it's a disaster Well, and you think I mean we've worked with a bunch of professional athletes like Seahawks level athletes who	No
noviolence_01-103	/datasets/violence/audio/noviolence_01-103.wav	go to their two-a-day practices and sit for every other. I mean, these are professional athletes. They're in the film room all day long. They're flying all day long. And it's not just...	No
noviolence_01-104	/datasets/violence/audio/noviolence_01-104.wav	in that environment though because that's what they were doing in high school, right? They were specialized middle school. It's over and over again. So we're essentially taking...	No
noviolence_01-105	/datasets/violence/audio/noviolence_01-105.wav	making human children and saying just don't behave like a human. Well, let's not say human children. Let's say we're finally having a philosophical debate about what it means to be human.	No
noviolence_01-106	/datasets/violence/audio/noviolence_01-106.wav	What it means is, do you understand what a good spinal position is? You know, some physios have come at us lately from Australia and New Zealand, and they're like, hey look.	No
noviolence_01-107	/datasets/violence/audio/noviolence_01-107.wav	There is no correlation between postural dysfunction and pain. And I was like, hey, who's talking about pain here? What I can tell you is that your airway is compromised.	No
noviolence_01-108	/datasets/violence/audio/noviolence_01-108.wav	You can't put your shoulders over your head. Yeah, it may or may not cause pain, but that is the least of the conversation May or may not cause pain today, but what are we talking about? It may or may not. 30 years. It may or may not.	No
noviolence_01-109	/datasets/violence/audio/noviolence_01-109.wav	not cause pain under the metrics that we're looking at in that sample size. But ask yourself, how does it feel, right? Or how functional is it?	No
noviolence_01-11	/datasets/violence/audio/noviolence_01-11.wav	That's wonderful to me to see people who have that kind of broad spectrum movement. I'm curious, at this stage in your careers and your lives, what your movement practice looks like right now. Oh, it's simple.	No
noviolence_01-110	/datasets/violence/audio/noviolence_01-110.wav	Show me your backflip. Show me your arms are over the head. So what I think is happening is we're starting to all agree on a language of the spine and a language of the shoulder.	No
noviolence_01-111	/datasets/violence/audio/noviolence_01-111.wav	And we're saying if these are the things that we should be able to should be able to hit Panjsh build a squash build a somersault	No
noviolence_01-112	/datasets/violence/audio/noviolence_01-112.wav	Why can't you do a handstand yet? You know what I mean? There's some fundamental pieces that make us human.	No
noviolence_01-113	/datasets/violence/audio/noviolence_01-113.wav	And I think what's happening now is we can start to have a greater conversation about saying, what is it about the environment that isn't reflected in the physiology and more important	No
noviolence_01-114	/datasets/violence/audio/noviolence_01-114.wav	the movement because that's the thing that we are movement animals. Yeah absolutely. What we saw at our kids school because we volunteer at field day every year because it's super fun is we like to do	No
noviolence_01-115	/datasets/violence/audio/noviolence_01-115.wav	the sack races and we saw a lot of the kids literally lacked the range of motion to get into the sack. They couldn't put their hip up. They couldn't bring their hip to gear to get the sack up. They didn't have hip range of motion. And then...	No
noviolence_01-116	/datasets/violence/audio/noviolence_01-116.wav	I mean then it was a whole different story when we actually got them to try to jump. I mean a lot of the kids literally didn't have enough hip extension to jump. I mean you know every kid should be able to do a sac race like it's their jump.	No
noviolence_01-117	/datasets/violence/audio/noviolence_01-117.wav	You know, and we try to throw in little things like do a forward roll and, you know, with the sack on and, you know, maybe only 10% of the kids could actually do a forward roll. You know, a lot of kids would just kind of fall and, you know, squirm around on the ground.	No
noviolence_01-118	/datasets/violence/audio/noviolence_01-118.wav	And that was what was, you know, because the only thing in their life that could cause that kind of orthopedic dysfunction is sitting too much. So we had this moment where we were like, oh my god, why did I...	No
noviolence_01-119	/datasets/violence/audio/noviolence_01-119.wav	didn't we realize this earlier? You know, we've been telling everybody you can't sit and we've been talking to professional teams and military and getting all these cool photos from people all over the world have created these makeshift standing desk.	No
noviolence_01-12	/datasets/violence/audio/noviolence_01-12.wav	The evolutions, you go back to bicep curls, we're doing 21s. Yeah, yeah, yeah. For time. Lots of abs. You know, what's interesting, Juliette and I spent.	No
noviolence_01-120	/datasets/violence/audio/noviolence_01-120.wav	And then we're just carting our own kids off and they're sitting all day at school. So we were kind of horrified when we realized that. With our 10 year old now, Georgia started to walk more and more like a duck. And she was basically...	No
noviolence_01-121	/datasets/violence/audio/noviolence_01-121.wav	growing like a weed and starting to solve mechanical problems. She was starting to self organize in a critically difficult way. And this is just going to be an ACL statistic. I guarantee you higher Q angle than my other dog.	No
noviolence_01-122	/datasets/violence/audio/noviolence_01-122.wav	right? Georgia or Carolina and Juliet, they're almost varus in their like bow-legged like torque pigs that you guys are.	No
noviolence_01-123	/datasets/violence/audio/noviolence_01-123.wav	And then, George and I have a higher cue angle, right? Yeah. But there she was, twisting. We were taking her to a rolfer. We were trying to move. And it was only until we removed the noxious stem.	No
noviolence_01-124	/datasets/violence/audio/noviolence_01-124.wav	sitting that we literally have started to see her unwind.	No
noviolence_01-125	/datasets/violence/audio/noviolence_01-125.wav	but we were going down the path. When we wrote ready to run, we noticed that all of the first graders, kindergartners run beautifully. They run like.	No
noviolence_01-126	/datasets/violence/audio/noviolence_01-126.wav	They run like human beings, they're supposed to run. It doesn't matter what's on their feet. They pull, they fall. It's like you can't. They don't need to warm up before they can recess. No, sprint. Beginning of first grade, same thing, halfway through first.	No
noviolence_01-127	/datasets/violence/audio/noviolence_01-127.wav	grade half the cohorts splits and you start to see hill striking you're like whoa whoa whoa this kids went home and asked for a bunch of heel strike for Christmas like what you're seeing is that they have adapted to that	No
noviolence_01-128	/datasets/violence/audio/noviolence_01-128.wav	that habitus pattern and now we can start to have this conversation. What does it mean to be a human being? Yeah, and then can I make the environment reflective?	No
noviolence_01-129	/datasets/violence/audio/noviolence_01-129.wav	It's not like technology is not going away You know our kids are gonna be on technology for their whole lives a lot and we limit we limited our house We limit it, but nevertheless. It's gonna be a huge	No
noviolence_01-13	/datasets/violence/audio/noviolence_01-13.wav	our whole lives.	No
noviolence_01-130	/datasets/violence/audio/noviolence_01-130.wav	huge part of their lives, even more part of their lives than it is part of ours. So it's this thing of how do we make the environment work with their physiology. And we can't even limit it too much because if you know that they're going to...	No
noviolence_01-131	/datasets/violence/audio/noviolence_01-131.wav	have to have competency with technology to be successful in this modern world. So we have to teach our kids the same way we teach them to brush, you know, to brush their teeth or eat or this is how we sleep.	No
noviolence_01-132	/datasets/violence/audio/noviolence_01-132.wav	but this is how we interact. This is what it means to inoculate yourself. And once again, we start taking away movement variability. So...	No
noviolence_01-133	/datasets/violence/audio/noviolence_01-133.wav	If you're standing on your desk and your desk is this high, go ahead and try to slouch. You can't. And we've automatically protected you. And so I think that's what we want.	No
noviolence_01-134	/datasets/violence/audio/noviolence_01-134.wav	is if we give people an organizing principle, then suddenly they can apply that to, hey, what environment am I in? What decisions can I make at the moment?	No
noviolence_01-135	/datasets/violence/audio/noviolence_01-135.wav	try to reflect and respect who I am as a moving animal. Yeah, that's beautiful. One thing I talk about with my clients is this idea of movement hygiene, right? So yeah, you're practicing. You have a prac-	No
noviolence_01-136	/datasets/violence/audio/noviolence_01-136.wav	that's maybe an hour a day. What's happening those other 23 hours of the day? So you.	No
noviolence_01-137	/datasets/violence/audio/noviolence_01-137.wav	You can't fix these problems within that spell. Even two hours, even three hours. Because how many hours are you sitting on top of that?	No
noviolence_01-138	/datasets/violence/audio/noviolence_01-138.wav	and the way that you're sitting and the way that you're driving. You know, one thing, so my bad pattern historically is a lot of kyphosis. So I'm driving in the car with my wife and I'm talking to her and I'm like...	No
noviolence_01-139	/datasets/violence/audio/noviolence_01-139.wav	this again aren't I? Like if I pay attention. But I can feel it. I can feel like oh that that that when I actually pay attention when I start	No
noviolence_01-14	/datasets/violence/audio/noviolence_01-14.wav	play as whitewater athletes so you know we were we were mountain bikes we ran we were outdoors and then we backdoored him because you know 15 years ago	No
noviolence_01-140	/datasets/violence/audio/noviolence_01-140.wav	paying attention to my body's feedback. That's not good. It's lazy. I'm just sitting on these tissues. How about not lazy, but how about deeply patterned? Deeply patterned.	No
noviolence_01-141	/datasets/violence/audio/noviolence_01-141.wav	The neurobiology is known to us now that these you're wired for movement and that those neural pathways wire together and say hey This is the default. I'm stressed you default	No
noviolence_01-142	/datasets/violence/audio/noviolence_01-142.wav	to what you know and what you've practiced the most, and why would your physiology or your mechanics be any other way? In fact, we know it is.	No
noviolence_01-143	/datasets/violence/audio/noviolence_01-143.wav	You know, it's a movement is a physical manifestation of what's happening in the brain. That's all it is. Yeah. Yes, I mean, and you can't tell me that this is in a better shoulder position than this.	No
noviolence_01-144	/datasets/violence/audio/noviolence_01-144.wav	You may still be world champion in the world, but guess what? Someday, this is the limiting factor. I'll catch up with you. You know what I think, what I've come to believe is even though we own a gym and we of course believe in the world, we're going to be able to do it.	No
noviolence_01-145	/datasets/violence/audio/noviolence_01-145.wav	in exercising and movement practice that I think I actually value that less now than the concept of moving all day. You know I mean I read recently that the	No
noviolence_01-146	/datasets/violence/audio/noviolence_01-146.wav	gym memberships in this country literally track perfectly with the increase in obesity, right? So that's not working. Like people going to the gym for an hour a day is not solving the problem.	No
noviolence_01-147	/datasets/violence/audio/noviolence_01-147.wav	And it's because people have gotten in this mentality that they check the box and do their one hour of cardio a day and some little weight lifting here and there, that they're fine, that they're going to be protected.	No
noviolence_01-148	/datasets/violence/audio/noviolence_01-148.wav	But really it actually would be better for those people to quit going to the gym and figure out a way to move throughout their day and eat pretty well and they would actually be more healthy than if they did that.	No
noviolence_01-149	/datasets/violence/audio/noviolence_01-149.wav	exercise. 100%. We are trying to advocate for look you need a few things at home. You can develop a physical practice at home and then you can make decisions. We get up early and wake our kids up early.	No
noviolence_01-15	/datasets/violence/audio/noviolence_01-15.wav	20 years ago there was very little formal movement training on top of extreme athletics. The thing you did was you spent more time in your domain. You paddled more.	No
noviolence_01-150	/datasets/violence/audio/noviolence_01-150.wav	so we can walk to school.	No
noviolence_01-151	/datasets/violence/audio/noviolence_01-151.wav	Right? Like easy. And you know, we got in a bad habit for a couple years at school where we were getting up too late and we were all sleeping in and then we would have to drive our kids to school and then I read...	No
noviolence_01-152	/datasets/violence/audio/noviolence_01-152.wav	I read that book The Power of Habit and it was especially with walking to school was like a light bulb for me because I Realized that we weren't getting it together to walk to school simply because we were way	No
noviolence_01-153	/datasets/violence/audio/noviolence_01-153.wav	up 20 minutes too late. Like it was just a 20 minute habit difference and like we just figured it out and we committed to it and now we walk to school every day. That's that's one of the most important.	No
noviolence_01-154	/datasets/violence/audio/noviolence_01-154.wav	movement hygiene practices to me is walk and especially walking early in the day because you're getting that early morning sunlight That's resetting your circadian rhythm. So one of the things that I've been really working on	No
noviolence_01-155	/datasets/violence/audio/noviolence_01-155.wav	my own personal practices, when I get up with my kids, we go for a walk before I take them to daycare. And...	No
noviolence_01-156	/datasets/violence/audio/noviolence_01-156.wav	That's huge. You know what, it was really interesting. Just a couple weeks ago, the kids were sick so our whole schedule got messed up and I was out of it for a week and I've had insomnia problems my whole life.	No
noviolence_01-157	/datasets/violence/audio/noviolence_01-157.wav	they've been much	No
noviolence_01-158	/datasets/violence/audio/noviolence_01-158.wav	better and I got to the end of the week and all of a sudden I couldn't fall asleep at night. I wasn't sleepy at night. It's like, huh, I haven't had early morning sun exposure, I haven't had early morning exercise.	No
noviolence_01-159	/datasets/violence/audio/noviolence_01-159.wav	to reset all those cortisol rhythms. Boom, there it is.	No
noviolence_01-16	/datasets/violence/audio/noviolence_01-16.wav	That was the limiting factor. One of the things that happened then is that we grew up, went to grad school, had some babies and then also became obsessed with this formal...	No
noviolence_01-160	/datasets/violence/audio/noviolence_01-160.wav	That.	No
noviolence_01-161	/datasets/violence/audio/noviolence_01-161.wav	Human beings used to walk all the time. It's, you know, Katie Bowman's a friend of both of ours. We talked a lot about her. She talks about, this is probably the biggest missing movement nutrient.	No
noviolence_01-162	/datasets/violence/audio/noviolence_01-162.wav	Well, I know dr. New Isles looks the cross pattern motion or it's the fact that you're designed to move and that means a lot You're gonna walk. Yeah, and you should probably walk him something that looks flat or bare	No
noviolence_01-163	/datasets/violence/audio/noviolence_01-163.wav	foot. Yeah. So what's interesting now as we get into this conversation, well, because people are like, hey, I have two kids and this job and it's dark when I go. I mean, we were working with night.	No
noviolence_01-164	/datasets/violence/audio/noviolence_01-164.wav	on the fuel band. We've got some fuel bands put some on our kids.	No
noviolence_01-165	/datasets/violence/audio/noviolence_01-165.wav	And our kids would be like, look how many steps I did. It was raining. And literally their steps dropped in half. Yeah, and like, George was doing like 12,000 steps, rainy day, 4,000. Yeah. God forbid you live in Seattle.	No
noviolence_01-166	/datasets/violence/audio/noviolence_01-166.wav	where it rains all the time. But what's interesting then is that we're saying, okay, well, hey, this environment does affect. What we see is in the winter in Iowa, the movement options are different.	No
noviolence_01-167	/datasets/violence/audio/noviolence_01-167.wav	Kids aren't as active necessarily. We don't go outside, we don't expose ourselves to cold. We're not cold, we're not hot. Right? We've homogenized so much, we've stopped being...	No
noviolence_01-168	/datasets/violence/audio/noviolence_01-168.wav	just being uncomfortable. Well even just recess like our kids' school if it's raining they don't go outside. Which to me is crazy because you know when I was a kid I grew up in a snowy climate. Back in NOM.	No
noviolence_01-169	/datasets/violence/audio/noviolence_01-169.wav	and not but I mean we all had our snow clothes and I remember going to the little mud room in first grade and putting my snow clothes on to go outside and play at recess and come back in so the fact that my	No
noviolence_01-17	/datasets/violence/audio/noviolence_01-17.wav	whole lives movement, you know, because we needed to understand. Long before I found CrossFit, I was following Pavel's stuff. I was Olympic lifting, reading Dan John's work.	No
noviolence_01-170	/datasets/violence/audio/noviolence_01-170.wav	kids don't even go outside to play at recess is just crazy. We walk in the rain. Absolutely. But I don't want to lose this point because the question now is, OK, I have this pure movement.	No
noviolence_01-171	/datasets/violence/audio/noviolence_01-171.wav	practice outside and getting the sunlight and all I have to do is quit my job, not be with my family, homeschool my kids, grow my own kombucha.	No
noviolence_01-172	/datasets/violence/audio/noviolence_01-172.wav	So the question is...	No
noviolence_01-173	/datasets/violence/audio/noviolence_01-173.wav	If we, you know, because we evaluate a lot of the experience of people's program based on how does this scale? How does this scale?	No
noviolence_01-174	/datasets/violence/audio/noviolence_01-174.wav	impact a working family who doesn't have the flexibility that we have. And so then we need to start saying, well, what are the pieces? Can a night walk after, you know,	No
noviolence_01-175	/datasets/violence/audio/noviolence_01-175.wav	moving. Where can we slip this into a practice and what are the components of and what I'll tell you about our gym, our gym culture is that we really are saying hey you know we	No
noviolence_01-176	/datasets/violence/audio/noviolence_01-176.wav	gone away from maybe like tight couples and triplets to boy we better teach walking and crawling and and we've got to really restore the patterning that we're not getting because	No
noviolence_01-177	/datasets/violence/audio/noviolence_01-177.wav	because that is the thing that's going to make the base for the next piece. But if I could just interrupt, like the reason we love the standing desk is it's just so simple and it's just...	No
noviolence_01-178	/datasets/violence/audio/noviolence_01-178.wav	such an easy thing that anyone, whether you're a two person working family, you can go to work all day and just be in constant motion. Your kid can be in motion all day at school.	No
noviolence_01-179	/datasets/violence/audio/noviolence_01-179.wav	one of the simplest most universal solutions and certainly it's not the end-all be-all and we've never said that but it's just so Simple and easy and you know for people who don't have lifestyles	No
noviolence_01-18	/datasets/violence/audio/noviolence_01-18.wav	I was down south with an Olympic lifting coach. We would be in our club one, like the Globo Gym. Juliet was an attorney, I was in grad school.	No
noviolence_01-180	/datasets/violence/audio/noviolence_01-180.wav	and the desk has a bar at the bottom that pivots because what you're seeing is, okay, now I'm not sitting, but now I'm static again. We're not designed to be.	No
noviolence_01-181	/datasets/violence/audio/noviolence_01-181.wav	We're not supposed to be statues. We're supposed to be walking. You're supposed to be walking. And I always tell people, I'm like, have you ever meditated before? And they're like, yes. And I was like, how did you back to after the first two minutes? They're like, oh, it's burning. It's burning. And I was like, no.	No
noviolence_01-182	/datasets/violence/audio/noviolence_01-182.wav	So when you sat in a good position for 20 minutes, you died. So tell me how your child's gonna sit for eight hours if you can't manage 15 minutes of sitting.	No
noviolence_01-183	/datasets/violence/audio/noviolence_01-183.wav	in a good position, right? So the idea is you, we want to create movement rich environments. So then we start saying, okay, what is it about the human that makes us human? Let's make the environment	No
noviolence_01-184	/datasets/violence/audio/noviolence_01-184.wav	So at our school, our desks have a bar that moves, so kids are in constant motion. On to fascia, on the bone, on the muscular system, right? Balancing, they can lean. And guess what, when they're ready to go,	No
noviolence_01-185	/datasets/violence/audio/noviolence_01-185.wav	to sit down on the floor. Now we've introduced a squat. Now they sit on the floor. Now they work on the floor. Now we have hips from full range of motion. And by the way, all you had to do was take the chairs out.	No
noviolence_01-186	/datasets/violence/audio/noviolence_01-186.wav	give kids the option of being here or here. That's that block pattern and suddenly we start to see better movement hygiene through the course of the day. We just have to flip our brains about deciding.	No
noviolence_01-187	/datasets/violence/audio/noviolence_01-187.wav	what is it that makes us human? Yeah. And I'll tell you, we are in a cohort, Julien and I are in our 40s.	No
noviolence_01-188	/datasets/violence/audio/noviolence_01-188.wav	We work with a lot, we know all our working friends are not nerds like us, right? And they struggle with finding time to train, exercise, still exercise, like SoulCycle is exercise.	No
noviolence_01-189	/datasets/violence/audio/noviolence_01-189.wav	of them, right? Breathing hard is exercising, not moving. You know, plus maintain a job, be a good husband, be a good dad.	No
noviolence_01-19	/datasets/violence/audio/noviolence_01-19.wav	And I was doing Turkish get ups with a barbell and people would rush over and be like, you falling, are you okay? And I was like, I'm trying to figure this out. And a lot of it was reading from a book.	No
noviolence_01-190	/datasets/violence/audio/noviolence_01-190.wav	See, so that's the tricky part because the first thing that goes is the movement practice, which is the thing that makes us human Yeah, that's the thing that supports us. And so that's why when I said hey	No
noviolence_01-191	/datasets/violence/audio/noviolence_01-191.wav	I think you should have some formal movement training, but that can come in a lot of shapes and sizes The thing that we are talking about now is what is your daily physical practice? What can control did you eat six to eight fists?	No
noviolence_01-192	/datasets/violence/audio/noviolence_01-192.wav	vegetables? Could you control your sleep hygiene? Did you just mobilize for 10 minutes? Like show me that you're consistent day after day after day even if that means you didn't breathe hard today.	No
noviolence_01-193	/datasets/violence/audio/noviolence_01-193.wav	you went for a walk around your barefoot with your kids, boom, movement practice, right? That's where we need to start changing the conversation and say, stop being so stinking heroic and be consistent.	No
noviolence_01-194	/datasets/violence/audio/noviolence_01-194.wav	Even just silly things like it seems so cliche, but all these people are starting to take walking meetings now. That's a huge deal. I mean, if you just got, you know, not even including a standing desk, if you just got people to ...	No
noviolence_01-195	/datasets/violence/audio/noviolence_01-195.wav	take two or three walking meetings a day, that would already make a huge difference. You know, but. And we want people to recognize that like this thing.	No
noviolence_01-196	/datasets/violence/audio/noviolence_01-196.wav	It's designed to be ridden hard and put away wet. It can do that. So every once in a while, you should do something crazy.	No
noviolence_01-197	/datasets/violence/audio/noviolence_01-197.wav	But you have to set a preconditions so that when you do that crazy thing, you know, you don't go through your kneecap. You know? And that's the problem, right? We're like...	No
noviolence_01-198	/datasets/violence/audio/noviolence_01-198.wav	I'm gonna change everything, I'm gonna do this team and training run. Boy, now I have Conjured Malaysia Patella or I've torn my meniscus. And now what happens? So you're gonna be 110. We better start.	No
noviolence_01-199	/datasets/violence/audio/noviolence_01-199.wav	putting in the hygiene pieces that make us there. We have to have essentially.	No
noviolence_01-2	/datasets/violence/audio/noviolence_01-2.wav	I was struggling with a lot of different injuries and I came across Kelly's work mobility wad And that's where I really started fixing a shoulder injury that had been bugging me for years. That's where I really	No
noviolence_01-20	/datasets/violence/audio/noviolence_01-20.wav	you know, hey, I'm reading this, I'm gonna experiment with myself. We went into, you know, 15 years of real practice that looked very formal because of our time constraints and because...	No
noviolence_01-200	/datasets/violence/audio/noviolence_01-200.wav	that baseline human movement.	No
noviolence_01-201	/datasets/violence/audio/noviolence_01-201.wav	in general before we try to do the heroic human movement. One thing that's happened with me in my practice is I didn't know all these things, hadn't been exposed to this, didn't have this great movement education.	No
noviolence_01-202	/datasets/violence/audio/noviolence_01-202.wav	And I got to the point where despite all the stuff that I knew, it was taking me an hour and a half to warm up to be able to do what I knew that I could do. The big jumps, the swings, the crazy stuff that I could do.	No
noviolence_01-203	/datasets/violence/audio/noviolence_01-203.wav	That seemed insane. Like, this is total. And anathema too. Yeah, what is this? Where's my ready state? Yeah, exactly. I shouldn't have to warm up to a full range of motion. Yeah. I should be able to instantaneously do what I'm doing.	No
noviolence_01-204	/datasets/violence/audio/noviolence_01-204.wav	So I started, you know, ground-sitting, squatting, kneeling, cross-legged, straddle, just very, the positions as much as possible.	No
noviolence_01-205	/datasets/violence/audio/noviolence_01-205.wav	started hanging every day. Just take a movement snack, make sure that shoulder is getting full extension. I think it's a brilliant idea.	No
noviolence_01-206	/datasets/violence/audio/noviolence_01-206.wav	people go out for a smoke, right? Like, why do people go out for a smoke? Part of it's the, obviously the addiction to nicotine, but it was also an opportunity to get up from your desk. There's also an opportunity to socialize with other people. So you don't, you can throw.	No
noviolence_01-207	/datasets/violence/audio/noviolence_01-207.wav	away the nicotine and keep the habit of getting up and moving and in fact you can substitute with caffeine we're fine. Yeah I mean when I used to work at my old law firm literally no one would get up out of their	No
noviolence_01-208	/datasets/violence/audio/noviolence_01-208.wav	desk for 10 continuous hours except for the two smokers we had they got up four or five times a day and at the time I was like oh but now I look back on it and we all just sat there they	No
noviolence_01-209	/datasets/violence/audio/noviolence_01-209.wav	When I was working at, my first job was at Taco Del Mar slinging burritos and the smokers would take breaks and I was jealous and I was like, well I'm just going to go take a break.	No
noviolence_01-21	/datasets/violence/audio/noviolence_01-21.wav	there's a whole lot of world there that we were not exposed to. I discovered CrossFit, discovered I knew nothing about gymnastics, I knew nothing about powerlifting, and you know some of my early experiences around parkour were through.	No
noviolence_01-210	/datasets/violence/audio/noviolence_01-210.wav	I'm just going to run sprints in the courtyard. But people need this. People need to recognize that it's totally an unnatural thing for a human being to sit for a prolonged period.	No
noviolence_01-211	/datasets/violence/audio/noviolence_01-211.wav	And yet we're still going to have to produce something at work. So how do I make these decisions? Chevron locally shuts the computer system down every hour for five minutes. Beautiful.	No
noviolence_01-212	/datasets/violence/audio/noviolence_01-212.wav	Just plunk, just lock for five minutes. Everyone's like, ah! And then they stand up, they're like, ah! They're like, well, how you doing, Ted? What's going on, Bob? Hey, Mary, how are you? They walk around. Yeah, but apparently it's been great for their culture. Like, people actually talk to each other.	No
noviolence_01-213	/datasets/violence/audio/noviolence_01-213.wav	other and collaborate. And when we were at BBDO, what was the, I can't remember the little acronym they used, but they switched to a totally open plan office and they basically.	No
noviolence_01-214	/datasets/violence/audio/noviolence_01-214.wav	kind of made this rule for their employees that that if you can go talk to someone instead of sending them an email like that's what we expect you to do and because it's open plan they all have	No
noviolence_01-215	/datasets/violence/audio/noviolence_01-215.wav	these little red light green lights on their computer. So if you turn your red light on, it means, hey, I'm trying to get something done here. Don't just interrupt me and talk to me. But otherwise, green light on, the idea is don't send in.	No
noviolence_01-216	/datasets/violence/audio/noviolence_01-216.wav	emails, get up and go talk to someone. That's awesome. And you know that's unusual but cool. We, you know, I think it's amazing. I know you guys because of the internet. I, I've been traveling all over the world teaching because...	No
noviolence_01-217	/datasets/violence/audio/noviolence_01-217.wav	because of the internet. It's a powerful tool. But.	No
noviolence_01-218	/datasets/violence/audio/noviolence_01-218.wav	60% of communication is nonverbal. Within verbal communication we have tone, we have phrasing, we have all these things that are all getting lost when we are interfacing.	No
noviolence_01-219	/datasets/violence/audio/noviolence_01-219.wav	just with text. And we're moving more and more to this interface just with text. And just like movement is a nourishment, right? Socialization is a nourishment.	No
noviolence_01-22	/datasets/violence/audio/noviolence_01-22.wav	through CrossFit. And then what's happened as we've sort of mined and come to really have a good understanding as beginners, like now we're like competent beginners in these.	No
noviolence_01-220	/datasets/violence/audio/noviolence_01-220.wav	Talk about a Gestaltist life. What does it mean to be human? How do we interact?	No
noviolence_01-221	/datasets/violence/audio/noviolence_01-221.wav	I mean, you really are nailing it. What we can start to say is, what are the core principles or values?	No
noviolence_01-222	/datasets/violence/audio/noviolence_01-222.wav	Why aren't you eating food just food like we went through a phase a couple years ago. We're like we're busy Let's grab a bar. We'll have a bar. Oh, like here's a food bar. It's a paleo And what it was it was	No
noviolence_01-223	/datasets/violence/audio/noviolence_01-223.wav	it was food. It was a food like block of substances that kept us nourished and it was devoid of food and we literally were like we can't ever eat another bar ever again so we just stopped by	No
noviolence_01-224	/datasets/violence/audio/noviolence_01-224.wav	bars and lo and behold I was like boy I better eat some eggs for breakfast yeah and that's the kind of thing you have to be aware of what does it mean to be human.	No
noviolence_01-225	/datasets/violence/audio/noviolence_01-225.wav	So the motto of my Brandon Ball move play is move like a human and that's what I think my role is as a teacher But I think we as soon as you start kind of taking on that it obviously is so much bigger than that. It's	No
noviolence_01-226	/datasets/violence/audio/noviolence_01-226.wav	really about how do we live like human beings? How do we foster positive social connections? How do we get make sure we're getting sunlight? How do we eat like a human, right? Because...	No
noviolence_01-227	/datasets/violence/audio/noviolence_01-227.wav	isn't just the nutrients in the food, it's the preparation of the food. It's the ritual, it's sitting down with another human person. There's so much that goes into that right there and that's all part of living.	No
noviolence_01-228	/datasets/violence/audio/noviolence_01-228.wav	like human and when we you know we're we're all trying to sacrifice these these human aspects of herself walking squatting	No
noviolence_01-229	/datasets/violence/audio/noviolence_01-229.wav	eating well so that we can be more productive on a computer. But in the long run it's...	No
noviolence_01-23	/datasets/violence/audio/noviolence_01-23.wav	domains after all these years, we have now really flipped back into going back outside and the application because what we have found is...	No
noviolence_01-230	/datasets/violence/audio/noviolence_01-230.wav	it's sacrificing something that's gonna, it breaks us down in the long run, right? You may be more productive as you're preparing for your exams, but when you adopt that as the...	No
noviolence_01-231	/datasets/violence/audio/noviolence_01-231.wav	habit for your life.	No
noviolence_01-232	/datasets/violence/audio/noviolence_01-232.wav	you're taking away the resource that makes you successful. Because the research is yourself. Yeah, and you're probably not more productive. You know, there's all the studies that show people think, you know, they're all sleep deprived and they think they're super, you know, if they self-test themselves.	No
noviolence_01-233	/datasets/violence/audio/noviolence_01-233.wav	they think they're super productive and turns out they're horrible. Yeah. So we also kind of lie to ourselves thinking we're productive.	No
noviolence_01-234	/datasets/violence/audio/noviolence_01-234.wav	When really we're not, we're just spinning our wheels because we're too tired and haven't moved our bodies. Really now we're like, woo hoo, you know, I'm going to burn my clothes and be cold. And I think.	No
noviolence_01-235	/datasets/violence/audio/noviolence_01-235.wav	I think what people realize is that you can derive immediate benefit in your quality of your life and experience by making subtle small changes that integrate into your already life. You don't have to throw.	No
noviolence_01-236	/datasets/violence/audio/noviolence_01-236.wav	your life. What you just have to do is start conceptualizing it slightly differently. And that means you know like if we all just pooed on the ground we would at least	No
noviolence_01-237	/datasets/violence/audio/noviolence_01-237.wav	squat and maintain that position because the second you can get into a poo shape your body's like whoa bro like there's no tree to hold on to you're gonna work it out and just that you know okay that's a	No
noviolence_01-238	/datasets/violence/audio/noviolence_01-238.wav	silly analogy but in Japan and in Asian countries where they toilet on the ground and sit on the ground and sleep on the ground the incidence of fall	No
noviolence_01-239	/datasets/violence/audio/noviolence_01-239.wav	falls in the elderly drops to zero and the incidents of people don't fall. Because they're always getting down off the ground. I was just talking to Chris McDougall who wrote Natural Worn Hero.	No
noviolence_01-24	/datasets/violence/audio/noviolence_01-24.wav	Great, we weren't skilled, we weren't strong, we didn't have big lungs, we weren't fit. We thought we were, but we were not. So now those things are competent and we realize, why are we, what's the application of all that?	No
noviolence_01-240	/datasets/violence/audio/noviolence_01-240.wav	which is great and we were talking about...	No
noviolence_01-241	/datasets/violence/audio/noviolence_01-241.wav	the fact that these 16, 17 year olds were covering 8 and 10 miles, 8 hours in the mountains. He's like, because they had to. And I think what we've lost is the fact that we are such	No
noviolence_01-242	/datasets/violence/audio/noviolence_01-242.wav	capable animals but we're not we're not even expressing that or laying the foundations to be kidding. We got to build the foundation you have to build a human body and then you have to do	No
noviolence_01-243	/datasets/violence/audio/noviolence_01-243.wav	what it takes to maintain it. And we do have this problem where modern life is not natural, right?	No
noviolence_01-244	/datasets/violence/audio/noviolence_01-244.wav	We need to be able to move like a natural human being and we need to be able to find the kind of targeted Interventions that are gonna allow us to hold on to that capacity as much as possible	No
noviolence_01-245	/datasets/violence/audio/noviolence_01-245.wav	really a natural life. We can remain agnostic about how you get there like you know I think	No
noviolence_01-246	/datasets/violence/audio/noviolence_01-246.wav	you know what i think so really appreciate across this at least it's brought in a a language of saying hey look you know	No
noviolence_01-247	/datasets/violence/audio/noviolence_01-247.wav	you should be able to do some of these basic tenants of formal movements. And underneath there we start to create a language, if we're smart enough to see what we're doing.	No
noviolence_01-248	/datasets/violence/audio/noviolence_01-248.wav	between, you know, of a practice that I can work in in an hour and do some basic gymnastics and cartwheels and rolling and stands and play.	No
noviolence_01-249	/datasets/violence/audio/noviolence_01-249.wav	you know, we're getting to the place where we can start to create a language vocabulary, but we don't hold on to that, you know. We're like as...	No
noviolence_01-25	/datasets/violence/audio/noviolence_01-25.wav	The application is I take those skills, that formalness, and I need to go translate it into freestyle movement, into less formal movement situations. And what happens is I became a more formalist.	No
noviolence_01-250	/datasets/violence/audio/noviolence_01-250.wav	long as if you want to and I always laugh at like if you look at you know portal or any of the move that stuff it looks like you as long as you're crawling on the ground you're fit as long as it's like capoeira you must be	No
noviolence_01-251	/datasets/violence/audio/noviolence_01-251.wav	fit right and but that's just a different language to solve the same sets of problems and that's what we should show people is that you should be able to do all of these things in fact take yourself out	No
noviolence_01-252	/datasets/violence/audio/noviolence_01-252.wav	and go suck in another language and then go suck in another language and see how you can resolve	No
noviolence_01-253	/datasets/violence/audio/noviolence_01-253.wav	what you think are the disparities is the common language. It's like we're all speaking Esperanto underneath all these different things, the romantic language of love. And, but the idea here is...	No
noviolence_01-254	/datasets/violence/audio/noviolence_01-254.wav	is that there is a root understanding of what it means to be human, and you're absolutely right. We don't care how you get there, just make sure that you get there. Yeah, absolutely. So I wanted to, we talked about that socialization.	No
noviolence_01-255	/datasets/violence/audio/noviolence_01-255.wav	piece that, how do you live like a human piece? And I wanted to just ask Juliette and you about this before she has to leave because it's something that I have been enormously impressed with.	No
noviolence_01-256	/datasets/violence/audio/noviolence_01-256.wav	when I've come down to San Francisco CrossFit. Of all the CrossFit gyms that I've worked with, of all the different gyms that I've gone into, I can't say that anywhere else has had as much positive energy when you just walk in the...	No
noviolence_01-257	/datasets/violence/audio/noviolence_01-257.wav	door at a San Francisco CrossFit. Someone comes up to you, talks to you immediately, is open, is friendly. All the staff are clearly engaged, really enjoy each other. I've noticed over the years it comes to the fact that we're all very friendly.	No
noviolence_01-258	/datasets/violence/audio/noviolence_01-258.wav	coming to visit that the staff has retained here. It's a lot of the same people years and years and years. And.	No
noviolence_01-259	/datasets/violence/audio/noviolence_01-259.wav	When we're movement is great, but we are social creatures and in order for you know the thing that holds a lot of people back from having a better movement practice is that they don't	No
noviolence_01-26	/datasets/violence/audio/noviolence_01-26.wav	much better paddler, I became a much better mountain biker, right? The running is interesting. So we still live in this formal domain, but I can tell you though that we're interested in the...	No
noviolence_01-260	/datasets/violence/audio/noviolence_01-260.wav	feel supported in it. They feel like they're going to be a weirdo if there's a person sitting on the ground.	No
noviolence_01-261	/datasets/violence/audio/noviolence_01-261.wav	They feel like they're gonna be weirdo if they're out there jumping between tree branches. So they need that social proof. So I wanted to just kind of ask you guys, how do you go about being a leader?	No
noviolence_01-263	/datasets/violence/audio/noviolence_01-263.wav	people are amped up all the time. We have bad dirty pictures of everyone. Some of this is, when Juliet and I started, this is now this month.	No
noviolence_01-264	/datasets/violence/audio/noviolence_01-264.wav	10 year anniversary of our formal gym. We were training for about a year and a half in our backyard until our neighbors were like shut up. Six in the morning that you know we were being loud.	No
noviolence_01-265	/datasets/violence/audio/noviolence_01-265.wav	But 10 years of this thing and what we first started out with said, where do we want to train? What's it look like? Our friends are going to be here. What's the vibe going to be like where we want to work out?	No
noviolence_01-266	/datasets/violence/audio/noviolence_01-266.wav	And you know, maybe other place I've gone, I agree. I have been to more gyms, CrossFit and non-CrossFit gyms on the planet. And you can tell really quickly, like I'm like, I could.	No
noviolence_01-267	/datasets/violence/audio/noviolence_01-267.wav	never train here. I hate this place. You can tell, you can walk in the door and feel the vibe. And some of that is just a practice. People don't realize, don't know what they don't know. So we consciously say to our staff,	No
noviolence_01-268	/datasets/violence/audio/noviolence_01-268.wav	and talk about a lot and prove is that this may be the only hour people have any positive, unconditional regard, right? Unconditional positive regard where literally that's it.	No
noviolence_01-269	/datasets/violence/audio/noviolence_01-269.wav	This is the only time someone's like, hey, you really great job today. And you're like, I did something good today. And some of that is when we hit the door, we're like, hey. And it's just a practice.	No
noviolence_01-27	/datasets/violence/audio/noviolence_01-27.wav	expression of it outside.	No
noviolence_01-270	/datasets/violence/audio/noviolence_01-270.wav	pattern that this is where our coaches come in and they see us do it and they see the other senior coaches that's the expectation you better shake hands otherwise you're gonna get crushed so if people are like well I better shake hands	No
noviolence_01-271	/datasets/violence/audio/noviolence_01-271.wav	Yeah, and just to interrupt really quickly, you know, we've had this long-standing tradition of at the beginning of every class, everybody's got to introduce themselves because we have a lot of visitors or there may be a new...	No
noviolence_01-272	/datasets/violence/audio/noviolence_01-272.wav	member. And you know, now a lot of gyms have adopted that. But it started at San Francisco CrossFit was this idea that, you know, it's a new thing for a lot of people. They're coming in, sometimes people are nervous about	No
noviolence_01-273	/datasets/violence/audio/noviolence_01-273.wav	coming into a group class or they're a visitor so they don't know anyone and that immediately just breaks down a barrier of just everybody getting in. So our regular clients are used to it they know they're gonna come in and have	No
noviolence_01-274	/datasets/violence/audio/noviolence_01-274.wav	to introduce themselves and meet new people and partner up with someone they don't know. And then as far as the staff is concerned, I think one of the things we've focused really hard on with our staff is creating.	No
noviolence_01-275	/datasets/violence/audio/noviolence_01-275.wav	a place where they can be true professionals. You know, a lot of gyms are set up so that it's like a hobby job that you can do for a little while in your 20s, but then once you actually like want to buy a house or take care of your kids, it's not as...	No
noviolence_01-276	/datasets/violence/audio/noviolence_01-276.wav	sustainable job. So that's been a big focus of ours is creating a staff of like professional coaches and actually paying them and supporting them in a way that they can actually like have a	No
noviolence_01-277	/datasets/violence/audio/noviolence_01-277.wav	baby and still work at our gym or actually live in San Francisco which is really expensive. Yeah and you know actually like save for retirement and do some really basic stuff and that's been really important for us and for me.	No
noviolence_01-278	/datasets/violence/audio/noviolence_01-278.wav	me as the owner, you know, the way I see it is that my staff are my clients, not the clients who come in the gym. You know, they're the clients who come to work out are the clients of my	No
noviolence_01-279	/datasets/violence/audio/noviolence_01-279.wav	stuff. But I am there to support my staff.	No
noviolence_01-28	/datasets/violence/audio/noviolence_01-28.wav	But Kelly's right, I mean, we spent a lot of years just focusing on CrossFit as our only training. And it's been really in the last five years that we remembered that really what we like to do is play outside.	No
noviolence_01-280	/datasets/violence/audio/noviolence_01-280.wav	And I would just add to that that we also have a creative freedom that we're funny and stupid but they're learners and they're all very curious.	No
noviolence_01-281	/datasets/violence/audio/noviolence_01-281.wav	but also fluent in other people's languages. But we also create a place where like, what is it you want to do? How do you say that? Like, I'm a, we have this guy who's run a...	No
noviolence_01-282	/datasets/violence/audio/noviolence_01-282.wav	100 ultras, you know, and he's part of our staff. And that looks very different than Diane Fu, who's obsessed with Olympic lifting. Allowing our coaches to express their own movement.	No
noviolence_01-283	/datasets/violence/audio/noviolence_01-283.wav	practice and giving them freedom as long as we all speak the language and you can do the same. So Kristen Newman	No
noviolence_01-284	/datasets/violence/audio/noviolence_01-284.wav	you know, talks about, she was second in the world's instrument.	No
noviolence_01-285	/datasets/violence/audio/noviolence_01-285.wav	Last year, but she talks about you know like I just dream for the day where I can just do some cardio	No
noviolence_01-286	/datasets/violence/audio/noviolence_01-286.wav	swing a dumbbell and do gymnastics again, you know? And that's what's really interesting. I think we create an environment of excited about...	No
noviolence_01-287	/datasets/violence/audio/noviolence_01-287.wav	process about learning. You know, we don't have multiple gym locations. We have one gym. Why? Because we think the secret is that we're all getting to coach and be coached that if there's	No
noviolence_01-288	/datasets/violence/audio/noviolence_01-288.wav	an excellent mover in the room, we're all listening while we're doing it. So there's always feedback. There's no place to hide. You have to be a beginner in a room full of lions.	No
noviolence_01-289	/datasets/violence/audio/noviolence_01-289.wav	And that just brings everyone up, you know? It's really interesting. And we don't put the brakes on that. We're like, this is what we want to teach. Here are the goals.	No
noviolence_01-29	/datasets/violence/audio/noviolence_01-29.wav	and ride our bikes and be on rivers and paddle and and so it has been in the last few years we've really gone back to all that we like to ski and it's been great because we have all this underlying	No
noviolence_01-290	/datasets/violence/audio/noviolence_01-290.wav	And then we let our coaches be successful in their own experimentation. And we're not micro-managers. I mean, we in a lot of ways are really casual about a lot of the things.	No
noviolence_01-291	/datasets/violence/audio/noviolence_01-291.wav	We're total pros, but we're really casual about some things. So we let people be themselves. And we don't have a certain way. There's only one way of doing things that's our way and our way is the best.	No
noviolence_01-292	/datasets/violence/audio/noviolence_01-292.wav	I mean, we don't see it that way. We bring in this really diverse staff with super diverse interests and kind of let them be who they are. You know, obviously with the basic fundamentals, but you know, we've got...	No
noviolence_01-293	/datasets/violence/audio/noviolence_01-293.wav	a really unique and diverse staff and they all really like each other and get along and you know I think that helps the whole positive vibe as you come in the door. And you can do some things like we have a hundred and sixty hour	No
noviolence_01-294	/datasets/violence/audio/noviolence_01-294.wav	intern program. I mean that's not being at the gym under 60 hours. That's one on one or you're in 160 hours of shadowing a senior coach or a practice. So that starts to...	No
noviolence_01-295	/datasets/violence/audio/noviolence_01-295.wav	because people start to be like, oh, I understand how I have the affect I need to have to manage these people who've been training here for 10 years. Right. Yeah. And then we have some simple rules like I should never have to show	No
noviolence_01-296	/datasets/violence/audio/noviolence_01-296.wav	out over the music ever.	No
noviolence_01-297	/datasets/violence/audio/noviolence_01-297.wav	creates privacy and intimacy but the coach can you I can be shouting like knees out but it's really for that guy over the across the room yeah and so then we never shout over music and we have some	No
noviolence_01-298	/datasets/violence/audio/noviolence_01-298.wav	keep your fucking shirt on. Right, don't, you know what I mean, like if you wanna be outside rolling the grass, take your shirt off. But in the meantime, you're in my gym, don't make everyone feel creepy with your like.	No
noviolence_01-299	/datasets/violence/audio/noviolence_01-299.wav	man boobs, like quit that. And so by establishing some of those boundaries we create a place where it's really safe for people to come. We are trying to create a really welcoming environment. And yet we have	No
noviolence_01-3	/datasets/violence/audio/noviolence_01-3.wav	started fixing my ankles and it became a huge influence on me and understanding really how the human body moves.	No
noviolence_01-30	/datasets/violence/audio/noviolence_01-30.wav	training and we can pretty much show up for any of those sports without ever really training for them formally and be fine and you know not get injured so it's been it's been cool to go back to that come out on harm	No
noviolence_01-300	/datasets/violence/audio/noviolence_01-300.wav	There's so many elite people who practice. But we had this Olympic lifting kind of badass guy who owns a business and he came in and he missed a lift and he got really pissed.	No
noviolence_01-301	/datasets/violence/audio/noviolence_01-301.wav	And I just stood there and he was swearing and then he came over he's like that was really bad wasn't it I was like that was really bad in fact. That was just disgusting and childish. She was like you're right. It's got so	No
noviolence_01-302	/datasets/violence/audio/noviolence_01-302.wav	because you realize we're all just like, really? You just missed a lift. And you think that's important to you? So, I mean that thing self-perpetuates. And it is difficult.	No
noviolence_01-303	/datasets/violence/audio/noviolence_01-303.wav	Culture is so difficult, it's really difficult. You know, within the parkour community, we've seen that the guys who start a community have an enormous impact on it. So, you know, people may.	No
noviolence_01-304	/datasets/violence/audio/noviolence_01-304.wav	be thinking about movement when they're thinking about this, but if you're going to be a leader in movement, it's really important that you think about these aspects of it. You said to me in 2012, when...	No
noviolence_01-305	/datasets/violence/audio/noviolence_01-305.wav	comes into your gym, it's your responsibility to give them that moment of unconditional positive regard. And that's stuck with me ever since. That's influenced the way that I've tried to orient around how I treat my employees, people I work with.	No
noviolence_01-306	/datasets/violence/audio/noviolence_01-306.wav	with, how I treat my clients. It's huge. It's a huge thing to understand that you can have all the best information in your brain in the world, but if you don't.	No
noviolence_01-307	/datasets/violence/audio/noviolence_01-307.wav	have an affect, if you don't have a way of creating a rapport with people, it doesn't matter. Oh, holy crap. Now we're starting to... Dude, we just opened the can off, like touchy-feely. I could go off here, but like...	No
noviolence_01-308	/datasets/violence/audio/noviolence_01-308.wav	But you know, people need to feel appreciated and this is going to sound really dorky, but I worked for this guy at this rafting company for many years and we actually used to make fun of him because he was so earnest and...	No
noviolence_01-309	/datasets/violence/audio/noviolence_01-309.wav	he'd come up and be like Juliet I appreciate you but I really sign in the parking lot said you are a poem yeah but you know I realize he influenced me a ton	No
noviolence_01-31	/datasets/violence/audio/noviolence_01-31.wav	Which is amazing, you know like last year We both trained for the Molokai Outrigger Canoe Race. So I paddled solo from the island of Molokai	No
noviolence_01-310	/datasets/violence/audio/noviolence_01-310.wav	and what he was doing was so important because you know I would have done anything for him for no pay and I realized he it was this it was because I felt valued and appreciated you know	No
noviolence_01-311	/datasets/violence/audio/noviolence_01-311.wav	So I try to go out of my way and make sure my staff knows that I appreciate them. I see how hard they work. We know it wouldn't all happen without them. And I think that's really missing. I think a lot of people.	No
noviolence_01-312	/datasets/violence/audio/noviolence_01-312.wav	don't get that affirmation in their place of work ever.	No
noviolence_01-313	/datasets/violence/audio/noviolence_01-313.wav	Yeah, and not necessarily in their community of movement either. Well, you know...	No
noviolence_01-314	/datasets/violence/audio/noviolence_01-314.wav	belong, we need to belong to each other and sometimes they just need an excuse to belong to each other. And so like we're all in and I've been working out with Juliet for three years but all of a sudden you know.	No
noviolence_01-315	/datasets/violence/audio/noviolence_01-315.wav	If the situation is I always have to go over and shake hands and hey, how are you then like we've what we've done is just Created a blocked pattern where I get the right result without consciousness and that's what we're	No
noviolence_01-316	/datasets/violence/audio/noviolence_01-316.wav	trying to be, right? Is that it becomes a learned behavior. It's really amazing. You know, and my daughters, you know, are comfortable, they walk around and just talk to people in the gym, and people are like, you're a seven year old.	No
noviolence_01-317	/datasets/violence/audio/noviolence_01-317.wav	came up and had a conversation with me. Your seven year old was like knees out, is what your seven year old said. That's right, that's right. Which she has done to people. To the point though is, you know.	No
noviolence_01-318	/datasets/violence/audio/noviolence_01-318.wav	So, hey, if we're going to become professional teachers, maybe we should have some theory around learning practices. Hey, what you're doing right now is a blocked practice. We need to move into some...	No
noviolence_01-319	/datasets/violence/audio/noviolence_01-319.wav	random practice. That means what we're seeing is that, hey, you can be really excited, competent coach, but you still, people have done a lot of thinking about what is the best way to learn, how much learning.	No
noviolence_01-32	/datasets/violence/audio/noviolence_01-32.wav	to Wahoona. It took me six and a half hours across the Molokai channel, solo, and it's not grinding like, it's not like getting on an erg for six and a half hours. It's very technical paddling.	No
noviolence_01-320	/datasets/violence/audio/noviolence_01-320.wav	needs to happen, having a goal and a skill and little break out.	No
noviolence_01-321	/datasets/violence/audio/noviolence_01-321.wav	You know, I'm fortunate that in my formal doctoral training, I had a lot of communication theory and learning theory that spills over into what we do. Yeah. But you know, what we're...	No
noviolence_01-322	/datasets/violence/audio/noviolence_01-322.wav	telling people is like hey look on the surface it looks so simple and yet the layers of understanding are infinitely complex and if you are going to be a master in this you need to start today.	No
noviolence_01-323	/datasets/violence/audio/noviolence_01-323.wav	then just keep working because what you'll see is that you may be coaching the same way But now you understand how and when the deviations come you can easily roll them up and that's that's the difference	No
noviolence_01-324	/datasets/violence/audio/noviolence_01-324.wav	Yeah, I think one other thing about the vibe too is that we and a lot of it goes back to the original intention I mean, we did not start this gym with the intention of having it	No
noviolence_01-325	/datasets/violence/audio/noviolence_01-325.wav	be a business where we made money and had a big staff. I mean... Attorney and I was working physical there. We started it with the intention of trying to create a cool place to train where we wanted...	No
noviolence_01-326	/datasets/violence/audio/noviolence_01-326.wav	train and I think that intention has really you know gone the distance because you know I think it's it's hard now there's a lot of gyms and I'm not sure there I'm not sure that anyone can open a gym as organically.	No
noviolence_01-327	/datasets/violence/audio/noviolence_01-327.wav	as we did. However, I think there's a lot of, people are spending a lot of money and making everything shing and look perfect and have all the right things on the outside. But if you can't, if.	No
noviolence_01-328	/datasets/violence/audio/noviolence_01-328.wav	you can't somehow grasp that feeling of community and that positive vibe. It doesn't matter what everything looks like. And we learned that from the parking lot. Yeah, that's what I was going to say. I mean, because it was so great.	No
noviolence_01-329	/datasets/violence/audio/noviolence_01-329.wav	and so cold and it was right I mean like you know we should be deadlifting outside why aren't we deadlifting outside and we certainly have lost some aspect of the awesomeness but it's nice not	No
noviolence_01-33	/datasets/violence/audio/noviolence_01-33.wav	with big waves and currents and you need to paddle and you better be fit and you have to have the skill and it was really great. And you have to navigate across an open ocean channel. Your brain is going to get engaged. Exactly, it's full on. And surfing and feeling.	No
noviolence_01-330	/datasets/violence/audio/noviolence_01-330.wav	to be dead lifting the rain and mud all the time and doing burpees on the concrete. Right, but we had to make, our product had to be the coaching and the vibe because we didn't have anything else.	No
noviolence_01-331	/datasets/violence/audio/noviolence_01-331.wav	So we had to be really good at those two things because we certainly didn't have like a wall or, you know. A bathroom. A bathroom and people were doing burpees in little piles of glass. So, you know, that.	No
noviolence_01-332	/datasets/violence/audio/noviolence_01-332.wav	It forced us to prioritize what was important, and it turned out those things happened to also be really important. It's funny because that resonates exactly with what we were talking about earlier with movement. When you create...	No
noviolence_01-333	/datasets/violence/audio/noviolence_01-333.wav	the right parameters.	No
noviolence_01-334	/datasets/violence/audio/noviolence_01-334.wav	where there's restrictions on what someone can do, then all of a sudden they're gonna express really powerful stuff. So being in a more difficult situation, you didn't have all the bells and whistles that are gonna attract people.	No
noviolence_01-335	/datasets/violence/audio/noviolence_01-335.wav	you had to focus on the most important thing and you created something amazing. How about this, so we used to have some chain link fences and then there was an 80,000 square foot parking lot, right?	No
noviolence_01-336	/datasets/violence/audio/noviolence_01-336.wav	and it was all kind of fenced in and protected. But coaches...	No
noviolence_01-337	/datasets/violence/audio/noviolence_01-337.wav	could not be wimpy in their coaching. They had to be so loud and they had to carry and control and bring everyone together. And we'd have coaches come in from other gyms and they would have.	No
noviolence_01-338	/datasets/violence/audio/noviolence_01-338.wav	evaporate through the fence like they just like to be like okay now and like we're and there are coaches were like these people suck and I'm like these are master coaches but who can't coach in any	No
noviolence_01-339	/datasets/violence/audio/noviolence_01-339.wav	and you know that's that's one of those things that you know we have to just be thinking about but if the environment creates it	No
noviolence_01-34	/datasets/violence/audio/noviolence_01-34.wav	and the kinesthetic feedback, you're maxed out. I mean, it's an expert race. And what's so nice is that I come out and I'm like, you know, it took me a week or two to recover my central nervous system.	No
noviolence_01-340	/datasets/violence/audio/noviolence_01-340.wav	You know, we didn't have to coach it because, you know, everyone's feet were together automatically in the burpee when you're coaching it outside. You have to control people's attention.	No
noviolence_01-341	/datasets/violence/audio/noviolence_01-341.wav	That brings me back to this idea that I really wanted to dig into, which is this formal language and natural movement. Because what I do is teach people.	No
noviolence_01-342	/datasets/violence/audio/noviolence_01-342.wav	about movement in nature and moving sort of how we evolve.	No
noviolence_01-343	/datasets/violence/audio/noviolence_01-343.wav	So, Evolve Move Play, right? Play, I think, is the best guide for what a human being really, evolution wants a human being to be able to do. Every kid runs.	No
noviolence_01-344	/datasets/violence/audio/noviolence_01-344.wav	jumps, climbs, lifts, carries, throws, wrestles, dances, because those are the things that you needed to do to survive and thrive as a human being throughout our evolution.	No
noviolence_01-345	/datasets/violence/audio/noviolence_01-345.wav	Yeah, at some point someone picked up a rock, they picked up a heavier rock, and it's not an accident in Scotland, they have these massive stones that are like, it's the stone, like the Husserfeld stone.	No
noviolence_01-346	/datasets/violence/audio/noviolence_01-346.wav	in a field, like a guy, this is a field, it's not like a, it's not in a cage, like you can just go up and pick up the Husserfeld stone if you want, but it's the stuff, if you can, but it's just...	No
noviolence_01-347	/datasets/violence/audio/noviolence_01-347.wav	the stone that everyone played with, the expression of what we did turned into a game, turned into a contest, turned into technique to formalize the game.	No
noviolence_01-348	/datasets/violence/audio/noviolence_01-348.wav	So you talked earlier about all the formal training that you got. Started with a sort of non-formal sport, really a wild sport, moved into a very formal practice, and now are going back.	No
noviolence_01-349	/datasets/violence/audio/noviolence_01-349.wav	into the wild and I you know I grew up in the woods running around got really into formal gymnastics, formal weightlifting you know I did my 223	No
noviolence_01-35	/datasets/violence/audio/noviolence_01-35.wav	but I came out completely unharmed ready to go again. And my understanding of when we row our kids down the river, like I don't have shoulder problems because I understand what the	No
noviolence_01-350	/datasets/violence/audio/noviolence_01-350.wav	and Deadlift 440 and did grace and 147 or whatever it was. So I did that and there was a lot that I gained from that.	No
noviolence_01-351	/datasets/violence/audio/noviolence_01-351.wav	within my own practice I've gone back into the wild and really kind of just...	No
noviolence_01-352	/datasets/violence/audio/noviolence_01-352.wav	trying to play and see what my body learned from that. Well, and let me interrupt because what's important is that you start to understand how strong am I? How strong do I need to be? That's a very interesting question.	No
noviolence_01-353	/datasets/violence/audio/noviolence_01-353.wav	idea. I think every man should be able to pick up 400 pounds because that means you have good technique and you've done some lifting training and everyone it's in a grass.	No
noviolence_01-354	/datasets/violence/audio/noviolence_01-354.wav	being able to deadlift 225 safely for a couple reps is probably just as effective as being able to deadlift 400. Right? You know what I mean? The benefits may not... Maybe the high level...	No
noviolence_01-355	/datasets/violence/audio/noviolence_01-355.wav	sport like I'm talking about like football or fast maybe that does transcend but recently for me you know I	No
noviolence_01-356	/datasets/violence/audio/noviolence_01-356.wav	You know I've realized I am big enough I am strong enough and that sounds ridiculous considering how strong my friends are things But my programming looks very different like you saw	No
noviolence_01-357	/datasets/violence/audio/noviolence_01-357.wav	how much aerobic work I do in the week.	No
noviolence_01-358	/datasets/violence/audio/noviolence_01-358.wav	you would feel sick. It's hard aerobic training. Kelly had this goal where he wanted to clean and jerk. How much was it? Clean 400. Clean 400 and you know he's kind of	No
noviolence_01-359	/datasets/violence/audio/noviolence_01-359.wav	working towards it and focused on it. And then our mutual friend and colleague, Gray Cook said, Kelly, you're not even known for that. And that was just a little trigger in his mind that he.	No
noviolence_01-36	/datasets/violence/audio/noviolence_01-36.wav	shoulder is supposed to do and what it's supposed to look like. And so that, the formalness, it's difficult to ever pull that out entirely because it teaches us the underpinning.	No
noviolence_01-360	/datasets/violence/audio/noviolence_01-360.wav	thought, it's true, why am I doing that? He's like, the compensations, the adaptations, the things you're going to sacrifice to clean a 400, it's never going to be worth that.	No
noviolence_01-361	/datasets/violence/audio/noviolence_01-361.wav	strong enough and you know I'm not a professional so good you know and he was able to sort of chop you know in that moment being this strong and this big	No
noviolence_01-362	/datasets/violence/audio/noviolence_01-362.wav	outside the gym.	No
noviolence_01-363	/datasets/violence/audio/noviolence_01-363.wav	doesn't give me I mean I can if you're moving a piano I'm your guy yeah right and it's fortunate I can still do a lot of pull-ups I can still run fast I can still swim and do all the things but like I am	No
noviolence_01-364	/datasets/violence/audio/noviolence_01-364.wav	I'm the largest paddler in the world. You know what I mean? And I'm like, does that serve me? So it's really, I think the conversation becomes, hey, I was competent enough.	No
noviolence_01-365	/datasets/violence/audio/noviolence_01-365.wav	Now I squat a little bit all the time because it makes my hips work better when I'm on the bike or rowing or paddling. So my reasons for doing the things changing...	No
noviolence_01-366	/datasets/violence/audio/noviolence_01-366.wav	and the volume changes, et cetera, et cetera. Yeah, I had really some experience. I was chasing 500 on my deadlift, you know, starting to make compensations, doing some roundback deadlifting. Lolli.	No
noviolence_01-367	/datasets/violence/audio/noviolence_01-367.wav	listening to powerlifters saying, it's cool bro, it's good. That's how you're going to lift the heaviest weight, that's what matters, right? And so I went to work with...	No
noviolence_01-368	/datasets/violence/audio/noviolence_01-368.wav	I went to be tested by Sparta Performance Science and they said well the aspect of your force production that correlates with the deadlift is...	No
noviolence_01-369	/datasets/violence/audio/noviolence_01-369.wav	really strong and the aspect that correlates with your split squat is really weak and that makes you really prone to injuries which is why you've just torn your Achilles tendon and done all these other things.	No
noviolence_01-37	/datasets/violence/audio/noviolence_01-37.wav	of the movement. And then once you are meta aware of what's going on, you have the meta cognition of how you move and what's going on.	No
noviolence_01-370	/datasets/violence/audio/noviolence_01-370.wav	So did I need a 500 pound deadlift to do what I do? No you did not. And here's the deal, if that's important to you, because you want to lift the Husserfeld Stone.	No
noviolence_01-371	/datasets/violence/audio/noviolence_01-371.wav	We're not saying don't do it, but we're saying you can't take your eye off the rest of it. Or if you do, you're going to have to come back to it eventually. Take care of the whole thing.	No
noviolence_01-372	/datasets/violence/audio/noviolence_01-372.wav	Right? I mean I can keep pursuing the deadlift but I better take care of those other things that will keep me from blowing out my Achilles tendon. You know our friend Brian McKenzie does a really good job for a long time saying hey look you know.	No
noviolence_01-373	/datasets/violence/audio/noviolence_01-373.wav	know you should be able to run a 5k all out and really 10k and you just need to keep an eye on your running and if you're not running that 10k is gonna suck	No
noviolence_01-374	/datasets/violence/audio/noviolence_01-374.wav	But you should have some base aerobic competency. And oh boy, we're right back at Heber and why can't you swim 1K? What is wrong with you?	No
noviolence_01-375	/datasets/violence/audio/noviolence_01-375.wav	there are some things that we should be able to do that we have gotten off the deep end on sexy because I feel sexy and I feel so strong and I like being all massive and my	No
noviolence_01-376	/datasets/violence/audio/noviolence_01-376.wav	jeans are tight, call my suck at everything else if I'm not careful. Yeah, I was raised in that era of kind of physical culture where it was like aerobics or any sort of aerobics.	No
noviolence_01-377	/datasets/violence/audio/noviolence_01-377.wav	system training is bullshit. You don't need that because you just want to be explosive. Stretching doesn't work, right?	No
noviolence_01-378	/datasets/violence/audio/noviolence_01-378.wav	Now, of course, I'm kind of going the other way. I'm like, well, I need to be able to recover from my exercise. I need to be able to sleep well. I need to be under less stress in general. Hey, the aerobic system affects all those things.	No
noviolence_01-379	/datasets/violence/audio/noviolence_01-379.wav	"I need that. I'm 210 pounds in a sport where the average athlete is 145 pounds. And 5'1"". So maybe, maybe."	No
noviolence_01-38	/datasets/violence/audio/noviolence_01-38.wav	the world is your oyster. And the problem, I think, is sometimes when you come out of this, because we work, people don't understand that, yes, we work in very formal sports, but I work in skiing, I work in, you know.	No
noviolence_01-380	/datasets/violence/audio/noviolence_01-380.wav	maybe getting bigger and getting stronger isn't really the thing that's limiting me from the performance that I want.	No
noviolence_01-381	/datasets/violence/audio/noviolence_01-381.wav	And yeah, so we're just going back to the basics, the basics, the basics. And what's the goal? So I can. So suddenly, I think we went through the basics. You know, I think you and I.	No
noviolence_01-382	/datasets/violence/audio/noviolence_01-382.wav	would be, you know, we would check the boxes on basics really well. Yeah. Then it really comes down to what do you want to do with this thing? You know, so if it's just talking about staying alive and managing your stress, well that	No
noviolence_01-383	/datasets/violence/audio/noviolence_01-383.wav	We can we can we know what that pattern looks like it talks about being ready to go for a hike to Grand Canyon with A backpack on yeah, or carry your kid out when your car gets a flat. I mean like those are the things that are	No
noviolence_01-384	/datasets/violence/audio/noviolence_01-384.wav	interesting and I really like what Chris McDougall says about his definition of fitness. Are you useful? Yeah. You know that that means you know like if you're if you're 70 and you can't get out of the chair that's not very useful.	No
noviolence_01-385	/datasets/violence/audio/noviolence_01-385.wav	So what is your fitness that's useful? And then you can define that within the terms, but you cannot.	No
noviolence_01-386	/datasets/violence/audio/noviolence_01-386.wav	make a specious argument that because you're ish functional ish or you can achieve a task that that's full capacity. So what you're saying takes me an hour and a half to warm up.	No
noviolence_01-387	/datasets/violence/audio/noviolence_01-387.wav	We have some problems. Yeah, absolutely. Besides getting the blood out of your stomach and waking your nervous system up, it shouldn't take us an hour and a half to get going.	No
noviolence_01-388	/datasets/violence/audio/noviolence_01-388.wav	And you can have a very high level of performance. And this is what we're talking about with the Seahawks players and the professional athletes that you work with. You can have a very high level of performance and actually be very far.	No
noviolence_01-389	/datasets/violence/audio/noviolence_01-389.wav	away from general function as a human being.	No
noviolence_01-39	/datasets/violence/audio/noviolence_01-39.wav	I mean so many extreme sports and what I can unequivocally say is that a lot of those athletes Don't have any self-awareness about how they do things or why they do things and they just can't do something	No
noviolence_01-390	/datasets/violence/audio/noviolence_01-390.wav	have the handbrakes on, but because you're a genetic mutant, and I don't think people realize that there are mutants amongst us, mutants that you can buffer that until one day you can't.	No
noviolence_01-391	/datasets/violence/audio/noviolence_01-391.wav	You know, as soon as you're at boo, that's a... Fragile and suddenly. Yeah, you become fragile. That's right. So, you know, I think the conversation is, hey, let's... And I like what Greg Cook has been saying lately. He's like, hey, look...	No
noviolence_01-392	/datasets/violence/audio/noviolence_01-392.wav	practicing medicine without vital signs of malpractice, why are we practicing movement without benchmarks of position and capacity?	No
noviolence_01-393	/datasets/violence/audio/noviolence_01-393.wav	and that means you should be able to hold a plank. Why? Because you know crawling and that means you have the control through the shoulders and those are basic shapes. I'm not saying you need to	No
noviolence_01-394	/datasets/violence/audio/noviolence_01-394.wav	train plank every day, but show me that you understand how to affect a neutral spine that as soon as I tip you in gravity a little bit you don't sag. Yeah. Right? Those are the benchmarks.	No
noviolence_01-395	/datasets/violence/audio/noviolence_01-395.wav	of motion in your shoulder, because if you're missing full range of motion in the shoulder, you're going somewhere. So let's establish base larks, then the way you want to practice and be with your kids and the way you want to practice.	No
noviolence_01-396	/datasets/violence/audio/noviolence_01-396.wav	I want to practice with my kids, that's just the family differences, right? Yeah, absolutely. Yeah, you know, full range of motion on your shoulder. You know what's issue?	No
noviolence_01-397	/datasets/violence/audio/noviolence_01-397.wav	You guys jump out. Okay. Thank you for having me. Yeah, thank you so much for joining us. This was great. Thank you. See you guys in a minute.	No
noviolence_01-398	/datasets/violence/audio/noviolence_01-398.wav	You know, we've been playing around the pool a lot lately, so we came to some of this interesting pool training with Laird Hamilton and through by Brian McKenzie. And it's things like, take this 45-	No
noviolence_01-399	/datasets/violence/audio/noviolence_01-399.wav	and a pen dumbbell and swimming across the pool and back. Right? And what you'll see is you either hooked up and connected or you're not because you can't swim.	No
noviolence_01-4	/datasets/violence/audio/noviolence_01-4.wav	A couple years later, Kelly came to my gym, did a seminar for us, and he kind of listened to what I was doing, some of my ideas, and he said, man, you got to take this out. You got to go create something with it.	No
noviolence_01-40	/datasets/violence/audio/noviolence_01-40.wav	And as soon as we give them a schema in the formality of the gym, then we can come right back in and reapply. And that has been the evolution of our own practice. Interesting. That's really interesting.	No
noviolence_01-400	/datasets/violence/audio/noviolence_01-400.wav	And so we create a situation where it's a one or zero in that, right? And you can tell the people who have good range of motion and are well connected, they can go back and forth. And that becomes...	No
noviolence_01-401	/datasets/violence/audio/noviolence_01-401.wav	So interesting like test your fitness or test your	No
noviolence_01-402	/datasets/violence/audio/noviolence_01-402.wav	competency in as many different realms as you can. And I think that's a big aspect of what I'm doing with Evolvmove Play, which is, look, human beings play in all these different patterns.	No
noviolence_01-403	/datasets/violence/audio/noviolence_01-403.wav	Kids don't just, they're not just like, I'm just gonna run, that's all, that's it. That's my whole physical practice. They're like, oh, we were having fun running, we're kind of bored with that, now we're gonna go throw something. Now we're gonna go.	No
noviolence_01-404	/datasets/violence/audio/noviolence_01-404.wav	play a ball game now we're going to go wrestle. My daughter is literally we just we had her Gen X tested yeah and she is at the 99th percentile for aerobic endurance function.	No
noviolence_01-405	/datasets/violence/audio/noviolence_01-405.wav	beautiful. Right? And she's an amazing runner. Big kid. Like she's a runner. She runs as beautifully as any human being I've ever seen, right? Now 7. What I can... And she's so fast. And what I can...	No
noviolence_01-406	/datasets/violence/audio/noviolence_01-406.wav	tell you is that we were like let's do some track and she's like I hate this yeah you know because it was the opposite of exactly you're talking about you know she's just like this is	No
noviolence_01-407	/datasets/violence/audio/noviolence_01-407.wav	and she's like, so boring. And I'm like, no, no, it's so good for you. Go around to the 400. You can see why that didn't resonate with her at all. No, I mean, so there's an enormous.	No
noviolence_01-408	/datasets/violence/audio/noviolence_01-408.wav	wisdom in play. Play like cats stalk and pounce things as kittens because that's how they catch their prey as adults. Dogs chase things and play tug-of-war and roughhouse because	No
noviolence_01-409	/datasets/violence/audio/noviolence_01-409.wav	because that's how they catch things. So human children have an inherent idea of the basics. If you go back and look at George Shabair's Basics of Human Movement.	No
noviolence_01-41	/datasets/violence/audio/noviolence_01-41.wav	That ties right into the big question I wanted to ask you guys, which was about this idea of how do we balance natural movement with a formal movement practice. You talked a lot about this and you've been talking about this for years.	No
noviolence_01-410	/datasets/violence/audio/noviolence_01-410.wav	every kid is going to express those naturally in their play regularly. And what I think is really powerful about play is that this is also our best motivation system.	No
noviolence_01-411	/datasets/violence/audio/noviolence_01-411.wav	Right. We're talking about okay. Do we gamify everything? Yeah, 100% And if you I mean and you you're you're so spot-on. I think if you could game everything	No
noviolence_01-412	/datasets/violence/audio/noviolence_01-412.wav	And literally, I think when Cross Run, they put it on a clock, it became a game. And that's why people were motivated by winning and losing or playing a game or competing or being on a team or solving a problem.	No
noviolence_01-413	/datasets/violence/audio/noviolence_01-413.wav	I mean one you nailed it	No
noviolence_01-414	/datasets/violence/audio/noviolence_01-414.wav	now let's take that consciousness and actually enrich the games. I think that's so smart. Yeah, so that's what we're working on. And that brings me back to this kind of the...	No
noviolence_01-415	/datasets/violence/audio/noviolence_01-415.wav	the really interesting question for me, because I'm doing this natural movement thing, and I've gone really deep into this aspect of kind of, what is this inherent wisdom of the body?	No
noviolence_01-416	/datasets/violence/audio/noviolence_01-416.wav	what does my body want to do? Like right now actually, I'd like to be able to squat a little bit.	No
noviolence_01-417	/datasets/violence/audio/noviolence_01-417.wav	right? So...	No
noviolence_01-418	/datasets/violence/audio/noviolence_01-418.wav	We're standing an extension for quite a long time.	No
noviolence_01-419	/datasets/violence/audio/noviolence_01-419.wav	body wants to go into flexion.	No
noviolence_01-42	/datasets/violence/audio/noviolence_01-42.wav	idea we need a formal movement practice. Now within my own work what I've been doing is taking people out into the woods and what I found is that when I kind of put people	No
noviolence_01-420	/datasets/violence/audio/noviolence_01-420.wav	are we listening to those signals?	No
noviolence_01-421	/datasets/violence/audio/noviolence_01-421.wav	That's not necessarily a game, but that's the type of intuitive wisdom that's coming out of moving.	No
noviolence_01-422	/datasets/violence/audio/noviolence_01-422.wav	We have to understand that we're not natural movers. We're not in a natural situation. Sitting at a desk for any extended period of time is not what a human being naturally does.	No
noviolence_01-423	/datasets/violence/audio/noviolence_01-423.wav	being in a car for an extended period of time, being on flat ground. I love what Kitty says about casts, being in casts and flat ground. We don't think about the fact that, yeah you're doing all this cool movement practice but...	No
noviolence_01-424	/datasets/violence/audio/noviolence_01-424.wav	It's flat, man. Okay, you've got great crawling patterns on flat ground.	No
noviolence_01-425	/datasets/violence/audio/noviolence_01-425.wav	Why does a human being need to be able to do a million different crawling patterns on flat ground? I think also you're getting to the Interesting pieces one of the art	No
noviolence_01-426	/datasets/violence/audio/noviolence_01-426.wav	So a lot of the conversation I have with my coach friends is what are the elements of formal practice that make...	No
noviolence_01-427	/datasets/violence/audio/noviolence_01-427.wav	physical competency in children. Yeah. I think it's a sliding sport.	No
noviolence_01-428	/datasets/violence/audio/noviolence_01-428.wav	Right? So you're surfing, you're skating, you're skiing.	No
noviolence_01-429	/datasets/violence/audio/noviolence_01-429.wav	probably some hand eye. You've got to have some hand eye and then there's somewhere, you know, whether you like it or not. Like swinging a racket. My daughters play volleyball. There's something like some aspect because you know...	No
noviolence_01-43	/datasets/violence/audio/noviolence_01-43.wav	in the environments that their bodies evolve for. There's a lot of self-organization of really good movement solutions. So when I teach someone, say, a step vault.	No
noviolence_01-430	/datasets/violence/audio/noviolence_01-430.wav	Georgia now can catch a ball and throw like it's her job because she plays volleyball all the time, right? She's competent manipulating something moving in space, right?	No
noviolence_01-431	/datasets/violence/audio/noviolence_01-431.wav	You'd be amazed at some of the guys in the parkour community, the most beautiful, amazing movers you've ever seen, flipping off buildings, cannot catch a ball for their lives.	No
noviolence_01-432	/datasets/violence/audio/noviolence_01-432.wav	couldn't shoot a basket at all.	No
noviolence_01-433	/datasets/violence/audio/noviolence_01-433.wav	those systems are connected, right? In order to be a great basketball player, you need to be able to run and jump well. But in order to run and jump well, you don't actually need to be able to have hand-eye coordination.	No
noviolence_01-434	/datasets/violence/audio/noviolence_01-434.wav	to be a good human mover, you got to have both. You know, I was in football, so I'm good at pattern recognition, but I really thought I wanted to play high level football.	No
noviolence_01-435	/datasets/violence/audio/noviolence_01-435.wav	I wasn't my whole life for a while. And I was really good when things were happening. Man, it was like slow motion and I was always, and then get the tackle or find the seam.	No
noviolence_01-436	/datasets/violence/audio/noviolence_01-436.wav	And it's because I spent so much time kayaking and skiing where I was taking input and making pattern and making decisions about what was happening in real time. And I'm like, oh yeah, because I've been kayaking since I was...	No
noviolence_01-437	/datasets/violence/audio/noviolence_01-437.wav	12, by the time I was tackling when I was 17, you know, I was like, this is the same and coming to it now. Because what I'm really talking about is, you know, what one of the...	No
noviolence_01-438	/datasets/violence/audio/noviolence_01-438.wav	definitions we have of best athlete and I say athlete I mean like best human is who can pick up the skill the fastest yeah what set of preconditions	No
noviolence_01-439	/datasets/violence/audio/noviolence_01-439.wav	create so that someone you can pick up a brand new skill and a you can substitute the word for skill for sport or skill for survival or skill for movement or skill for richness, right?	No
noviolence_01-44	/datasets/violence/audio/noviolence_01-44.wav	if I try to teach them a really systematic kind of step by step variation of the step ball.	No
noviolence_01-440	/datasets/violence/audio/noviolence_01-440.wav	what preconditions need to exist that you have the language that suddenly you can just transplant over? That becomes a very intellectually interesting question.	No
noviolence_01-441	/datasets/violence/audio/noviolence_01-441.wav	our daughters are on the swim team. And it's not because I want them to be swimmers. I don't think they're not going to the Olympics and swimming. I can tell you that. Yeah. But the breathing that it forces, like they	No
noviolence_01-442	/datasets/violence/audio/noviolence_01-442.wav	We have to learn how to breathe and work, right? So we start to get some cardio respiratory training at an early age and you know, it takes decades to develop that system.	No
noviolence_01-443	/datasets/violence/audio/noviolence_01-443.wav	They're competent in the water. They are like, you know, they can swim, they can hold their breath, they can go down to the bottom of our 11 foot pool. You know, our pool is 11 feet deep, they can carry dumbbells, they're just so functional.	No
noviolence_01-444	/datasets/violence/audio/noviolence_01-444.wav	in that water that I've been able, now we can go surf. Now we have a language where our kids are so fluent in these other things. So that really for me becomes	No
noviolence_01-445	/datasets/violence/audio/noviolence_01-445.wav	comes the interesting question, what are the core blocks that make the meal of who we should be as a human, and how does that evolve? Boy, this is a life's work to work on.	No
noviolence_01-446	/datasets/violence/audio/noviolence_01-446.wav	really interesting because when we get out into the wild it's generally a totally different thing right like when I was I went surfing recently I haven't done a lot of surfing but I really enjoyed it a couple times	No
noviolence_01-447	/datasets/violence/audio/noviolence_01-447.wav	I went and so we went out surfing and I was sitting there waiting for the wave and getting smashed by this water and there's current coming sideways, right? So we got the waves coming in. We've got the current. We've got all the things going on	No
noviolence_01-448	/datasets/violence/audio/noviolence_01-448.wav	underneath me and then you have we went up for two days and the first day the waves were kind of cra we're cresting at a certain rate and the next day they're cresting at a different rate and so it meant that	No
noviolence_01-449	/datasets/violence/audio/noviolence_01-449.wav	timing of when you jumped on the board was actually totally different between the two days and and I'm thinking to myself wow this is the most amazing movement nutrition right think about all the different	No
noviolence_01-45	/datasets/violence/audio/noviolence_01-45.wav	that can actually take longer than putting them in the right environment and just giving them a set of constraints and letting them go through it. And then when they learn it that with the kind of self-organization...	No
noviolence_01-450	/datasets/violence/audio/noviolence_01-450.wav	systems that are being turned on and engaged for my body when I'm in that environment, my brain. And yet, all the surfers I know who don't also have a full practice have bad backs, bad shoulders, not very fit.	No
noviolence_01-451	/datasets/violence/audio/noviolence_01-451.wav	fit, can't run. So what we were seeing is like, well, take my skill set, drop into an environment and if that's the only thing I do and the	No
noviolence_01-452	/datasets/violence/audio/noviolence_01-452.wav	Get off on surfing, dude surf! But just do not pretend that you're not going to have some blind spots. So we have this, you have to move like a human being. You have to engage the whole...	No
noviolence_01-453	/datasets/violence/audio/noviolence_01-453.wav	physical system. If you're not throwing, your shoulders not developing. I mean that's probably the single most unique human movement adaption. People talk about our endurance learning.	No
noviolence_01-454	/datasets/violence/audio/noviolence_01-454.wav	We're pretty good at that. Wolves are pretty amazing at that. A lot of other animals. There's nothing else that can throw a 90 mile an hour fastball. There's nothing else that can put a at a loud through a wooly mammoth.	No
noviolence_01-455	/datasets/violence/audio/noviolence_01-455.wav	using that a lot of spirit through the woman and man. So here, do you have hand-eye coordination? Can you throw? If you're not doing that, that's something you're missing. Can you jump? Can you squat?	No
noviolence_01-456	/datasets/violence/audio/noviolence_01-456.wav	You know, I think it was you who told me that there was a correlation between kids who, I can't remember who it was, but kids who had a tree in their backyard and were able to do pull-ups. Well, kids who live in snow environments...	No
noviolence_01-457	/datasets/violence/audio/noviolence_01-457.wav	can all throw because there's snowballs. Literally, swear to God, there's one to one. It's really cool, you know? That my kids suddenly become very interested in learning how to throw when they're.	No
noviolence_01-458	/datasets/violence/audio/noviolence_01-458.wav	Yeah, so with the wild movement, the natural movement, what I'm trying to do is say, how do we find these environments that are really rich and really get people to naturally engage?	No
noviolence_01-459	/datasets/violence/audio/noviolence_01-459.wav	with this movement. But there's a tendency here that I think this is what I'm really interested in getting your perspective on. There's a tendency to kind of think, well we don't need that formal.	No
noviolence_01-46	/datasets/violence/audio/noviolence_01-46.wav	what we see is that the system is more robust because it happened at a subcognitive level.	No
noviolence_01-460	/datasets/violence/audio/noviolence_01-460.wav	stuff once we've engaged in the playful stuff because obviously that's kind of the root. Like we didn't always have a formal education system. We just lived as natural human beings, we self-organized and it was great.	No
noviolence_01-461	/datasets/violence/audio/noviolence_01-461.wav	The problem is that most people are nowhere near having a full natural life. They have a natural movement session and they go back to living an unnatural life.	No
noviolence_01-462	/datasets/violence/audio/noviolence_01-462.wav	And even if they're like, even if they can burn their clothes and go live in the woods, how many years of that do they have versus the thousands of hours of sitting that they've gone behind? The show that my kids...	No
noviolence_01-463	/datasets/violence/audio/noviolence_01-463.wav	watch and I let them watch obsessively is naked and afraid, which is such a beautiful expression. And my kids watch it for the environmental loads and it's because it's funny that they're naked.	No
noviolence_01-464	/datasets/violence/audio/noviolence_01-464.wav	But we watch it because it's interpersonal of the physicality, like solving these problems and how that gets you to expose your foibles and your vulnerabilities.	No
noviolence_01-465	/datasets/violence/audio/noviolence_01-465.wav	and the holes in your psyche about being cold, being comfortable, you know, we started a cold, an ice bath practice for central nervous system. We keep it as	No
noviolence_01-466	/datasets/violence/audio/noviolence_01-466.wav	far away from training. I'm not talking about icing after training. But it resets the central nervous system and trains us to like so when Georgia takes an ice bath every day.	No
noviolence_01-467	/datasets/violence/audio/noviolence_01-467.wav	she goes to bed. Like there's three inches of ice and she lowers herself in the water and she knows that it's not about how long she stays in the water because that can be variable, it's about how well she...	No
noviolence_01-468	/datasets/violence/audio/noviolence_01-468.wav	when she's in the water so she doesn't default to this like shock breath she's taking these full breaths you know and that's the consciousness that we can see.	No
noviolence_01-469	/datasets/violence/audio/noviolence_01-469.wav	could then put back on to, you know, how much formal training do I need? You need enough to support that. That's all and no more. You know, in fact, the more...	No
noviolence_01-47	/datasets/violence/audio/noviolence_01-47.wav	Well, you know what?	No
noviolence_01-470	/datasets/violence/audio/noviolence_01-470.wav	time you spend here, the richness that is great, you know, Jeremy Jones, one of our favorite snowboarders, a friend of ours, he was like, look, I'm going to go into the world and carry a pack.	No
noviolence_01-471	/datasets/violence/audio/noviolence_01-471.wav	I'd better carry a pack in the world. Because that's the best way to get in a train. Trains on this uneven train with a heavy backpack, right? That's how he gets ready to climb mountains with a backpack on. Karma.	No
noviolence_01-472	/datasets/violence/audio/noviolence_01-472.wav	That guy also has a pretty good practice back home, and it's enough. Will Gad is another great guy, phenomenal paraglider, Red Bull athlete, and he...	No
noviolence_01-473	/datasets/violence/audio/noviolence_01-473.wav	sets up his house to be a jungle gym play where he can do his formal stuff and sometimes it's very rote. He rows and does deadlifts like that is just you	No
noviolence_01-474	/datasets/violence/audio/noviolence_01-474.wav	know for me that like the simplest expression of formal I have a hundred and eighty pound stone at home I run a little bit I pick up the stone until I don't want to and I run a little bit more and I pick up the stone	No
noviolence_01-475	/datasets/violence/audio/noviolence_01-475.wav	and then I do that until I'm done. Yeah. And it's open-ended. There's no clock. So I'm starting to fatigue, I'm slowing down, there's something, thing, or I'm going really long. I'll leave it an open-ended test.	No
noviolence_01-476	/datasets/violence/audio/noviolence_01-476.wav	But for me, I'm like that is very formal and not very sexy and I haven't touched any corners But it's the minimum dose to keep myself alive until I have the time to be more	No
noviolence_01-477	/datasets/violence/audio/noviolence_01-477.wav	Yeah, the minimal dose everything are taking care of what is the thing that you have to take care of every day? Like for me, it's been this idea of get up and take a walk and a walk for me isn't just like	No
noviolence_01-478	/datasets/violence/audio/noviolence_01-478.wav	like walking on flat ground. I go somewhere in nature and I'll climb a tree. I will do some low level vaults, but it's all kind of at that walking pace. It's all at this like.	No
noviolence_01-479	/datasets/violence/audio/noviolence_01-479.wav	I'm not trying to stress my body out. I'm not trying to push to intensity. I love it. I'm working on something I'm calling like, it's sun salutation for the modern person.	No
noviolence_01-48	/datasets/violence/audio/noviolence_01-48.wav	I think what's really important to understand is that if we overlay what modern life looks like, people are really busy.	No
noviolence_01-480	/datasets/violence/audio/noviolence_01-480.wav	Like what is a five minute practice in your gym, I mean in your garage, where you always touch these corners so that they don't go blind to you for a day or two. Cause that's the problem. You know, hey, by the way,	No
noviolence_01-481	/datasets/violence/audio/noviolence_01-481.wav	Since no one programmed pull-ups for you in a week. You haven't put your arms over your head in a week You know what I mean? Like what do you think happens if you didn't touch your face for a week? You'd be like, oh, it's so sick	No
noviolence_01-482	/datasets/violence/audio/noviolence_01-482.wav	I can't touch my face. So that's the question is you know are we Movement snacking enough today where I can hit those things a good warm	No
noviolence_01-483	/datasets/violence/audio/noviolence_01-483.wav	warm up, dedicated warm up, can at least get you to touch those positions in your brain and tell the tissues, we're not going there a lot today, but we're still going there.	No
noviolence_01-484	/datasets/violence/audio/noviolence_01-484.wav	And that's that's that idea. You know that's why I love climbing trees is because all of a sudden overhead gonna happen Reaching in all these little different corners being	No
noviolence_01-485	/datasets/violence/audio/noviolence_01-485.wav	You know in this position reaching this way reaching this way reaching side to side Full dorsiflexion of the ankle. Massive. Wow also stretching all the way through here. So you're	No
noviolence_01-486	/datasets/violence/audio/noviolence_01-486.wav	that fascia all the way from the hand down into the foot. Or, comma, just climbing a tree. Just climbing a tree, yeah. Climbing a tree is a huge, is actually, I think, a really...	No
noviolence_01-487	/datasets/violence/audio/noviolence_01-487.wav	wonderful way to try and hit all these corners that you talk about. We're working on a dedicate teaching space near our house just for courses and the gym...	No
noviolence_01-488	/datasets/violence/audio/noviolence_01-488.wav	structure you had at Park Revisions has lived in my brain because the kids come in and they start climbing like monkeys and it's amazing to see. Right? And there's the swinging and	No
noviolence_01-489	/datasets/violence/audio/noviolence_01-489.wav	Literally, we pick up my daughter, my younger, we pick up our kids yesterday after care, and Carolyn's, wait, wait, wait, wait, and she walks over to this bench, and it's her thing she does before she gets in the car, and she jumps and she tries to.	No
noviolence_01-49	/datasets/violence/audio/noviolence_01-49.wav	One aspect of that is, what's the most efficient way to teach someone a skill? Well, hey, maybe teaching someone in this artificial fake outdoor gym, right? Which is like any parkour gym.	No
noviolence_01-490	/datasets/violence/audio/noviolence_01-490.wav	spin around twice and get back to the bench. And it's just like her game. And she's like, I messed it up. And she does it like six times. And finally I'm like, Caroline, that's enough to swing it. How dare you? Like, you know, but that.	No
noviolence_01-491	/datasets/violence/audio/noviolence_01-491.wav	that thing, you know, those are the things, you know, we have a slackline in our house, our kids are in the pool every day, you know, we, we, we, you know, we're in the garage.	No
noviolence_01-492	/datasets/violence/audio/noviolence_01-492.wav	and I have a rope in the garage and gymnastics rings. And it's just noise. And I think that's what's fun, is that you can turn play into all day long. It doesn't have to be formal play. It can just be.	No
noviolence_01-493	/datasets/violence/audio/noviolence_01-493.wav	spontaneous play, then, you know, one of the great things is that we, I really want my kids to skateboard. I picked up skating late, even though I could ski, so I picked up fast.	No
noviolence_01-494	/datasets/violence/audio/noviolence_01-494.wav	But we just got this golf board, which is like an electric golfing surfboard. It was invented for golf, but it's like a surfboard. But it goes 12 miles an hour and it really...	No
noviolence_01-495	/datasets/violence/audio/noviolence_01-495.wav	turns and Georgia is on it like she comes home she's going out for the golfboard and watching her figure out where to put her hip and weight balance and plan ahead and you know I'm like wow	No
noviolence_01-496	/datasets/violence/audio/noviolence_01-496.wav	You know, just more background noise. You know, just fantastic. Yeah, create more rich movement environments. Like this is a big part of this movement hygiene thing is, what do you have available to you?	No
noviolence_01-497	/datasets/violence/audio/noviolence_01-497.wav	Right everyone needs something they can hang from right everyone needs. I think you use diverse services, right? You shouldn't be on flat hard ground all the time like if we can have just	No
noviolence_01-498	/datasets/violence/audio/noviolence_01-498.wav	an outdoor place for someone to go where they can squat down on something that's not just the same type of surface that they've been in on indoors all the time. We can take a walk on something like that.	No
noviolence_01-499	/datasets/violence/audio/noviolence_01-499.wav	that. The more stuff that we can get like this and just feed the nervous system, feed the tissues, more different loading vectors, more kinesthetic information.	No
noviolence_01-5	/datasets/violence/audio/noviolence_01-5.wav	that's broader than just a gym and that was really kind of the push that started the Evolve Mood Play process so I'll always be a huge fan of Kelly and incredibly thankful to these guys.	No
noviolence_01-50	/datasets/violence/audio/noviolence_01-50.wav	It doesn't resonate and it doesn't block the pattern. So what we're saying is, for example, if I'm trying to get someone to do a better burpee or to learn the mechanics of jumping landing safe, if I say put your feet together...	No
noviolence_01-500	/datasets/violence/audio/noviolence_01-500.wav	You're gonna have a structure that's more resilient, more adaptable, and you're gonna be a lot happier and have more fun. Well, you know, I think you know that sounds great and then you go to New York City.	No
noviolence_01-501	/datasets/violence/audio/noviolence_01-501.wav	city and you're like okay it's gonna be trickier. So then it really becomes a question of you know what aspects of that play or that richness can I incorporate and I think that's what we need to do.	No
noviolence_01-502	/datasets/violence/audio/noviolence_01-502.wav	You know a move a natural movement practice is high concept shouldn't be but it's high concept the way we live now Yeah, so how do we take the best tenants of that?	No
noviolence_01-503	/datasets/violence/audio/noviolence_01-503.wav	and apply. And that's what we need to do. You know, even if it means, hey, these are monkey bars. Show me how creative you can get on the monkey bar. Let's play a monkey bar game where you can't do the same pass twice. And we're going to do this for 30 minutes.	No
noviolence_01-504	/datasets/violence/audio/noviolence_01-504.wav	Boy, that becomes very, very, very interesting very quickly. So these are the ongoing conversations I think are important. Some things that I've learned is that.	No
noviolence_01-505	/datasets/violence/audio/noviolence_01-505.wav	I started a breathing practice. Huge. It's 15 minutes every day. And it's not about meditation. That's a side effect. It's about mechanical ventilation. And then I do a breath holds on the end.	No
noviolence_01-506	/datasets/violence/audio/noviolence_01-506.wav	this is Wim Hof, I've gone down that Wim Hof pathway and you know like I don't feel right unless I've primed you know and boy that's almost like stretching for my lungs.	No
noviolence_01-507	/datasets/violence/audio/noviolence_01-507.wav	in a least term, right? But also the consciousness. You know, thinking about hey, I want to do a goal. So, something I taper my movement...	No
noviolence_01-508	/datasets/violence/audio/noviolence_01-508.wav	practice into solving a goal problem.	No
noviolence_01-509	/datasets/violence/audio/noviolence_01-509.wav	you know, hey, I'm gonna just try to eat more vegetables in a day. Those are the things I think can be a constant conversation. And remember, I think the pendulum does this.	No
noviolence_01-51	/datasets/violence/audio/noviolence_01-51.wav	automatically you're protected. So I can block your movement patterning and automatically get a better response. If I'm on a on a limb I'm gonna get the same response and so you	No
noviolence_01-510	/datasets/violence/audio/noviolence_01-510.wav	right? And you catch perfect.	No
noviolence_01-511	/datasets/violence/audio/noviolence_01-511.wav	Every other time, but there's a moment. We're like damn it. I crushed it today, and then tomorrow You're on an airplane and you're crippled. So what does that mean? How do I manage that those?	No
noviolence_01-512	/datasets/violence/audio/noviolence_01-512.wav	the applications I think we can really change people's lives.	No
noviolence_01-513	/datasets/violence/audio/noviolence_01-513.wav	Yeah, how we can find that in some balance between.	No
noviolence_01-514	/datasets/violence/audio/noviolence_01-514.wav	Find what you love, engage with it, engage in play, and find the thing that motivates you, but then ask yourself, what are you missing?	No
noviolence_01-515	/datasets/violence/audio/noviolence_01-515.wav	What is the thing that is going to unlock that next level for you? Yeah, you know, if you can't do a pull-up, red flag. You know, if you can't do a push-up, red flag. You know, if you can't...	No
noviolence_01-516	/datasets/violence/audio/noviolence_01-516.wav	If you can't squat all the way down with your ankles on the ground, red flag. And that doesn't mean, and this is the goal I think for people is that we say muscles and tissues are obedient dogs. It means that you're always in a lim-	No
noviolence_01-517	/datasets/violence/audio/noviolence_01-517.wav	learning state and you can always learn and pick up a new skill always. Tush has become a little less compliant, but they'll come around always. So it's never too late to have a conversation and we recognize it.	No
noviolence_01-518	/datasets/violence/audio/noviolence_01-518.wav	People come from some background that, you know, I don't know your injury history, I don't know your work history, your stress history, I don't know if you had cancer. Doesn't matter. You're either complete or incomplete. Right? It's yes or no.	No
noviolence_01-519	/datasets/violence/audio/noviolence_01-519.wav	it's developing, it's not good or bad, it's just you have incomplete shoulder position. I don't know, because you carry body armor and a gun for six months, you know? So great, well that allows us, so that what we need to do then.	No
noviolence_01-52	/datasets/violence/audio/noviolence_01-52.wav	by removing some of the variability, possibility, you get the true expression of what we're after. So that becomes, you know, important and also that ag...	No
noviolence_01-520	/datasets/violence/audio/noviolence_01-520.wav	The only other critique I have about what's happening is that people are not also thinking this is a diagnostic process.	No
noviolence_01-521	/datasets/violence/audio/noviolence_01-521.wav	Hopefully the movement practice starts to solve some things, but I can also guarantee you that we are incomplete movers because we're modern. Because we can't...	No
noviolence_01-522	/datasets/violence/audio/noviolence_01-522.wav	come to it late, right? Yeah, this is a really interesting thing for me, is going into formal systems, trying to learn the diagnostics, and then trying to apply them to a natural movement.	No
noviolence_01-523	/datasets/violence/audio/noviolence_01-523.wav	I need to know what your shoulder can do. I need to know what's happening at your hip. I need to know what's happening at your ankle.	No
noviolence_01-524	/datasets/violence/audio/noviolence_01-524.wav	And now that I've developed a really good eye for that using FMS, using some of your stuff, some of Katie's stuff, whatever it is, now when I take somebody out and have them move in a tree...	No
noviolence_01-525	/datasets/violence/audio/noviolence_01-525.wav	and climb, all of a sudden the pattern becomes clear. So we have to be going back and forth between formalizing and objectivizing these physical exercises. Finding.	No
noviolence_01-526	/datasets/violence/audio/noviolence_01-526.wav	what is there and then going back to what is the root of them because	No
noviolence_01-527	/datasets/violence/audio/noviolence_01-527.wav	We'll never capture all the information of what it means to move through a tree in any formalized... Well, what do I need to do? Why do I need to do a pistol? I mean, literally, a one-legged squad...	No
noviolence_01-528	/datasets/violence/audio/noviolence_01-528.wav	I'm never going to do that in nature. Until I'm on a tree and I'm lowering myself to another tree or I'm on the edge of a cliff or edge of a step and I have to lower down. And then I'm in that position automatically.	No
noviolence_01-529	/datasets/violence/audio/noviolence_01-529.wav	Yeah, you know and I think that's the the issues that we were just not clever enough to have connected the dots What we recognize is the pistol forces me to have full range of motion control on a single leg, right?	No
noviolence_01-53	/datasets/violence/audio/noviolence_01-53.wav	so we can take that concept and say...	No
noviolence_01-530	/datasets/violence/audio/noviolence_01-530.wav	the thing full hip range of motion but that's not the thing that we actually care about at all. In fact training that that's good but more importantly being able to understand it and see how it relates and see that that is	No
noviolence_01-531	/datasets/violence/audio/noviolence_01-531.wav	the diagnostic and that's why I think we've had good success with M.Y. to saying the language, classic language of conditioning.	No
noviolence_01-532	/datasets/violence/audio/noviolence_01-532.wav	and strengthening can also be a diagnostic tool. So that we can converge what everyone agrees on because I don't care if you believe in you're in the world, I know you believe in the.	No
noviolence_01-533	/datasets/violence/audio/noviolence_01-533.wav	push up or getting up off the ground. Right? And this is a crappy pattern. And this is a pattern that translates to everything else. Right? So why aren't we seeing that? Well, it's...	No
noviolence_01-534	/datasets/violence/audio/noviolence_01-534.wav	to see that in more dynamic environments with a little bit more noise, it's easier to see it on the ground. And so as soon as you can then see it...	No
noviolence_01-535	/datasets/violence/audio/noviolence_01-535.wav	then maybe need to do it less on the ground, right? Less than the gym. But we have to give people the language, because what I have seen over the last 30 years or 40 years is that it's just not working.	No
noviolence_01-536	/datasets/violence/audio/noviolence_01-536.wav	let's do more of it, I don't know why, oh you got hurt, oh that's, you know, that's where we can really start to make changes. And we can improve this. You experienced this your.	No
noviolence_01-537	/datasets/violence/audio/noviolence_01-537.wav	going through kind of a wild practice saying you know I'm pushing I'm pushing I'm doing all these really cool things I'm gaining but stuff's getting stuck and I don't know what it is that's right go into a more formal	No
noviolence_01-538	/datasets/violence/audio/noviolence_01-538.wav	practice you learn something you can go back and say oh well that's obvious that if my shoulder was in the wrong position that's right that I'm not gonna be able to keep getting better at paddling at a certain point.	No
noviolence_01-539	/datasets/violence/audio/noviolence_01-539.wav	gonna get broken. And that's what's amazing. And then also we do see people who, it's apologetics, where they're like, oh I don't go into the gym. We have two neighbors who are like mountain bikers.	No
noviolence_01-54	/datasets/violence/audio/noviolence_01-54.wav	you know, what is it about our lives and our daily practice?	No
noviolence_01-540	/datasets/violence/audio/noviolence_01-540.wav	Like we were training in our garage and we have a pretty sophisticated movement practice to let it on for a couple of middle-aged People and they were like they were laughing at so like our gyms	No
noviolence_01-541	/datasets/violence/audio/noviolence_01-541.wav	out there and I was like you're on a fucking bike. You know what I mean? There's some good stuff happening there, but dude, you are not competent in any other realm except your little.	No
noviolence_01-542	/datasets/violence/audio/noviolence_01-542.wav	mountain bike with your hunchback. And so I think what we just need to make sure is that we're not.	No
noviolence_01-543	/datasets/violence/audio/noviolence_01-543.wav	saking completeness or possibility and then you know then we can really talk about what is self-actualization physically and	No
noviolence_01-544	/datasets/violence/audio/noviolence_01-544.wav	We should be chasing that why aren't we refining? Why can't you know? This thing is so remarkable and with just a little care and feeding you won't tweak your back. You won't wear a hole in	No
noviolence_01-545	/datasets/violence/audio/noviolence_01-545.wav	kneecap. It won't blow your Achilles. These are tissues that are designed to go the distance.	No
noviolence_01-546	/datasets/violence/audio/noviolence_01-546.wav	It's our error in the way we move and the way we feed them that it's our fault.	No
noviolence_01-547	/datasets/violence/audio/noviolence_01-547.wav	Awesome, I think that's a good spot for us to kind of stop the conversation for today. Oh man, we can do this. This is what people understand.	No
noviolence_01-548	/datasets/violence/audio/noviolence_01-548.wav	My friends who are thinkers, they are nerds. You are such a nerd. I just read a quote that was like, that you should strive to lead a life where you don't need a vacation from.	No
noviolence_01-549	/datasets/violence/audio/noviolence_01-549.wav	Yeah, literally like we work hard, but this is it. I mean, this is work and play and this is what I'd be doing in my Yeah. Yeah, absolutely Thank you so much. Look forward	No
noviolence_01-55	/datasets/violence/audio/noviolence_01-55.wav	If I sit, I'm toast. My butt is dead, my snow is dead, my diaphragm is toast, my pelvic floor is toast, I'm in turn running to the neck. You can just check the boxes, right?	No
noviolence_01-550	/datasets/violence/audio/noviolence_01-550.wav	to doing it again. Thanks guys.	No
noviolence_01-56	/datasets/violence/audio/noviolence_01-56.wav	But if I force myself to be in a moving situation where I'm in constant movement and I make the environment fit the physiology, then we're always going to have a better solution.	No
noviolence_01-57	/datasets/violence/audio/noviolence_01-57.wav	You know, at some point, you know...	No
noviolence_01-58	/datasets/violence/audio/noviolence_01-58.wav	We can do carries and hope that we get there, but at some point we're teaching people the formal aspect of it.	No
noviolence_01-59	/datasets/violence/audio/noviolence_01-59.wav	still works because we understand at that tissue level mechanical model now because we have so much that allows us to refine the play and that's what we need to do.	No
noviolence_01-6	/datasets/violence/audio/noviolence_01-6.wav	guys for supporting my work. So I'm really excited to do our first podcast for Volumoo Play with us, Duretz. So thank you guys so much for being here. Pleasure. Thanks for having us. So.	No
noviolence_01-60	/datasets/violence/audio/noviolence_01-60.wav	We have to find this balance between the two is what I found in my practice The coach needs to know what the pattern that they're looking for how to cue it, right? So if you're trying to cue a burpee	No
noviolence_01-61	/datasets/violence/audio/noviolence_01-61.wav	a bunch of different cues, that's going to make it too difficult for the athlete to just self-organize the right solution. But if you find that one cue, the feet together, or in my case putting them in a tree, then all of a sudden...	No
noviolence_01-62	/datasets/violence/audio/noviolence_01-62.wav	It kind of flows from there and then we get move our good movement solutions Yeah, and you know what's really great about that is there's a concept that we've been doing with It comes out of industry	No
noviolence_01-63	/datasets/violence/audio/noviolence_01-63.wav	accident research and it's called self-organized criticality. And the idea around that is, you know, people are always gonna find solutions from the environment.	No
noviolence_01-64	/datasets/violence/audio/noviolence_01-64.wav	That's the problem with human beings that were so stinking clever. You know, there's a great say I don't remember who said it but like someone's like, you know, it's easy to forget because the hands are clever. Yeah	No
noviolence_01-65	/datasets/violence/audio/noviolence_01-65.wav	I can manipulate I forget what happens up here and it doesn't even matter because my hands are so clever right yeah that I Can't really see what's happening because look I still can grab the staff, but uh this is	No
noviolence_01-66	/datasets/violence/audio/noviolence_01-66.wav	you know crappy position right and all you have to do is go watch the Walking Dead right now and see that guy hold the staff with his valgus knees and you're like you don't understand it's hard to watch it's hard to watch	No
noviolence_01-67	/datasets/violence/audio/noviolence_01-67.wav	But what we've seen is...	No
noviolence_01-68	/datasets/violence/audio/noviolence_01-68.wav	I doubt Rafe is watching a lot of walking dead, baby. I doubt he is. Can I see your hand? Can I see your hand? Have you ever seen this correction? You gotta watch the walking dead, bro. Okay. Alright, so the idea though is...	No
noviolence_01-69	/datasets/violence/audio/noviolence_01-69.wav	What we see is the same way that you're saying, hey look, what decisions do I make as a teacher of the human to move correctly? Yeah.	No
noviolence_01-7	/datasets/violence/audio/noviolence_01-7.wav	The first thing I wanted to ask you guys about is just kind of...	No
noviolence_01-70	/datasets/violence/audio/noviolence_01-70.wav	and to move efficiently and naturally.	No
noviolence_01-71	/datasets/violence/audio/noviolence_01-71.wav	What what decisions do I make about environment or tools to elicit that response?	No
noviolence_01-72	/datasets/violence/audio/noviolence_01-72.wav	because what we know is the opposite is going to also happen instead of saying self-organized fluency I'm gonna see a self-organized criticality which means I'm solving problems and because they	No
noviolence_01-73	/datasets/violence/audio/noviolence_01-73.wav	haven't gone critical yet.	No
noviolence_01-74	/datasets/violence/audio/noviolence_01-74.wav	I think that's an okay solution. And that is my only critique of the movement natural system, is that, hey, we've run that experiment in swimming and biking and running, and people get hurt.	No
noviolence_01-75	/datasets/violence/audio/noviolence_01-75.wav	Because they don't have some formal training. But it's so easy to go down the formal training rabbit hole and forget the whole point is out there. We've seen so many people do that.	No
noviolence_01-76	/datasets/violence/audio/noviolence_01-76.wav	our universe. I mean, so many people literally are in the gym. That's all they do. They never even go outside and do anything.	No
noviolence_01-77	/datasets/violence/audio/noviolence_01-77.wav	And you know, that's, we think that's it. Hurts their gains, right? Yeah, yeah, I mean, yeah. Hurts their gains. I would say that we are seeing a renaissance.	No
noviolence_01-78	/datasets/violence/audio/noviolence_01-78.wav	of people saying, okay, I've understood now, I've done the time, and maybe the time that I should have had earlier. So like, our daughters, we have a little group at our house that gets together once a week or twice a week.	No
noviolence_01-79	/datasets/violence/audio/noviolence_01-79.wav	And one of the things we always do is we front squat.	No
noviolence_01-8	/datasets/violence/audio/noviolence_01-8.wav	You guys have done a lot of movement stuff. You guys came from canoeing, both of you guys. You went into CrossFit really early, adopters of CrossFit. You guys got into looking.	No
noviolence_01-80	/datasets/violence/audio/noviolence_01-80.wav	Alillist. Whoa.	No
noviolence_01-81	/datasets/violence/audio/noviolence_01-81.wav	And so we're laying on this formal training early enough so the kids are aware. And you should see George, my 10 year old front squat is a 45 pound men's bar.	No
noviolence_01-82	/datasets/violence/audio/noviolence_01-82.wav	And now she's realizing that when she gets heavy in the fifth rep of that 45, her positions are robust and there's no deviation. So now we have this formal move.	No
noviolence_01-83	/datasets/violence/audio/noviolence_01-83.wav	training, front squatting in my house, right, that she can then express in playing volleyball in the instantaneous play games. And we didn't have a lot of that as kids. We had the president's physical fitness.	No
noviolence_01-84	/datasets/violence/audio/noviolence_01-84.wav	and that was about it but we didn't have any of that and it took us until you know we were both 30 years old when we really got out of formal sport and moved into what we call movement practice. Yeah absolutely.	No
noviolence_01-85	/datasets/violence/audio/noviolence_01-85.wav	or 30 years old by that point. So that segues us into a question I really wanted to ask. Juliette actually has to go a little bit early today. So I really wanted to get into this thing you guys are doing with stand-up kids.	No
noviolence_01-86	/datasets/violence/audio/noviolence_01-86.wav	I had a conversation with a friend of mine who's a PT for the sales seahawks. He's saying...	No
noviolence_01-87	/datasets/violence/audio/noviolence_01-87.wav	He and the guys he worked with are really worried about the next generation of kids coming up because they're looking at athletes now who are much more fragile. Just in five years.	No
noviolence_01-88	/datasets/violence/audio/noviolence_01-88.wav	generation of athletes has come up.	No
noviolence_01-89	/datasets/violence/audio/noviolence_01-89.wav	who have gotten weaker, who are more injury prone, who are falling apart much earlier in their careers, and they're saying, man.	No
noviolence_01-9	/datasets/violence/audio/noviolence_01-9.wav	much more deeply at this idea of movement in general and how we can fix that. You know your certification was called the movement certification right? Mobility and movement. And you've been doing that.	No
noviolence_01-90	/datasets/violence/audio/noviolence_01-90.wav	10 years down the road, the work of a PT in the NFL is going to be just insane because you're going to have blown ACLs all the time, you're going to have blown Achilles all the time. And they're seeing...	No
noviolence_01-91	/datasets/violence/audio/noviolence_01-91.wav	that it's that population profoundly athletic right some of the most powerful fast movers that we've ever seen has changed everything we can model pick we can we can	No
noviolence_01-92	/datasets/violence/audio/noviolence_01-92.wav	You can copy, comma, but at the same time, these guys are actually totally sedentary.	No
noviolence_01-93	/datasets/violence/audio/noviolence_01-93.wav	And they've been sedentary except for their sports practice for years. They don't get to run outside. They don't get to climb trees. They don't get to actually behave like a normal human being. And they get compromised by the environment.	No
noviolence_01-94	/datasets/violence/audio/noviolence_01-94.wav	So take environmental compromise, right? We're malnourished, but overfed. We're not moving through the whole day. Tissues are congested, and you're...	No
noviolence_01-95	/datasets/violence/audio/noviolence_01-95.wav	adopting compensatory patterns. You know, if you look at the school, I mean, the...	No
noviolence_01-96	/datasets/violence/audio/noviolence_01-96.wav	The Kaiser Family Foundation put out a study that said...	No
noviolence_01-97	/datasets/violence/audio/noviolence_01-97.wav	that kids between eight and 18 across socioeconomic cohort, doesn't matter where you from, those kids are spending an average of seven and a half hours a day in front of a screen. Yeah. So the key.	No
noviolence_01-98	/datasets/violence/audio/noviolence_01-98.wav	And I mean, the one thing I thought was really interesting and goes with what the Seahawks guys are saying is that kids today run a mile, an average of a minute and a half slower than their parents.	No
noviolence_01-99	/datasets/violence/audio/noviolence_01-99.wav	And your dad was slow. So you know, separate and apart from all the orthopedic dysfunction, there's like a general fitness issue that we're seeing.	No
noviolence_02-1	/datasets/violence/audio/noviolence_02-1.wav	Hey guys, Reef here from Development Play. Today I'm here with Frank Forensic from Exuberant Animal. Frank is one of the really kind of early thinkers on applying the	No
noviolence_02-10	/datasets/violence/audio/noviolence_02-10.wav	help them organize an event.	No
noviolence_02-100	/datasets/violence/audio/noviolence_02-100.wav	I think it's a distraction and it takes us away from the experience of moving our bodies and we become more like data collectors.	No
noviolence_02-101	/datasets/violence/audio/noviolence_02-101.wav	That's part of it.	No
noviolence_02-102	/datasets/violence/audio/noviolence_02-102.wav	It can be powerful.	No
noviolence_02-103	/datasets/violence/audio/noviolence_02-103.wav	I think it's very limiting.	No
noviolence_02-104	/datasets/violence/audio/noviolence_02-104.wav	We say everybody who's gonna.	No
noviolence_02-105	/datasets/violence/audio/noviolence_02-105.wav	Run, everybody should run. We're all gonna run and now we're gonna measure who wins.	No
noviolence_02-106	/datasets/violence/audio/noviolence_02-106.wav	Well you have a small group of people.	No
noviolence_02-107	/datasets/violence/audio/noviolence_02-107.wav	a lot of people who end up not.	No
noviolence_02-108	/datasets/violence/audio/noviolence_02-108.wav	And that's kind of seeped into the whole culture.	No
noviolence_02-109	/datasets/violence/audio/noviolence_02-109.wav	I thought people see my video.	No
noviolence_02-11	/datasets/violence/audio/noviolence_02-11.wav	I found a lot of inspiration in his work at the time, but we kind of drifted apart and I hadn't really...	No
noviolence_02-110	/datasets/violence/audio/noviolence_02-110.wav	I'll never reach that level or I'm 25 or I'm 35 or I'm 18 and I feel like I'm too old.	No
noviolence_02-111	/datasets/violence/audio/noviolence_02-111.wav	It's crazy how young people think they're too old in our culture.	No
noviolence_02-112	/datasets/violence/audio/noviolence_02-112.wav	Hmph.	No
noviolence_02-113	/datasets/violence/audio/noviolence_02-113.wav	And I'm always like, well.	No
noviolence_02-114	/datasets/violence/audio/noviolence_02-114.wav	Maybe you won't, ever.	No
noviolence_02-115	/datasets/violence/audio/noviolence_02-115.wav	from one waterfall to another.	No
noviolence_02-116	/datasets/violence/audio/noviolence_02-116.wav	You know what, you can have an immense.	No
noviolence_02-117	/datasets/violence/audio/noviolence_02-117.wav	valuable journey.	No
noviolence_02-118	/datasets/violence/audio/noviolence_02-118.wav	You can have a more valuable journey without ever achieving that.	No
noviolence_02-119	/datasets/violence/audio/noviolence_02-119.wav	It's not about...	No
noviolence_02-12	/datasets/violence/audio/noviolence_02-12.wav	looking at it as much until a friend of ours that I just see brown sort of	No
noviolence_02-120	/datasets/violence/audio/noviolence_02-120.wav	to saying a mouthful.	No
noviolence_02-121	/datasets/violence/audio/noviolence_02-121.wav	It's not what the man is of the mountain.	No
noviolence_02-122	/datasets/violence/audio/noviolence_02-122.wav	That's good.	No
noviolence_02-123	/datasets/violence/audio/noviolence_02-123.wav	Yeah, I think it's	No
noviolence_02-124	/datasets/violence/audio/noviolence_02-124.wav	mission to focus on.	No
noviolence_02-125	/datasets/violence/audio/noviolence_02-125.wav	Right, right. And I think that really means de-emphasizing competition.	No
noviolence_02-126	/datasets/violence/audio/noviolence_02-126.wav	Competition is such a big feature of...	No
noviolence_02-127	/datasets/violence/audio/noviolence_02-127.wav	the white man's culture.	No
noviolence_02-128	/datasets/violence/audio/noviolence_02-128.wav	and we find ways to introduce competition into almost everything that we do now.	No
noviolence_02-129	/datasets/violence/audio/noviolence_02-129.wav	and that...	No
noviolence_02-13	/datasets/violence/audio/noviolence_02-13.wav	sharing his work with me.	No
noviolence_02-130	/datasets/violence/audio/noviolence_02-130.wav	that produces some incredible achievement.	No
noviolence_02-131	/datasets/violence/audio/noviolence_02-131.wav	but it also extracts a bit cost.	No
noviolence_02-132	/datasets/violence/audio/noviolence_02-132.wav	I hate to see it.	No
noviolence_02-133	/datasets/violence/audio/noviolence_02-133.wav	Yeah, the classical. So can you just explain what classical.	No
noviolence_02-134	/datasets/violence/audio/noviolence_02-134.wav	Right, this is a distinction from, well, a little bit of background. I went to teacher education school and I found it to be extremely frustrating because they gave us this incredible...	No
noviolence_02-135	/datasets/violence/audio/noviolence_02-135.wav	hodgepodge of ideas about	No
noviolence_02-136	/datasets/violence/audio/noviolence_02-136.wav	how to become educated or how to teach.	No
noviolence_02-137	/datasets/violence/audio/noviolence_02-137.wav	and I found it just tremendously frustrating. So I did a lot of background work and I happened across a short essay.	No
noviolence_02-138	/datasets/violence/audio/noviolence_02-138.wav	by Alfred North Whitehead.	No
noviolence_02-139	/datasets/violence/audio/noviolence_02-139.wav	of philosophy, matter.	No
noviolence_02-14	/datasets/violence/audio/noviolence_02-14.wav	And it was amazing because over those eight years...	No
noviolence_02-140	/datasets/violence/audio/noviolence_02-140.wav	And he looked at education and he said, look, there's advocates for freedom.	No
noviolence_02-141	/datasets/violence/audio/noviolence_02-141.wav	There's advocates for discipline and they're always fighting with each other.	No
noviolence_02-142	/datasets/violence/audio/noviolence_02-142.wav	Can't we have a system?	No
noviolence_02-143	/datasets/violence/audio/noviolence_02-143.wav	That's awesome.	No
noviolence_02-144	/datasets/violence/audio/noviolence_02-144.wav	between the two.	No
noviolence_02-145	/datasets/violence/audio/noviolence_02-145.wav	And now we have two poles, one where there's freedom, the other where there's discipline, and each one has its play.	No
noviolence_02-146	/datasets/violence/audio/noviolence_02-146.wav	So you have a rhythm where you have a phase or a period of highly disciplined training that gives way now to a romantic...	No
noviolence_02-147	/datasets/violence/audio/noviolence_02-147.wav	experience and then back into a discipline phase. And so what he describes, and it's really interesting to read this because it's called the rhythmic claims.	No
noviolence_02-148	/datasets/violence/audio/noviolence_02-148.wav	of freedom and discipline.	No
noviolence_02-149	/datasets/violence/audio/noviolence_02-149.wav	and he sounds like a Taoist in there because he's talking about rhythm and...	No
noviolence_02-15	/datasets/violence/audio/noviolence_02-15.wav	I had evolved a lot of similar perspectives to the stuff that I saw Frank kind of saying before maybe anybody else	No
noviolence_02-150	/datasets/violence/audio/noviolence_02-150.wav	oscillation.	No
noviolence_02-151	/datasets/violence/audio/noviolence_02-151.wav	And it's great. And it's a way to have it both ways.	No
noviolence_02-152	/datasets/violence/audio/noviolence_02-152.wav	And this is something that we don't see. The typical education process doesn't include both of these. It's usually either some sort of hardcore discipline training.	No
noviolence_02-153	/datasets/violence/audio/noviolence_02-153.wav	or some free for all where	No
noviolence_02-154	/datasets/violence/audio/noviolence_02-154.wav	the participants are encouraged to do whatever they want.	No
noviolence_02-155	/datasets/violence/audio/noviolence_02-155.wav	and that's okay too but	No
noviolence_02-156	/datasets/violence/audio/noviolence_02-156.wav	the best result comes in putting them together.	No
noviolence_02-157	/datasets/violence/audio/noviolence_02-157.wav	It's um...	No
noviolence_02-158	/datasets/violence/audio/noviolence_02-158.wav	From my money, that's that's	No
noviolence_02-159	/datasets/violence/audio/noviolence_02-159.wav	the future. That's the way to go is teach teachers how to deliver both kinds of experiments.	No
noviolence_02-16	/datasets/violence/audio/noviolence_02-16.wav	So	No
noviolence_02-160	/datasets/violence/audio/noviolence_02-160.wav	I had it.	No
noviolence_02-161	/datasets/violence/audio/noviolence_02-161.wav	Cringed writing	No
noviolence_02-162	/datasets/violence/audio/noviolence_02-162.wav	Everybody can write. All writing is good.	No
noviolence_02-163	/datasets/violence/audio/noviolence_02-163.wav	just write lots of paper.	No
noviolence_02-164	/datasets/violence/audio/noviolence_02-164.wav	And at the end of it, I didn't feel like I learned anything.	No
noviolence_02-165	/datasets/violence/audio/noviolence_02-165.wav	And you know, I've tended to go the opposite.	No
noviolence_02-166	/datasets/violence/audio/noviolence_02-166.wav	scientific and analytical.	No
noviolence_02-167	/datasets/violence/audio/noviolence_02-167.wav	and there's been a lot of bad...	No
noviolence_02-168	/datasets/violence/audio/noviolence_02-168.wav	progression within that.	No
noviolence_02-169	/datasets/violence/audio/noviolence_02-169.wav	teaching my students.	No
noviolence_02-17	/datasets/violence/audio/noviolence_02-17.wav	Frank's just here in Leavenworth, it's beautiful.	No
noviolence_02-170	/datasets/violence/audio/noviolence_02-170.wav	as I...	No
noviolence_02-171	/datasets/violence/audio/noviolence_02-171.wav	Hold back some.	No
noviolence_02-172	/datasets/violence/audio/noviolence_02-172.wav	at clinical aspects.	No
noviolence_02-173	/datasets/violence/audio/noviolence_02-173.wav	leaving enough structure there but giving them a lot more room.	No
noviolence_02-174	/datasets/violence/audio/noviolence_02-174.wav	fill out the scaffolding. Right.	No
noviolence_02-175	/datasets/violence/audio/noviolence_02-175.wav	the progression and-	No
noviolence_02-176	/datasets/violence/audio/noviolence_02-176.wav	Right. And within my personal	No
noviolence_02-177	/datasets/violence/audio/noviolence_02-177.wav	or I'll go through period.	No
noviolence_02-178	/datasets/violence/audio/noviolence_02-178.wav	my first three involving plays	No
noviolence_02-179	/datasets/violence/audio/noviolence_02-179.wav	for me.	No
noviolence_02-18	/datasets/violence/audio/noviolence_02-18.wav	snowy day and	No
noviolence_02-180	/datasets/violence/audio/noviolence_02-180.wav	Go outside every day.	No
noviolence_02-181	/datasets/violence/audio/noviolence_02-181.wav	and find the way that I want to move.	No
noviolence_02-182	/datasets/violence/audio/noviolence_02-182.wav	and I made a lot of progress for a while.	No
noviolence_02-183	/datasets/violence/audio/noviolence_02-183.wav	visit. It was meant to be.	No
noviolence_02-184	/datasets/violence/audio/noviolence_02-184.wav	Right, right.	No
noviolence_02-185	/datasets/violence/audio/noviolence_02-185.wav	having a conversation in the last podcast.	No
noviolence_02-187	/datasets/violence/audio/noviolence_02-187.wav	So I wanted to kind of bring that idea back around to you and say	No
noviolence_02-188	/datasets/violence/audio/noviolence_02-188.wav	Use discipline.	No
noviolence_02-189	/datasets/violence/audio/noviolence_02-189.wav	tools that we need.	No
noviolence_02-19	/datasets/violence/audio/noviolence_02-19.wav	I thought it'd be great to come up and have a conversation with Frank about movement and the growth of the movement world and how this broader evolution of the movement has shaped the way that we're doing things. Thanks for joining us. We'll talk again soon.	No
noviolence_02-190	/datasets/violence/audio/noviolence_02-190.wav	bringing up play in.	No
noviolence_02-191	/datasets/violence/audio/noviolence_02-191.wav	Right. Well I was fortunate I had a martial art teacher who I thought struck a really nice balance with this. Because the figure everybody's talking about now is the...	No
noviolence_02-192	/datasets/violence/audio/noviolence_02-192.wav	you know it's 10 000 hours to achieve mastery in any	No
noviolence_02-193	/datasets/violence/audio/noviolence_02-193.wav	discipline, whatever it is.	No
noviolence_02-194	/datasets/violence/audio/noviolence_02-194.wav	And, you know, that's roughly the time to get a black.	No
noviolence_02-195	/datasets/violence/audio/noviolence_02-195.wav	and he was really quite good because there were times and circumstances where he was a hardcore disciplinarian. So you stand here, you do this	No
noviolence_02-196	/datasets/violence/audio/noviolence_02-196.wav	You do this punch, you do it exactly the way I'm telling you. But he also allowed for slack in the system. There were times during the training week and the training month.	No
noviolence_02-197	/datasets/violence/audio/noviolence_02-197.wav	where we could just do this playful spar.	No
noviolence_02-198	/datasets/violence/audio/noviolence_02-198.wav	it was just whatever you want to do. That's okay.	No
noviolence_02-199	/datasets/violence/audio/noviolence_02-199.wav	And the sort of paradox here is that the more discipline you bring...	No
noviolence_02-2	/datasets/violence/audio/noviolence_02-2.wav	Helio idea.	No
noviolence_02-20	/datasets/violence/audio/noviolence_02-20.wav	help people really	No
noviolence_02-200	/datasets/violence/audio/noviolence_02-200.wav	the more fun you can have.	No
noviolence_02-201	/datasets/violence/audio/noviolence_02-201.wav	Once you set up the boundaries and tell people to play within those boundaries...	No
noviolence_02-202	/datasets/violence/audio/noviolence_02-202.wav	Beautiful things start to happen.	No
noviolence_02-203	/datasets/violence/audio/noviolence_02-203.wav	The problem is if you don't have any boundaries, now the play field is too wide.	No
noviolence_02-204	/datasets/violence/audio/noviolence_02-204.wav	and people...	No
noviolence_02-205	/datasets/violence/audio/noviolence_02-205.wav	And it's the same thing in music instruction too. If you let people have the entire fretboard or the entire keyboard and tell them...	No
noviolence_02-206	/datasets/violence/audio/noviolence_02-206.wav	It's too big. It's too much.	No
noviolence_02-207	/datasets/violence/audio/noviolence_02-207.wav	So instead you give them one chord, one scale, one note even.	No
noviolence_02-208	/datasets/violence/audio/noviolence_02-208.wav	You just play it, play it. What can you get out of that small, limited thing?	No
noviolence_02-209	/datasets/violence/audio/noviolence_02-209.wav	and then the teacher opens up the boundaries a little bit more.	No
noviolence_02-21	/datasets/violence/audio/noviolence_02-21.wav	address that in their lives.	No
noviolence_02-210	/datasets/violence/audio/noviolence_02-210.wav	Yeah, that's an idea I really like.	No
noviolence_02-211	/datasets/violence/audio/noviolence_02-211.wav	how we create.	No
noviolence_02-212	/datasets/violence/audio/noviolence_02-212.wav	with this amount of freedom inside them.	No
noviolence_02-213	/datasets/violence/audio/noviolence_02-213.wav	that optimizes it.	No
noviolence_02-214	/datasets/violence/audio/noviolence_02-214.wav	And this comes up in a really interesting place. I read a book.	No
noviolence_02-215	/datasets/violence/audio/noviolence_02-215.wav	story by Robert McKee and he's a screenwriter in Hollywood and he actually teaches screenwriters.	No
noviolence_02-216	/datasets/violence/audio/noviolence_02-216.wav	And this is a point that hammers over and again, is this idea of creative limitation.	No
noviolence_02-217	/datasets/violence/audio/noviolence_02-217.wav	Artists want to be free.	No
noviolence_02-218	/datasets/violence/audio/noviolence_02-218.wav	that freedom, if it's too much, then the artist will not produce a great work.	No
noviolence_02-219	/datasets/violence/audio/noviolence_02-219.wav	There's got to be creative limitations and that forces the artist to dig a little bit deeper into their capability and that's where this whole idea of neuroplasticity comes into.	No
noviolence_02-22	/datasets/violence/audio/noviolence_02-22.wav	So with that, Frank, thanks for being here. Great to be here.	No
noviolence_02-220	/datasets/violence/audio/noviolence_02-220.wav	because limitation, limitation, now you're asking the nervous system for more.	No
noviolence_02-221	/datasets/violence/audio/noviolence_02-221.wav	and you play to discover what that more is.	No
noviolence_02-222	/datasets/violence/audio/noviolence_02-222.wav	So those two.	No
noviolence_02-223	/datasets/violence/audio/noviolence_02-223.wav	otherwise.	No
noviolence_02-224	/datasets/violence/audio/noviolence_02-224.wav	Mmm.	No
noviolence_02-226	/datasets/violence/audio/noviolence_02-226.wav	Mm-hmm. Yeah.	No
noviolence_02-227	/datasets/violence/audio/noviolence_02-227.wav	inverse of 2	No
noviolence_02-228	/datasets/violence/audio/noviolence_02-228.wav	at two inverses.	No
noviolence_02-229	/datasets/violence/audio/noviolence_02-229.wav	rely on each other. Right.	No
noviolence_02-23	/datasets/violence/audio/noviolence_02-23.wav	So, first question I like to ask people.	No
noviolence_02-230	/datasets/violence/audio/noviolence_02-230.wav	I, I, this is a powerful-	No
noviolence_02-231	/datasets/violence/audio/noviolence_02-231.wav	there's this tendency within West	No
noviolence_02-232	/datasets/violence/audio/noviolence_02-232.wav	and so individualized.	No
noviolence_02-233	/datasets/violence/audio/noviolence_02-233.wav	really bizarre idea.	No
noviolence_02-234	/datasets/violence/audio/noviolence_02-234.wav	of the individual.	No
noviolence_02-235	/datasets/violence/audio/noviolence_02-235.wav	being able to act completely.	No
noviolence_02-236	/datasets/violence/audio/noviolence_02-236.wav	What's his name? My name is Vy.	No
noviolence_02-238	/datasets/violence/audio/noviolence_02-238.wav	To me that sounds like	No
noviolence_02-239	/datasets/violence/audio/noviolence_02-239.wav	Perfect.	No
noviolence_02-24	/datasets/violence/audio/noviolence_02-24.wav	all these ideas that you've...	No
noviolence_02-240	/datasets/violence/audio/noviolence_02-240.wav	Rome cultivated itself.	No
noviolence_02-241	/datasets/violence/audio/noviolence_02-241.wav	potential for power.	No
noviolence_02-242	/datasets/violence/audio/noviolence_02-242.wav	do things.	No
noviolence_02-243	/datasets/violence/audio/noviolence_02-243.wav	but it's always wrapped in a	No
noviolence_02-244	/datasets/violence/audio/noviolence_02-244.wav	pulling oil out.	No
noviolence_02-245	/datasets/violence/audio/noviolence_02-245.wav	Right. Right. If you're practicing singing in the middle of the night.	No
noviolence_02-246	/datasets/violence/audio/noviolence_02-246.wav	and this web of us.	No
noviolence_02-247	/datasets/violence/audio/noviolence_02-247.wav	You know, such a powerful idiot, not just-	No
noviolence_02-248	/datasets/violence/audio/noviolence_02-248.wav	Good day. Mm-hmm.	No
noviolence_02-249	/datasets/violence/audio/noviolence_02-249.wav	Yeah, the thing I would add there is that this idea of this really strong emphasis on freedom	No
noviolence_02-25	/datasets/violence/audio/noviolence_02-25.wav	root of your movement practice.	No
noviolence_02-250	/datasets/violence/audio/noviolence_02-250.wav	that's so much a part of American culture, that's really unusual in the context of human history and human cultures. Most...	No
noviolence_02-251	/datasets/violence/audio/noviolence_02-251.wav	Indigenous native cultures have always talked about continuity and connection and relationship and you won't hear those cultures talk very much about freedom.	No
noviolence_02-252	/datasets/violence/audio/noviolence_02-252.wav	because in order to survive in a outdoor setting	No
noviolence_02-253	/datasets/violence/audio/noviolence_02-253.wav	You have to have a lot of connections.	No
noviolence_02-254	/datasets/violence/audio/noviolence_02-254.wav	to your tribe and to the natural world.	No
noviolence_02-255	/datasets/violence/audio/noviolence_02-255.wav	You don't hear them talk about freedom.	No
noviolence_02-256	/datasets/violence/audio/noviolence_02-256.wav	really tremendous value.	No
noviolence_02-257	/datasets/violence/audio/noviolence_02-257.wav	individualization.	No
noviolence_02-258	/datasets/violence/audio/noviolence_02-258.wav	We don't necessarily s-	No
noviolence_02-259	/datasets/violence/audio/noviolence_02-259.wav	And that's important. You know, that's kind of.	No
noviolence_02-26	/datasets/violence/audio/noviolence_02-26.wav	What really turns me on right now is	No
noviolence_02-260	/datasets/violence/audio/noviolence_02-260.wav	a really interesting aspect of this whole mismatch.	No
noviolence_02-261	/datasets/violence/audio/noviolence_02-261.wav	When I think about that...	No
noviolence_02-262	/datasets/violence/audio/noviolence_02-262.wav	I like emphasize that.	No
noviolence_02-263	/datasets/violence/audio/noviolence_02-263.wav	We live in Los Af...	No
noviolence_02-264	/datasets/violence/audio/noviolence_02-264.wav	My phone g-	No
noviolence_02-265	/datasets/violence/audio/noviolence_02-265.wav	powers of communication, powers of knowledge.	No
noviolence_02-266	/datasets/violence/audio/noviolence_02-266.wav	mapping that never existed in human history. I'm a magician by most of the historical periods.	No
noviolence_02-267	/datasets/violence/audio/noviolence_02-267.wav	And in a lot of ways that's great.	No
noviolence_02-268	/datasets/violence/audio/noviolence_02-268.wav	I'm having this conversation with you because of someone posting your stuff on the internet. I have friends all over the world.	No
noviolence_02-269	/datasets/violence/audio/noviolence_02-269.wav	We're so fa-	No
noviolence_02-27	/datasets/violence/audio/noviolence_02-27.wav	Public health, believe it or not. Because...	No
noviolence_02-270	/datasets/violence/audio/noviolence_02-270.wav	adopting things so quickly.	No
noviolence_02-271	/datasets/violence/audio/noviolence_02-271.wav	costs.	No
noviolence_02-272	/datasets/violence/audio/noviolence_02-272.wav	alien environment. Right.	No
noviolence_02-273	/datasets/violence/audio/noviolence_02-273.wav	You have a say. I'd be a big...	No
noviolence_02-274	/datasets/violence/audio/noviolence_02-274.wav	long body.	No
noviolence_02-275	/datasets/violence/audio/noviolence_02-275.wav	with the past with...	No
noviolence_02-276	/datasets/violence/audio/noviolence_02-276.wav	Could you talk a little bit more about that? Well, just the long body is a Native American idea. But it's	No
noviolence_02-277	/datasets/violence/audio/noviolence_02-277.wav	a similar idea shows up.	No
noviolence_02-278	/datasets/violence/audio/noviolence_02-278.wav	all across Native Indigenous culture.	No
noviolence_02-279	/datasets/violence/audio/noviolence_02-279.wav	and the idea being that the	No
noviolence_02-28	/datasets/violence/audio/noviolence_02-28.wav	What has the...	No
noviolence_02-280	/datasets/violence/audio/noviolence_02-280.wav	The boundary of the body is not the skin. The body actually extends out into the world.	No
noviolence_02-281	/datasets/violence/audio/noviolence_02-281.wav	and includes.	No
noviolence_02-282	/datasets/violence/audio/noviolence_02-282.wav	your habitat and your tribe.	No
noviolence_02-283	/datasets/violence/audio/noviolence_02-283.wav	and these are your life support systems.	No
noviolence_02-284	/datasets/violence/audio/noviolence_02-284.wav	And the key word there is continuity because...	No
noviolence_02-285	/datasets/violence/audio/noviolence_02-285.wav	the connection between our bodies and our habitat, our bodies and our tribe.	No
noviolence_02-286	/datasets/violence/audio/noviolence_02-286.wav	It's not just mystical.	No
noviolence_02-287	/datasets/violence/audio/noviolence_02-287.wav	And it's not just.	No
noviolence_02-288	/datasets/violence/audio/noviolence_02-288.wav	something that occurs in the imagination. It's an actual physical reality. And when we, it ranges from things like circadian rhythm,	No
noviolence_02-289	/datasets/violence/audio/noviolence_02-289.wav	and the way the light impacts our physiology and resynchronizes our physiology every day.	No
noviolence_02-29	/datasets/violence/audio/noviolence_02-29.wav	I think a lot of athletes go through this growth and development phase where they train really hard and get their movement working for them.	No
noviolence_02-290	/datasets/violence/audio/noviolence_02-290.wav	to the way that other people's bodies influence us and our emotions and our, through the mirror neuron system.	No
noviolence_02-291	/datasets/violence/audio/noviolence_02-291.wav	The continuities are astonishing. And	No
noviolence_02-292	/datasets/violence/audio/noviolence_02-292.wav	to talk about people as individuals.	No
noviolence_02-293	/datasets/violence/audio/noviolence_02-293.wav	is starting to look.	No
noviolence_02-294	/datasets/violence/audio/noviolence_02-294.wav	really kind of...	No
noviolence_02-295	/datasets/violence/audio/noviolence_02-295.wav	make a whole lot of sense.	No
noviolence_02-296	/datasets/violence/audio/noviolence_02-296.wav	So it's also really interesting because...	No
noviolence_02-297	/datasets/violence/audio/noviolence_02-297.wav	It's a Native American idea, but it's also validated by modern science. So this word continuity shows up everywhere now. It shows up in Native culture, but it shows up in science.	No
noviolence_02-298	/datasets/violence/audio/noviolence_02-298.wav	and it's something we're gonna have to come to grips with pretty soon.	No
noviolence_02-299	/datasets/violence/audio/noviolence_02-299.wav	I think it's part of the Western.	No
noviolence_02-3	/datasets/violence/audio/noviolence_02-3.wav	to movement practice.	No
noviolence_02-30	/datasets/violence/audio/noviolence_02-30.wav	really enjoy the process.	No
noviolence_02-300	/datasets/violence/audio/noviolence_02-300.wav	interrogating the c-	No
noviolence_02-301	/datasets/violence/audio/noviolence_02-301.wav	Mm-hmm.	No
noviolence_02-302	/datasets/violence/audio/noviolence_02-302.wav	when you dig down into it.	No
noviolence_02-303	/datasets/violence/audio/noviolence_02-303.wav	and there has been a	No
noviolence_02-304	/datasets/violence/audio/noviolence_02-304.wav	dielectric about that.	No
noviolence_02-305	/datasets/violence/audio/noviolence_02-305.wav	for a really long time.	No
noviolence_02-306	/datasets/violence/audio/noviolence_02-306.wav	you know, very speological tradition.	No
noviolence_02-307	/datasets/violence/audio/noviolence_02-307.wav	Mm-hmm. And every-	No
noviolence_02-308	/datasets/violence/audio/noviolence_02-308.wav	you have.	No
noviolence_02-309	/datasets/violence/audio/noviolence_02-309.wav	There is that.	No
noviolence_02-31	/datasets/violence/audio/noviolence_02-31.wav	And eventually you succeed. I mean, you get the movement skills that you want to get, and then you start to look around at the world and you start to.	No
noviolence_02-310	/datasets/violence/audio/noviolence_02-310.wav	throughout the world.	No
noviolence_02-311	/datasets/violence/audio/noviolence_02-311.wav	I agree that we...	No
noviolence_02-312	/datasets/violence/audio/noviolence_02-312.wav	Right.	No
noviolence_02-313	/datasets/violence/audio/noviolence_02-313.wav	And the flip side of this long body orientation is what I call the short body orientation. And you can see this all around. So we practice short body orientation.	No
noviolence_02-314	/datasets/violence/audio/noviolence_02-314.wav	short medicine.	No
noviolence_02-315	/datasets/violence/audio/noviolence_02-315.wav	Both of these are similar where we take the body in isolation and attempt to make it better. We attempt to either increase its athletic performance or its health.	No
noviolence_02-316	/datasets/violence/audio/noviolence_02-316.wav	And we don't ask questions about habitat and tribe. You go to the doctor, the doctor isn't going to ask you about your habitat.	No
noviolence_02-317	/datasets/violence/audio/noviolence_02-317.wav	It's not going to ask you very much, if at all, about your social.	No
noviolence_02-318	/datasets/violence/audio/noviolence_02-318.wav	circumstances.	No
noviolence_02-319	/datasets/violence/audio/noviolence_02-319.wav	And this is short body health, short body medicine.	No
noviolence_02-32	/datasets/violence/audio/noviolence_02-32.wav	that a lot of people aren't as fortunate as we are.	No
noviolence_02-320	/datasets/violence/audio/noviolence_02-320.wav	And we do short body training with a lot of people too. It's like we don't.	No
noviolence_02-321	/datasets/violence/audio/noviolence_02-321.wav	We just give them a bunch of sets and reps.	No
noviolence_02-322	/datasets/violence/audio/noviolence_02-322.wav	forget about.	No
noviolence_02-323	/datasets/violence/audio/noviolence_02-323.wav	context shortage in our world.	No
noviolence_02-324	/datasets/violence/audio/noviolence_02-324.wav	It's one of the central print.	No
noviolence_02-325	/datasets/violence/audio/noviolence_02-325.wav	So if you want your child...	No
noviolence_02-326	/datasets/violence/audio/noviolence_02-326.wav	world-class soccer.	No
noviolence_02-327	/datasets/violence/audio/noviolence_02-327.wav	You gotta play soccer.	No
noviolence_02-328	/datasets/violence/audio/noviolence_02-328.wav	that seems obvious.	No
noviolence_02-329	/datasets/violence/audio/noviolence_02-329.wav	Bye.	No
noviolence_02-33	/datasets/violence/audio/noviolence_02-33.wav	and it's very easy to see.	No
noviolence_02-330	/datasets/violence/audio/noviolence_02-330.wav	What we're missing is sort of a context.	No
noviolence_02-331	/datasets/violence/audio/noviolence_02-331.wav	Right. What?	No
noviolence_02-332	/datasets/violence/audio/noviolence_02-332.wav	world-class soccer players.	No
noviolence_02-333	/datasets/violence/audio/noviolence_02-333.wav	The body is not.	No
noviolence_02-334	/datasets/violence/audio/noviolence_02-334.wav	one one output	No
noviolence_02-335	/datasets/violence/audio/noviolence_02-335.wav	And if you try to make it...	No
noviolence_02-336	/datasets/violence/audio/noviolence_02-336.wav	So I think that's an interesting.	No
noviolence_02-337	/datasets/violence/audio/noviolence_02-337.wav	again specialization.	No
noviolence_02-338	/datasets/violence/audio/noviolence_02-338.wav	You have to be a human.	No
noviolence_02-339	/datasets/violence/audio/noviolence_02-339.wav	And you go back to the original forms of human movement, which would be	No
noviolence_02-34	/datasets/violence/audio/noviolence_02-34.wav	the decay of public health.	No
noviolence_02-340	/datasets/violence/audio/noviolence_02-340.wav	Gathering.	No
noviolence_02-341	/datasets/violence/audio/noviolence_02-341.wav	first and then hunting and then dancing. Those are...	No
noviolence_02-342	/datasets/violence/audio/noviolence_02-342.wav	not really specializations.	No
noviolence_02-343	/datasets/violence/audio/noviolence_02-343.wav	hunting perhaps? But even there most hunters were opportunists.	No
noviolence_02-344	/datasets/violence/audio/noviolence_02-344.wav	you go out on the grassland and you're going to hunt whatever animal happens to be in season or happens to be coming through your habitat and you're probably not going to specialize in any one.	No
noviolence_02-345	/datasets/violence/audio/noviolence_02-345.wav	hunting for	No
noviolence_02-346	/datasets/violence/audio/noviolence_02-346.wav	anyone hunting movement.	No
noviolence_02-347	/datasets/violence/audio/noviolence_02-347.wav	And then the same thing with dancing, early dance I'm sure would mimic certain animals.	No
noviolence_02-348	/datasets/violence/audio/noviolence_02-348.wav	you would gesture and try and communicate use that gesture and communicate so specialization is kind of a recent thing.	No
noviolence_02-349	/datasets/violence/audio/noviolence_02-349.wav	It's been a powerful thing.	No
noviolence_02-35	/datasets/violence/audio/noviolence_02-35.wav	and to see the problems in the world.	No
noviolence_02-350	/datasets/violence/audio/noviolence_02-350.wav	I think it's kind of an issue.	No
noviolence_02-351	/datasets/violence/audio/noviolence_02-351.wav	So...	No
noviolence_02-352	/datasets/violence/audio/noviolence_02-352.wav	we have this Clovis model of people in America's where.	No
noviolence_02-353	/datasets/violence/audio/noviolence_02-353.wav	Megafauna hunters.	No
noviolence_02-354	/datasets/violence/audio/noviolence_02-354.wav	years.	No
noviolence_02-355	/datasets/violence/audio/noviolence_02-355.wav	came through about this.	No
noviolence_02-356	/datasets/violence/audio/noviolence_02-356.wav	seeing one more.	No
noviolence_02-357	/datasets/violence/audio/noviolence_02-357.wav	for that.	No
noviolence_02-358	/datasets/violence/audio/noviolence_02-358.wav	who had a technology.	No
noviolence_02-359	/datasets/violence/audio/noviolence_02-359.wav	animals hunting and gathering resources.	No
noviolence_02-36	/datasets/violence/audio/noviolence_02-36.wav	with the human body.	No
noviolence_02-360	/datasets/violence/audio/noviolence_02-360.wav	What's interesting is they seem to have not.	No
noviolence_02-361	/datasets/violence/audio/noviolence_02-361.wav	and then they seem to have been.	No
noviolence_02-362	/datasets/violence/audio/noviolence_02-362.wav	Password replacement.	No
noviolence_02-363	/datasets/violence/audio/noviolence_02-363.wav	So there is this.	No
noviolence_02-364	/datasets/violence/audio/noviolence_02-364.wav	kind of individual skill set.	No
noviolence_02-365	/datasets/violence/audio/noviolence_02-365.wav	even in animals.	No
noviolence_02-366	/datasets/violence/audio/noviolence_02-366.wav	like there are.	No
noviolence_02-367	/datasets/violence/audio/noviolence_02-367.wav	My impro-	No
noviolence_02-368	/datasets/violence/audio/noviolence_02-368.wav	that are specialists.	No
noviolence_02-369	/datasets/violence/audio/noviolence_02-369.wav	My pride.	No
noviolence_02-37	/datasets/violence/audio/noviolence_02-37.wav	And that leads to this whole other exploration of why did this happen and why are people's bodies suffering so much?	No
noviolence_02-370	/datasets/violence/audio/noviolence_02-370.wav	Hold the piece.	No
noviolence_02-371	/datasets/violence/audio/noviolence_02-371.wav	So there is that element.	No
noviolence_02-372	/datasets/violence/audio/noviolence_02-372.wav	The RISEMON technology really	No
noviolence_02-373	/datasets/violence/audio/noviolence_02-373.wav	the story of.	No
noviolence_02-374	/datasets/violence/audio/noviolence_02-374.wav	Perfect.	No
noviolence_02-375	/datasets/violence/audio/noviolence_02-375.wav	We have a culture.	No
noviolence_02-376	/datasets/violence/audio/noviolence_02-376.wav	more global knowledge.	No
noviolence_02-377	/datasets/violence/audio/noviolence_02-377.wav	the width of the knowledge.	No
noviolence_02-378	/datasets/violence/audio/noviolence_02-378.wav	Right. Right. Not any reasonable amount.	No
noviolence_02-379	/datasets/violence/audio/noviolence_02-379.wav	Yeah. Yeah.	No
noviolence_02-38	/datasets/violence/audio/noviolence_02-38.wav	And that.	No
noviolence_02-380	/datasets/violence/audio/noviolence_02-380.wav	Garrison Keillor makes that point. He says nobody knows how to do anything anymore, like a farmer would, because now we have such tight space.	No
noviolence_02-381	/datasets/violence/audio/noviolence_02-381.wav	I love this term that's come out of the...	No
noviolence_02-382	/datasets/violence/audio/noviolence_02-382.wav	kind of within the fitness.	No
noviolence_02-383	/datasets/violence/audio/noviolence_02-383.wav	where we think about our movement practices.	No
noviolence_02-384	/datasets/violence/audio/noviolence_02-384.wav	to this broader idea.	No
noviolence_02-385	/datasets/violence/audio/noviolence_02-385.wav	when	No
noviolence_02-386	/datasets/violence/audio/noviolence_02-386.wav	Traditionally, there are martial arts.	No
noviolence_02-387	/datasets/violence/audio/noviolence_02-387.wav	Right.	No
noviolence_02-388	/datasets/violence/audio/noviolence_02-388.wav	they've lost their	No
noviolence_02-389	/datasets/violence/audio/noviolence_02-389.wav	I think you can go down the line.	No
noviolence_02-39	/datasets/violence/audio/noviolence_02-39.wav	is just fascinating to me because now you start to, it's not just about movement anymore, now it's about things like culture and it's about history and it's even...	No
noviolence_02-390	/datasets/violence/audio/noviolence_02-390.wav	Before we have radio-	No
noviolence_02-391	/datasets/violence/audio/noviolence_02-391.wav	how many people are carrying.	No
noviolence_02-392	/datasets/violence/audio/noviolence_02-392.wav	specialists.	No
noviolence_02-393	/datasets/violence/audio/noviolence_02-393.wav	So we were talking about this idea of a movement culture as kind of a component of somebody's broader culture and how...	No
noviolence_02-394	/datasets/violence/audio/noviolence_02-394.wav	people are the bearers of less and less of the overall culture. And I'm curious about your observations.	No
noviolence_02-395	/datasets/violence/audio/noviolence_02-395.wav	and how you think that affects people? Well, I think in a lot of ways our culture systematically dis-	No
noviolence_02-396	/datasets/violence/audio/noviolence_02-396.wav	empowers people because when all you've got is one little specialization you're incredibly vulnerable.	No
noviolence_02-397	/datasets/violence/audio/noviolence_02-397.wav	especially if that doesn't feed your health and feed your body in some way. One, I spent a lot of time	No
noviolence_02-398	/datasets/violence/audio/noviolence_02-398.wav	I'm studying stress and one thing that comes up over and over again is this idea of control, the power of control.	No
noviolence_02-399	/datasets/violence/audio/noviolence_02-399.wav	If you have some sense of control over your circumstances, then your stress will decline, obviously. And what's one of the best ways to get a...	No
noviolence_02-4	/datasets/violence/audio/noviolence_02-4.wav	with early thinkers on.	No
noviolence_02-40	/datasets/violence/audio/noviolence_02-40.wav	about things like policy. What are we gonna do to regain our health as a people?	No
noviolence_02-400	/datasets/violence/audio/noviolence_02-400.wav	sense of control. It's to move your body. And that's what I think is really going on with exercise is what people benefit from exercise.	No
noviolence_02-401	/datasets/violence/audio/noviolence_02-401.wav	because of the exercise but the fact that they've gained a sense of control that's the most intimate kind of control you can have is the ability to move your body out	No
noviolence_02-402	/datasets/violence/audio/noviolence_02-402.wav	you juice as you see fit and you go to the gym or you go outdoors and you go you go play now all of a sudden you feel better because you are empowered.	No
noviolence_02-403	/datasets/violence/audio/noviolence_02-403.wav	you are in control of your own life, your own circumstances. And by living in a culture that doesn't honor the body...	No
noviolence_02-404	/datasets/violence/audio/noviolence_02-404.wav	We disempower people in a big way. Yeah, it's interesting. We touched on this idea earlier.	No
noviolence_02-405	/datasets/violence/audio/noviolence_02-405.wav	We live in a time of unmatched affluence. We live in a time where people are far less risk of disease, far less risk of murder, far less risk of violence.	No
noviolence_02-406	/datasets/violence/audio/noviolence_02-406.wav	and yet we also live in a time where people have epidemics of anxiety and depression. Right. It's, you know, I...	No
noviolence_02-407	/datasets/violence/audio/noviolence_02-407.wav	I'm getting a little mystical here, but I almost feel like there's a deep-seated... like human beings involved in a context where they needed these broad scales.	No
noviolence_02-408	/datasets/violence/audio/noviolence_02-408.wav	of competence for a really long time and I think that we inherently start feeling that we're missing something. If you can't make the fire, if you can't hunt, you can't make the cake.	No
noviolence_02-409	/datasets/violence/audio/noviolence_02-409.wav	If you can't build anything, you're an incredibly vulnerable thing when you take away from the broader culture. Right, right. I think that's part of it.	No
noviolence_02-41	/datasets/violence/audio/noviolence_02-41.wav	So that's what really intrigues me right now, but I'm still interested, I still love to move, and I still enjoy climbing and martial arts.	No
noviolence_02-410	/datasets/violence/audio/noviolence_02-410.wav	And what I'm more confident about is just that people don't have sources of self-worth.	No
noviolence_02-411	/datasets/violence/audio/noviolence_02-411.wav	If you were a great singer and a tribe, that was a source of self-worth. If you were a good hunter, if you were a good forager, if you know how to find this thing,	No
noviolence_02-412	/datasets/violence/audio/noviolence_02-412.wav	and a great mushroom finder, all these things became places that somebody could kind of harvest a sense of self-worth. And as we become more...	No
noviolence_02-413	/datasets/violence/audio/noviolence_02-413.wav	specialized there's there's fewer things that we can kind of call around and can draw value from. So I think that we	No
noviolence_02-414	/datasets/violence/audio/noviolence_02-414.wav	We live in this culture where people talk a lot about the value of self-esteem, but we don't have a plan right now.	No
noviolence_02-415	/datasets/violence/audio/noviolence_02-415.wav	now to develop cells that are worth esteeming. Right, and it would help if we started with the body and started with movement.	No
noviolence_02-416	/datasets/violence/audio/noviolence_02-416.wav	But no matter how you slice it, that's what we need to get back to. That's core to our experience.	No
noviolence_02-417	/datasets/violence/audio/noviolence_02-417.wav	And that's why my work, involved in play I call it. The slogan for my brand is, Move Like a Human, because I think that...	No
noviolence_02-418	/datasets/violence/audio/noviolence_02-418.wav	It's probably the easiest place to start reclaiming this culture, this humanness.	No
noviolence_02-419	/datasets/violence/audio/noviolence_02-419.wav	I know your recent book, The Beautiful Practice, kind of pauses the same thing. There's all these cultural practices that are really valuable.	No
noviolence_02-42	/datasets/violence/audio/noviolence_02-42.wav	play with other people and these kind of things.	No
noviolence_02-420	/datasets/violence/audio/noviolence_02-420.wav	but the root starts in the body and cultivating the body. So we'll just talk a little bit more about kind of why you think that's the best place to start.	No
noviolence_02-421	/datasets/violence/audio/noviolence_02-421.wav	Well, because it's ancient, because it's so old, and things that are old tend to be powerful.	No
noviolence_02-422	/datasets/violence/audio/noviolence_02-422.wav	The common time frame that people work with here, they say, well, the human species is 200,000 years old, roughly a quarter of a million years.	No
noviolence_02-423	/datasets/violence/audio/noviolence_02-423.wav	which seems like a long time but it's really not because our bodies are actually far far older than that and it depends where you	No
noviolence_02-424	/datasets/violence/audio/noviolence_02-424.wav	draw the line but millions of years, certainly tens of millions of years, mammals 120 million years.	No
noviolence_02-425	/datasets/violence/audio/noviolence_02-425.wav	vertebrates 500 million years. So by moving and by being physical we become continuous with the world.	No
noviolence_02-426	/datasets/violence/audio/noviolence_02-426.wav	this ancient history, something that is far more powerful than we realize and it's far more powerful than just the glossy magazines.	No
noviolence_02-427	/datasets/violence/audio/noviolence_02-427.wav	exercise stuff. No, this is substantial. This is ancient. This is really primal.	No
noviolence_02-428	/datasets/violence/audio/noviolence_02-428.wav	It's not just about looking good and it's not just about even in some ways it's more important even than health. You know this is this is kind of	No
noviolence_02-429	/datasets/violence/audio/noviolence_02-429.wav	into the ancient biosphere and nothing else can do it so moving our bodies. Yeah, I mentioned to you	No
noviolence_02-43	/datasets/violence/audio/noviolence_02-43.wav	I'd like to have my hand in the hole.	No
noviolence_02-430	/datasets/violence/audio/noviolence_02-430.wav	off camera before we started this interview that my friend Simon Thacker has a blog called Ancestral Movement. He really works on this idea.	No
noviolence_02-431	/datasets/violence/audio/noviolence_02-431.wav	of kind of discovering the inner ancestor. Whether that ancestor is the inner worm, the inner fish, the inner ape, all these things.	No
noviolence_02-432	/datasets/violence/audio/noviolence_02-432.wav	have characteristics that weren't changed. They developed first and then they've been conserved by evolution because they weren't, were a big tube.	No
noviolence_02-433	/datasets/violence/audio/noviolence_02-433.wav	We move around with our face first because that worked as worms. Our spines move in certain ways because those are the...	No
noviolence_02-434	/datasets/violence/audio/noviolence_02-434.wav	the initial characters is a chord is. I think this is a really interesting idea. I really, you know, I remember when we first encountered things, we were in animal years.	No
noviolence_02-435	/datasets/violence/audio/noviolence_02-435.wav	ago, you had this beautiful mandala of health, right? We took the idea of mind, body, and spirit and expanded to talk about the land and the ancestors. And so.	No
noviolence_02-436	/datasets/violence/audio/noviolence_02-436.wav	In this sense, when we return to the trees, we're in a way giving respect to the monkeys as our ancestors. Right. The apes as our ancestors.	No
noviolence_02-437	/datasets/violence/audio/noviolence_02-437.wav	ancestors. When we practice moving around on the ground, we're going back to being quite repeal animals. We're squirming on the ground and going back to being these things.	No
noviolence_02-438	/datasets/violence/audio/noviolence_02-438.wav	Yeah, I wanted to just kind of get you to expand on this idea of why is a sense of our ancestry an important component of our health?	No
noviolence_02-439	/datasets/violence/audio/noviolence_02-439.wav	just look at the nervous system and you don't even have to know that much about the nervous system to realize that an ancient, a very simple...	No
noviolence_02-44	/datasets/violence/audio/noviolence_02-44.wav	kind of ties right into a really core piece.	No
noviolence_02-440	/datasets/violence/audio/noviolence_02-440.wav	ancient nervous system would have had motor commands, motor pathways, but those pathways would only be useful.	No
noviolence_02-441	/datasets/violence/audio/noviolence_02-441.wav	if there was some sort of sensation coming back. So it's a cybernetic system, but it's a conversational system. And that goes...	No
noviolence_02-442	/datasets/violence/audio/noviolence_02-442.wav	back hundreds of millions of years. So when we move our bodies, especially outdoors in nature, we're setting up this	No
noviolence_02-443	/datasets/violence/audio/noviolence_02-443.wav	natural conversation between habitat and nervous system that it's call and response.	No
noviolence_02-444	/datasets/violence/audio/noviolence_02-444.wav	It makes the nervous system work in context, in the context that it worked in for millions of years. And...	No
noviolence_02-445	/datasets/violence/audio/noviolence_02-445.wav	That is why that kind of experience is so powerful. We're reenacting things that we've done for a very long time.	No
noviolence_02-446	/datasets/violence/audio/noviolence_02-446.wav	Yeah. And we, you know, when I teach people, I take them into trees and I get them in the trees and I say, you have binocular vision.	No
noviolence_02-447	/datasets/violence/audio/noviolence_02-447.wav	because your ancestors came from the trees. Or grasping hands because your ancestors came from the trees. The origination of the shoulder that has a full range of motion is the origin of the shoulder.	No
noviolence_02-448	/datasets/violence/audio/noviolence_02-448.wav	from animals that hung from tree leaves. Right. That's why we have a flat chest. That's why we have an operatic torso orientation. So we rediscovered it.	No
noviolence_02-449	/datasets/violence/audio/noviolence_02-449.wav	human body in a lot of ways when we just untrue. The other element there is the fact that...	No
noviolence_02-45	/datasets/violence/audio/noviolence_02-45.wav	Thanks for watching!	No
noviolence_02-450	/datasets/violence/audio/noviolence_02-450.wav	And a lot of people don't realize this, the muscular system is a sensory system. Because embedded in all the muscles, and the tendons and the ligaments are mechano-receptive.	No
noviolence_02-451	/datasets/violence/audio/noviolence_02-451.wav	receptors. So every time you move your body, you're flooding sensation back into the nervous system, which gives us a sense of like...	No
noviolence_02-452	/datasets/violence/audio/noviolence_02-452.wav	identity and a sense of who we are in the world, where we are in the world, these are really fundamental things. In contrast, what happens when people are sedentary and	No
noviolence_02-453	/datasets/violence/audio/noviolence_02-453.wav	modern world they suffer what you might call a sensation deficit they're not getting that sensation anymore	No
noviolence_02-454	/datasets/violence/audio/noviolence_02-454.wav	And lo and behold, they start to feel anxious. They start to feel unhappy and really kind of generated because they're kind of living in space.	No
noviolence_02-455	/datasets/violence/audio/noviolence_02-455.wav	That's what it feels like when you're sedentary. Yeah. I was a really active kid. I grew up in a heavy community out in the woods.	No
noviolence_02-456	/datasets/violence/audio/noviolence_02-456.wav	I was homeschooled after third grade. So I had a lot of time to kind of just move around the woods. And what happened is when my tribe broke down.	No
noviolence_02-457	/datasets/violence/audio/noviolence_02-457.wav	my friends stopped being available because they were getting busy with middle school and people weren't there to play and move with, I became really sedentary and I sat.	No
noviolence_02-458	/datasets/violence/audio/noviolence_02-458.wav	on my computer all the time in red. And I literally had this feeling of like being just disconnected from my body.	No
noviolence_02-459	/datasets/violence/audio/noviolence_02-459.wav	realizing how trapped inside my own head I was. Right, right. And that's when I kind of came back to movement practice and started picking up gymnastics and martial arts and basketball. Right.	No
noviolence_02-46	/datasets/violence/audio/noviolence_02-46.wav	idea flat.	No
noviolence_02-460	/datasets/violence/audio/noviolence_02-460.wav	So I think that's a really powerful concept that we need this if you, I'm sure, I've talked about this before, but babies, if they're not touched.	No
noviolence_02-461	/datasets/violence/audio/noviolence_02-461.wav	they'll die. We are shaped literally by the things around us, by the culture.	No
noviolence_02-462	/datasets/violence/audio/noviolence_02-462.wav	Katie Bowman talks about the fact that every cell in the body responds to the way that it's loaded. So if you're not...	No
noviolence_02-463	/datasets/violence/audio/noviolence_02-463.wav	experiencing the types of loading the tissues that was characteristic of the ancestral environment. So that means walking barefoot over rough ground. That means sitting, standing, lying down.	No
noviolence_02-464	/datasets/violence/audio/noviolence_02-464.wav	on a variety of surfaces, then you're not, you're not feeding those cells what they have.	No
noviolence_02-465	/datasets/violence/audio/noviolence_02-465.wav	have needed to function optimally. You're not moving your length around. You're not creating a structural integrity of the individual self.	No
noviolence_02-466	/datasets/violence/audio/noviolence_02-466.wav	reading your book, your books, your work, it's interesting because you're kind of finding the same idea. Touch is important, tactile sensation is important, more from a neurological perspective.	No
noviolence_02-467	/datasets/violence/audio/noviolence_02-467.wav	So she's saying that the cell needs it to be healthy, to be strong, to build its cytoskeleton. But also we need it because...	No
noviolence_02-468	/datasets/violence/audio/noviolence_02-468.wav	The brain is not even able to feed itself. Got to have that touch and that touch comes either from people or from the habitat.	No
noviolence_02-469	/datasets/violence/audio/noviolence_02-469.wav	or from motion. It's all forms of touch. And this is where I think the medical community has really fallen short. Because people...	No
noviolence_02-47	/datasets/violence/audio/noviolence_02-47.wav	Why do we have?	No
noviolence_02-470	/datasets/violence/audio/noviolence_02-470.wav	go in to see a physician and depending on which survey you read doctors really don't ask about exercise or movement very much.	No
noviolence_02-471	/datasets/violence/audio/noviolence_02-471.wav	And there was a report just this week from NPR about back pain and a big meta study of many studies. They...	No
noviolence_02-472	/datasets/violence/audio/noviolence_02-472.wav	They discovered that exercise is the best treatment for back pain. And also they discovered that doctors rarely ask or prescribe.	No
noviolence_02-473	/datasets/violence/audio/noviolence_02-473.wav	exercise for back pain and I think it's a sensory thing I think that's why exercise works is because you develop more sensation in your torso.	No
noviolence_02-474	/datasets/violence/audio/noviolence_02-474.wav	Now all of a sudden, wow, your body feels a lot more, there's a lot more information to work with.	No
noviolence_02-475	/datasets/violence/audio/noviolence_02-475.wav	And motor maps are never refined. Yeah, so that I think is the future, is healing ourselves through movement.	No
noviolence_02-476	/datasets/violence/audio/noviolence_02-476.wav	Another friend of mine who I want to introduce you to is Todd Hargrove and his work is a lot about how pain is	No
noviolence_02-477	/datasets/violence/audio/noviolence_02-477.wav	something that happens in the brain.	No
noviolence_02-478	/datasets/violence/audio/noviolence_02-478.wav	local to the tissues, that's about how it's interpreted. And a lot of issues.	No
noviolence_02-479	/datasets/violence/audio/noviolence_02-479.wav	The pain that we have are because...	No
noviolence_02-48	/datasets/violence/audio/noviolence_02-48.wav	The thing that I'm always thinking.	No
noviolence_02-480	/datasets/violence/audio/noviolence_02-480.wav	the body's not getting the information from the cells in the local.	No
noviolence_02-481	/datasets/violence/audio/noviolence_02-481.wav	in a way that is.	No
noviolence_02-482	/datasets/violence/audio/noviolence_02-482.wav	So the map breaks down and it's not used.	No
noviolence_02-483	/datasets/violence/audio/noviolence_02-483.wav	So if we sit in a chair all day and our back only has one position.	No
noviolence_02-484	/datasets/violence/audio/noviolence_02-484.wav	That's a back that's not feeding a ton of information to the nervous system. It develops a poor connection.	No
noviolence_02-485	/datasets/violence/audio/noviolence_02-485.wav	Right. Yeah, it's all cybernetics. So we hear this term cyborg. Yeah. And we think robot, but really we're all cyborgs. We're cybernetic.	No
noviolence_02-486	/datasets/violence/audio/noviolence_02-486.wav	organisms and we depend on that feedback to come into the nervous system so we'll have something to work with.	No
noviolence_02-487	/datasets/violence/audio/noviolence_02-487.wav	The self cannot exist without the external world. It has to be informed. And that's what we're trying to do in this modern technological world, is we're trying to create...	No
noviolence_02-488	/datasets/violence/audio/noviolence_02-488.wav	autonomous.	No
noviolence_02-489	/datasets/violence/audio/noviolence_02-489.wav	organisms. This whole idea of getting in a spacecraft and going to Mars.	No
noviolence_02-49	/datasets/violence/audio/noviolence_02-49.wav	Mm-hmm. What?	No
noviolence_02-490	/datasets/violence/audio/noviolence_02-490.wav	I find just completely intolerable. I mean, there are people signing up to do that.	No
noviolence_02-491	/datasets/violence/audio/noviolence_02-491.wav	I think of that as a really scary proposition.	No
noviolence_02-492	/datasets/violence/audio/noviolence_02-492.wav	lost in space like that.	No
noviolence_02-493	/datasets/violence/audio/noviolence_02-493.wav	One of my good friends is a person...	No
noviolence_02-494	/datasets/violence/audio/noviolence_02-494.wav	super into that idea.	No
noviolence_02-495	/datasets/violence/audio/noviolence_02-495.wav	It's strange to me because...	No
noviolence_02-496	/datasets/violence/audio/noviolence_02-496.wav	I would want to be honest.	No
noviolence_02-497	/datasets/violence/audio/noviolence_02-497.wav	because I feel like we're still just learning how to live on earth.	No
noviolence_02-498	/datasets/violence/audio/noviolence_02-498.wav	Like we're	No
noviolence_02-499	/datasets/violence/audio/noviolence_02-499.wav	We talk about all the evolutionary mismatch problems.	No
noviolence_02-5	/datasets/violence/audio/noviolence_02-5.wav	of connecting the idea of physical culture with broader concepts and evolution.	No
noviolence_02-50	/datasets/violence/audio/noviolence_02-50.wav	Kids in her	No
noviolence_02-500	/datasets/violence/audio/noviolence_02-500.wav	What question I thought about? What was it like?	No
noviolence_02-501	/datasets/violence/audio/noviolence_02-501.wav	So Mars has 0.37 gravity.	No
noviolence_02-502	/datasets/violence/audio/noviolence_02-502.wav	How does a pregnant...	No
noviolence_02-503	/datasets/violence/audio/noviolence_02-503.wav	How do all these human systems work? Notice this in the back.	No
noviolence_02-504	/datasets/violence/audio/noviolence_02-504.wav	billions of years to life here on Earth.	No
noviolence_02-505	/datasets/violence/audio/noviolence_02-505.wav	On the other side, from an evolutionary standpoint too, it's very exciting because...	No
noviolence_02-506	/datasets/violence/audio/noviolence_02-506.wav	Planning is a really vulnerable thing.	No
noviolence_02-507	/datasets/violence/audio/noviolence_02-507.wav	There are more planets that humans live on, and we are more robust.	No
noviolence_02-508	/datasets/violence/audio/noviolence_02-508.wav	Palaraa!	No
noviolence_02-509	/datasets/violence/audio/noviolence_02-509.wav	Yeah, I'm more like you. I lean more towards Mike. Let's, uh...	No
noviolence_02-51	/datasets/violence/audio/noviolence_02-51.wav	to move and play.	No
noviolence_02-510	/datasets/violence/audio/noviolence_02-510.wav	Let's approach these things with some caution, some respect for the fact that we are Earthlings.	No
noviolence_02-511	/datasets/violence/audio/noviolence_02-511.wav	Yeah, and it's not going to be so easy to become anything else. Let's solve this mismatch first Yeah, because we're open to all kind of worms and I think it's actually an interesting sort of	No
noviolence_02-512	/datasets/violence/audio/noviolence_02-512.wav	It's an interesting illustration of...	No
noviolence_02-513	/datasets/violence/audio/noviolence_02-513.wav	broader sort of.	No
noviolence_02-514	/datasets/violence/audio/noviolence_02-514.wav	of modern world that I think we're getting at here, which is this concept	No
noviolence_02-515	/datasets/violence/audio/noviolence_02-515.wav	We have power.	No
noviolence_02-516	/datasets/violence/audio/noviolence_02-516.wav	and we can do great things with it.	No
noviolence_02-517	/datasets/violence/audio/noviolence_02-517.wav	but without knowledge of ourselves.	No
noviolence_02-518	/datasets/violence/audio/noviolence_02-518.wav	we don't realize the cost.	No
noviolence_02-519	/datasets/violence/audio/noviolence_02-519.wav	when culture changes so fast.	No
noviolence_02-52	/datasets/violence/audio/noviolence_02-52.wav	I'm curious to hear you kind of really talk about	No
noviolence_02-520	/datasets/violence/audio/noviolence_02-520.wav	hard to remember what's lost.	No
noviolence_02-521	/datasets/violence/audio/noviolence_02-521.wav	You know, my father.	No
noviolence_02-522	/datasets/violence/audio/noviolence_02-522.wav	and with four electric	No
noviolence_02-523	/datasets/violence/audio/noviolence_02-523.wav	at the end of a dirt road, right?	No
noviolence_02-524	/datasets/violence/audio/noviolence_02-524.wav	farm that his grandfather had homesteaded in the sketch of Al.	No
noviolence_02-525	/datasets/violence/audio/noviolence_02-525.wav	So he wrote this super	No
noviolence_02-526	/datasets/violence/audio/noviolence_02-526.wav	basically didn't have.	No
noviolence_02-527	/datasets/violence/audio/noviolence_02-527.wav	radio to have video games.	No
noviolence_02-528	/datasets/violence/audio/noviolence_02-528.wav	The really interesting thing is when he was in his late 40s...	No
noviolence_02-529	/datasets/violence/audio/noviolence_02-529.wav	He built a diving.	No
noviolence_02-53	/datasets/violence/audio/noviolence_02-53.wav	How do we lose?	No
noviolence_02-530	/datasets/violence/audio/noviolence_02-530.wav	He's out there one day, he bounced on a diamond board.	No
noviolence_02-531	/datasets/violence/audio/noviolence_02-531.wav	goes up and does a front flip and it goes down.	No
noviolence_02-532	/datasets/violence/audio/noviolence_02-532.wav	into the water. Clean entry.	No
noviolence_02-533	/datasets/violence/audio/noviolence_02-533.wav	And I've never seen him do a flip in my entire life.	No
noviolence_02-534	/datasets/violence/audio/noviolence_02-534.wav	where did that come from? Right. And so I started kind of quizzing him about...	No
noviolence_02-535	/datasets/violence/audio/noviolence_02-535.wav	And it's like, oh, it turns out that all the stuff we're doing now with physical culture...	No
noviolence_02-536	/datasets/violence/audio/noviolence_02-536.wav	It wasn't called parkour then. It was just how kids entertain themselves. Right.	No
noviolence_02-537	/datasets/violence/audio/noviolence_02-537.wav	You know, I came out with this video recently, the waterfall.	No
noviolence_02-538	/datasets/violence/audio/noviolence_02-538.wav	video of me climbing through this.	No
noviolence_02-539	/datasets/violence/audio/noviolence_02-539.wav	and waterfalls in Donahue.	No
noviolence_02-54	/datasets/violence/audio/noviolence_02-54.wav	Right. Well, part of the problem, and a lot of writers on human body and human history have talked about this.	No
noviolence_02-540	/datasets/violence/audio/noviolence_02-540.wav	So I showed it to my dad.	No
noviolence_02-541	/datasets/violence/audio/noviolence_02-541.wav	I said, oh man, it must have been really scary to climb up through that. We only ever went down.	No
noviolence_02-542	/datasets/violence/audio/noviolence_02-542.wav	J 백 J	No
noviolence_02-543	/datasets/violence/audio/noviolence_02-543.wav	And I didn't even know my dad had ever even been to that place. Right.	No
noviolence_02-544	/datasets/violence/audio/noviolence_02-544.wav	But it goes to this idea that...	No
noviolence_02-545	/datasets/violence/audio/noviolence_02-545.wav	a lot of these cultural things that we're trying to rediscover right now.	No
noviolence_02-546	/datasets/violence/audio/noviolence_02-546.wav	They've been around. Right.	No
noviolence_02-547	/datasets/violence/audio/noviolence_02-547.wav	They weren't recognized. My dad didn't think of all the ways that he played in the woods.	No
noviolence_02-548	/datasets/violence/audio/noviolence_02-548.wav	important part of the culture that he needed to pass on.	No
noviolence_02-549	/datasets/violence/audio/noviolence_02-549.wav	Mm-hmm. Mm-hmm. And when all of my friends were playing video games...	No
noviolence_02-55	/datasets/violence/audio/noviolence_02-55.wav	this idea that we're predisposed to sloth, we're predisposed to relax. That would have been our life on the grassland, on the	No
noviolence_02-550	/datasets/violence/audio/noviolence_02-550.wav	woods. People didn't recognize.	No
noviolence_02-551	/datasets/violence/audio/noviolence_02-551.wav	the value of what was being lost. This is where Richard Lou's work.	No
noviolence_02-552	/datasets/violence/audio/noviolence_02-552.wav	valuable. Right.	No
noviolence_02-553	/datasets/violence/audio/noviolence_02-553.wav	this wake up.	No
noviolence_02-554	/datasets/violence/audio/noviolence_02-554.wav	It reminds me of the story of Jim Thorpe, because a lot of pundits.	No
noviolence_02-555	/datasets/violence/audio/noviolence_02-555.wav	declare him to be one of the greatest athletes that ever lived. And he grew up, I think it was in the backwoods of Oklahoma. And he rode horses and chopped wood.	No
noviolence_02-556	/datasets/violence/audio/noviolence_02-556.wav	and ran through the woods and he lived a very natural lifestyle until one day he showed up at the college and decided to try out for the football team.	No
noviolence_02-557	/datasets/violence/audio/noviolence_02-557.wav	He excelled, but...	No
noviolence_02-558	/datasets/violence/audio/noviolence_02-558.wav	He didn't have any sophisticated training. It was all natural.	No
noviolence_02-559	/datasets/violence/audio/noviolence_02-559.wav	Yeah, there's a lot of stories like that about like Herschel Walker. And there's this IPA and um...	No
noviolence_02-56	/datasets/violence/audio/noviolence_02-56.wav	of Savannah was really difficult and we are predisposed to.	No
noviolence_02-560	/datasets/violence/audio/noviolence_02-560.wav	in the strength and fitness, strength and conditioning world for, for team sports.	No
noviolence_02-562	/datasets/violence/audio/noviolence_02-562.wav	And I like to think of that now as human strong.	No
noviolence_02-563	/datasets/violence/audio/noviolence_02-563.wav	when we take something off a barbell.	No
noviolence_02-564	/datasets/violence/audio/noviolence_02-564.wav	Barbell is an incredibly powerful tool.	No
noviolence_02-565	/datasets/violence/audio/noviolence_02-565.wav	to increase the strength of	No
noviolence_02-566	/datasets/violence/audio/noviolence_02-566.wav	to get someone that strong.	No
noviolence_02-567	/datasets/violence/audio/noviolence_02-567.wav	But people used to get that.	No
noviolence_02-568	/datasets/violence/audio/noviolence_02-568.wav	back to a much more reverse sort of loop.	No
noviolence_02-569	/datasets/violence/audio/noviolence_02-569.wav	your hands are only gripping something.	No
noviolence_02-57	/datasets/violence/audio/noviolence_02-57.wav	take it easy whenever possible. So it's almost like we're programmed to rest and that's that's part of it. But beyond that and you bring up children.	No
noviolence_02-570	/datasets/violence/audio/noviolence_02-570.wav	to quit. And there's all these	No
noviolence_02-571	/datasets/violence/audio/noviolence_02-571.wav	all these degrees of strength that are being lit, ah, missed in the bench. If you put a barbell on your back, you'll get a bruise across the top of your shoulder. It goes...	No
noviolence_02-572	/datasets/violence/audio/noviolence_02-572.wav	tissue adapts.	No
noviolence_02-573	/datasets/violence/audio/noviolence_02-573.wav	but what's happening with the rest of your body?	No
noviolence_02-574	/datasets/violence/audio/noviolence_02-574.wav	But if you're baling hay...	No
noviolence_02-575	/datasets/violence/audio/noviolence_02-575.wav	if you're carrying yolks, if you're doing all these things.	No
noviolence_02-576	/datasets/violence/audio/noviolence_02-576.wav	You literally are creating, I think, a much more resilient body.	No
noviolence_02-577	/datasets/violence/audio/noviolence_02-577.wav	for East	No
noviolence_02-578	/datasets/violence/audio/noviolence_02-578.wav	Yeah, blue collar stuff, farming, all that stuff is good. Moving like a human being. Yeah, climbing ladders, digging holes, shoveling snow, all that.	No
noviolence_02-58	/datasets/violence/audio/noviolence_02-58.wav	part of it's really cultural right now.	No
noviolence_02-580	/datasets/violence/audio/noviolence_02-580.wav	That's been changed. Yes.	No
noviolence_02-581	/datasets/violence/audio/noviolence_02-581.wav	Okay guys, we're back here with Frank who's now got a sweater on because it's gotten a little bit cold. How to take a break, adjust the cameras.	No
noviolence_02-582	/datasets/violence/audio/noviolence_02-582.wav	So we were talking about.	No
noviolence_02-583	/datasets/violence/audio/noviolence_02-583.wav	kind of how natural movement has made people strong throughout history.	No
noviolence_02-584	/datasets/violence/audio/noviolence_02-584.wav	One of the things that you've emphasized a lot that's a big emphasis for me obviously is the importance of the natural world in training.	No
noviolence_02-585	/datasets/violence/audio/noviolence_02-585.wav	So I wanted to...	No
noviolence_02-586	/datasets/violence/audio/noviolence_02-586.wav	get your take on why it's so...	No
noviolence_02-587	/datasets/violence/audio/noviolence_02-587.wav	people take on a physical.	No
noviolence_02-588	/datasets/violence/audio/noviolence_02-588.wav	physical practice that engage.	No
noviolence_02-589	/datasets/violence/audio/noviolence_02-589.wav	with the outdoor natural world, not just...	No
noviolence_02-59	/datasets/violence/audio/noviolence_02-59.wav	this professionalization of youth sport.	No
noviolence_02-590	/datasets/violence/audio/noviolence_02-590.wav	Right, well...	No
noviolence_02-591	/datasets/violence/audio/noviolence_02-591.wav	the short answer.	No
noviolence_02-592	/datasets/violence/audio/noviolence_02-592.wav	is that we're built for it.	No
noviolence_02-593	/datasets/violence/audio/noviolence_02-593.wav	every detail of our anatomy and our physiology is built for.	No
noviolence_02-594	/datasets/violence/audio/noviolence_02-594.wav	And again, going back to...	No
noviolence_02-595	/datasets/violence/audio/noviolence_02-595.wav	deep time argument.	No
noviolence_02-596	/datasets/violence/audio/noviolence_02-596.wav	finest detail.	No
noviolence_02-597	/datasets/violence/audio/noviolence_02-597.wav	our sensitivity, everything.	No
noviolence_02-598	/datasets/violence/audio/noviolence_02-598.wav	to the natural world.	No
noviolence_02-599	/datasets/violence/audio/noviolence_02-599.wav	And by going into gyms and indoor environments where everything's plastic and smooth, we're depriving ourselves.	No
noviolence_02-6	/datasets/violence/audio/noviolence_02-6.wav	in neurobiology.	No
noviolence_02-60	/datasets/violence/audio/noviolence_02-60.wav	that we see everywhere now where we're starting kids really young in movement specialty.	No
noviolence_02-600	/datasets/violence/audio/noviolence_02-600.wav	sensation.	No
noviolence_02-601	/datasets/violence/audio/noviolence_02-601.wav	So outdoors.	No
noviolence_02-602	/datasets/violence/audio/noviolence_02-602.wav	is always going to be.	No
noviolence_02-603	/datasets/violence/audio/noviolence_02-603.wav	And it feels better too. And it looks better in general.	No
noviolence_02-604	/datasets/violence/audio/noviolence_02-604.wav	So it's more pleasing to our sensibilities. There's an aesthetic quality that's pleasing to us all.	No
noviolence_02-605	/datasets/violence/audio/noviolence_02-605.wav	So, and it encourages.	No
noviolence_02-606	/datasets/violence/audio/noviolence_02-606.wav	Diversity you walk on a trail or you run on a trail every step is slightly	No
noviolence_02-607	/datasets/violence/audio/noviolence_02-607.wav	even if you run the same trail over and over again, you get seasonal variations and weather variations.	No
noviolence_02-608	/datasets/violence/audio/noviolence_02-608.wav	and so every time.	No
noviolence_02-609	/datasets/violence/audio/noviolence_02-609.wav	have to adapt in a slightly new way.	No
noviolence_02-61	/datasets/violence/audio/noviolence_02-61.wav	that take them right out of play. We start training them with really highly disciplined procedures for sets and reps and doing movements.	No
noviolence_02-610	/datasets/violence/audio/noviolence_02-610.wav	by far the best.	No
noviolence_02-611	/datasets/violence/audio/noviolence_02-611.wav	Yeah, so is that.	No
noviolence_02-612	/datasets/violence/audio/noviolence_02-612.wav	100% agree.	No
noviolence_02-613	/datasets/violence/audio/noviolence_02-613.wav	enormous amount-	No
noviolence_02-614	/datasets/violence/audio/noviolence_02-614.wav	start measuring.	No
noviolence_02-615	/datasets/violence/audio/noviolence_02-615.wav	are color where?!	No
noviolence_02-616	/datasets/violence/audio/noviolence_02-616.wav	Cold or warm, wet or dry weather.	No
noviolence_02-617	/datasets/violence/audio/noviolence_02-617.wav	You know, the types of service.	No
noviolence_02-618	/datasets/violence/audio/noviolence_02-618.wav	our feet are in hot.	No
noviolence_02-62	/datasets/violence/audio/noviolence_02-62.wav	in a particular way. So now they become adept at a movement specialty.	No
noviolence_02-620	/datasets/violence/audio/noviolence_02-620.wav	There's probably a new mo-	No
noviolence_02-621	/datasets/violence/audio/noviolence_02-621.wav	People have known this for...	No
noviolence_02-622	/datasets/violence/audio/noviolence_02-622.wav	Right. Right. Traditional movement practice.	No
noviolence_02-623	/datasets/violence/audio/noviolence_02-623.wav	one of them that's a personal.	No
noviolence_02-624	/datasets/violence/audio/noviolence_02-624.wav	in the city and I don't like it.	No
noviolence_02-625	/datasets/violence/audio/noviolence_02-625.wav	It's good, I love the word.	No
noviolence_02-626	/datasets/violence/audio/noviolence_02-626.wav	walk down into the park.	No
noviolence_02-627	/datasets/violence/audio/noviolence_02-627.wav	you. Mm-hmm.	No
noviolence_02-628	/datasets/violence/audio/noviolence_02-628.wav	Mm-hmm.	No
noviolence_02-629	/datasets/violence/audio/noviolence_02-629.wav	Well...	No
noviolence_02-63	/datasets/violence/audio/noviolence_02-63.wav	But they really want to play. And this is a common complaint in youth sports, a common complaint of the children. They say, we want to play.	No
noviolence_02-630	/datasets/violence/audio/noviolence_02-630.wav	The word biophilia literally means love of life and it was made popular by E.O. Wilson.	No
noviolence_02-631	/datasets/violence/audio/noviolence_02-631.wav	and he described it as the innate.	No
noviolence_02-632	/datasets/violence/audio/noviolence_02-632.wav	tendency for human beings to affiliate with the natural world. And of course, it's not just humans because	No
noviolence_02-633	/datasets/violence/audio/noviolence_02-633.wav	every animal will try and seek out a natural environment.	No
noviolence_02-634	/datasets/violence/audio/noviolence_02-634.wav	It nourishes us, I think, in...	No
noviolence_02-635	/datasets/violence/audio/noviolence_02-635.wav	in so many ways, but the classic example is life.	No
noviolence_02-636	/datasets/violence/audio/noviolence_02-636.wav	I mean that's the synchronizing force. Natural light will synchronize through the master clock and then all the distributed clocks through our body are	No
noviolence_02-637	/datasets/violence/audio/noviolence_02-637.wav	physiology literally depends on that synchronization that happens ideally every day at dawn.	No
noviolence_02-638	/datasets/violence/audio/noviolence_02-638.wav	and we miss out.	No
noviolence_02-639	/datasets/violence/audio/noviolence_02-639.wav	But	No
noviolence_02-64	/datasets/violence/audio/noviolence_02-64.wav	That's the thing we want most. And we take that away from them because we want to make children's sports like the pros. And that's a big...	No
noviolence_02-640	/datasets/violence/audio/noviolence_02-640.wav	Biophilia is an interesting idea because I think there's individual variation there. Some people are just like us. We really, really are drawn.	No
noviolence_02-641	/datasets/violence/audio/noviolence_02-641.wav	to nature and other people seem...	No
noviolence_02-642	/datasets/violence/audio/noviolence_02-642.wav	to take it early.	No
noviolence_02-643	/datasets/violence/audio/noviolence_02-643.wav	And I'm not sure why that is.	No
noviolence_02-644	/datasets/violence/audio/noviolence_02-644.wav	Some people don't feel the compelling need to get out.	No
noviolence_02-645	/datasets/violence/audio/noviolence_02-645.wav	and I wonder about...	No
noviolence_02-646	/datasets/violence/audio/noviolence_02-646.wav	But there's no getting around what it does for us.	No
noviolence_02-647	/datasets/violence/audio/noviolence_02-647.wav	every system in the body.	No
noviolence_02-648	/datasets/violence/audio/noviolence_02-648.wav	As far as why-	No
noviolence_02-649	/datasets/violence/audio/noviolence_02-649.wav	I think there's probably...	No
noviolence_02-65	/datasets/violence/audio/noviolence_02-65.wav	So that's one of our problems.	No
noviolence_02-650	/datasets/violence/audio/noviolence_02-650.wav	Like, I grew up in the woods.	No
noviolence_02-651	/datasets/violence/audio/noviolence_02-651.wav	Right.	No
noviolence_02-652	/datasets/violence/audio/noviolence_02-652.wav	Mm-hmm. That's right.	No
noviolence_02-653	/datasets/violence/audio/noviolence_02-653.wav	them in a chair.	No
noviolence_02-654	/datasets/violence/audio/noviolence_02-654.wav	You can't wrestle.	No
noviolence_02-655	/datasets/violence/audio/noviolence_02-655.wav	And so we develop a culture of people.	No
noviolence_02-656	/datasets/violence/audio/noviolence_02-656.wav	I think that's a big part of it.	No
noviolence_02-657	/datasets/violence/audio/noviolence_02-657.wav	And I think the same thing is probably true.	No
noviolence_02-659	/datasets/violence/audio/noviolence_02-659.wav	I take people out to train and it works.	No
noviolence_02-66	/datasets/violence/audio/noviolence_02-66.wav	Mm-hmm. Mm-hmm. And that it's something that we...	No
noviolence_02-660	/datasets/violence/audio/noviolence_02-660.wav	intimidated just by having	No
noviolence_02-661	/datasets/violence/audio/noviolence_02-661.wav	Right, yeah, to bridge on that, people now are starting to talk about the flip side of biophilia, which is biophobia.	No
noviolence_02-662	/datasets/violence/audio/noviolence_02-662.wav	College students now, some of them, report being either apathetic toward nature or they just don't want to have anything to do with it.	No
noviolence_02-663	/datasets/violence/audio/noviolence_02-663.wav	and other people overreact to the so-called dangers of being outdoors. I was going up a local trail here.	No
noviolence_02-664	/datasets/violence/audio/noviolence_02-664.wav	just yesterday and I was only up a few hundred yards from the parking lot met a woman and she had one of these.	No
noviolence_02-665	/datasets/violence/audio/noviolence_02-665.wav	bear defense canisters ready to take on the bears. And you're lucky to see one bear here a year. And that's.	No
noviolence_02-666	/datasets/violence/audio/noviolence_02-666.wav	lucky if you see that. So people are frightened and...	No
noviolence_02-667	/datasets/violence/audio/noviolence_02-667.wav	It probably just comes from the fact that they never...	No
noviolence_02-668	/datasets/violence/audio/noviolence_02-668.wav	Never got to know.	No
noviolence_02-669	/datasets/violence/audio/noviolence_02-669.wav	I'd like to touch on that. I'm gonna just check the cameras one more time. Okay.	No
noviolence_02-67	/datasets/violence/audio/noviolence_02-67.wav	We all inherently	No
noviolence_02-670	/datasets/violence/audio/noviolence_02-670.wav	How long will this cards go for?	No
noviolence_02-671	/datasets/violence/audio/noviolence_02-671.wav	I totally meant to start with the eye contact, yes.	No
noviolence_02-672	/datasets/violence/audio/noviolence_02-672.wav	idea	No
noviolence_02-673	/datasets/violence/audio/noviolence_02-673.wav	People are afraid of the risk.	No
noviolence_02-674	/datasets/violence/audio/noviolence_02-674.wav	People see what I do.	No
noviolence_02-675	/datasets/violence/audio/noviolence_02-675.wav	The reason that we tell kids...	No
noviolence_02-676	/datasets/violence/audio/noviolence_02-676.wav	We're essentially telling you...	No
noviolence_02-677	/datasets/violence/audio/noviolence_02-677.wav	and there's a.	No
noviolence_02-678	/datasets/violence/audio/noviolence_02-678.wav	involved in that.	No
noviolence_02-679	/datasets/violence/audio/noviolence_02-679.wav	confident.	No
noviolence_02-68	/datasets/violence/audio/noviolence_02-68.wav	And when we're regularly exposed to it, we recognize the nutrition.	No
noviolence_02-680	/datasets/violence/audio/noviolence_02-680.wav	So it's another one of these interesting myths.	No
noviolence_02-681	/datasets/violence/audio/noviolence_02-681.wav	created a world at sea.	No
noviolence_02-682	/datasets/violence/audio/noviolence_02-682.wav	Yes.	No
noviolence_02-683	/datasets/violence/audio/noviolence_02-683.wav	supposed to have it.	No
noviolence_02-684	/datasets/violence/audio/noviolence_02-684.wav	in the soil.	No
noviolence_02-685	/datasets/violence/audio/noviolence_02-685.wav	We're supposed to have it.	No
noviolence_02-686	/datasets/violence/audio/noviolence_02-686.wav	Right, and all you gotta do is think about...	No
noviolence_02-687	/datasets/violence/audio/noviolence_02-687.wav	ancestral native population.	No
noviolence_02-688	/datasets/violence/audio/noviolence_02-688.wav	and how risky that would have been.	No
noviolence_02-689	/datasets/violence/audio/noviolence_02-689.wav	That was our standard life.	No
noviolence_02-69	/datasets/violence/audio/noviolence_02-69.wav	in the same way that when we were robots...	No
noviolence_02-690	/datasets/violence/audio/noviolence_02-690.wav	Every day was r-	No
noviolence_02-691	/datasets/violence/audio/noviolence_02-691.wav	It wasn't until...	No
noviolence_02-692	/datasets/violence/audio/noviolence_02-692.wav	16th century, the maritime industry started to develop insurance policies for the ships that would go out with their cargo and then insurance, we started...	No
noviolence_02-693	/datasets/violence/audio/noviolence_02-693.wav	spread the risk around to people and now we've come to expect that as being normal.	No
noviolence_02-694	/datasets/violence/audio/noviolence_02-694.wav	being an animal on this earth.	No
noviolence_02-695	/datasets/violence/audio/noviolence_02-695.wav	and it always has.	No
noviolence_02-696	/datasets/violence/audio/noviolence_02-696.wav	and we gain power by engaging with them.	No
noviolence_02-697	/datasets/violence/audio/noviolence_02-697.wav	Yeah, we...	No
noviolence_02-698	/datasets/violence/audio/noviolence_02-698.wav	Insulate in yourself.	No
noviolence_02-699	/datasets/violence/audio/noviolence_02-699.wav	makes you more	No
noviolence_02-7	/datasets/violence/audio/noviolence_02-7.wav	lot of really interesting kind of connections to how the body shoots.	No
noviolence_02-70	/datasets/violence/audio/noviolence_02-70.wav	a broad variety of food, we recognize, oh, my body.	No
noviolence_02-700	/datasets/violence/audio/noviolence_02-700.wav	Biting off just enough	No
noviolence_02-701	/datasets/violence/audio/noviolence_02-701.wav	over and over again.	No
noviolence_02-702	/datasets/violence/audio/noviolence_02-702.wav	Okay.	No
noviolence_02-703	/datasets/violence/audio/noviolence_02-703.wav	So...	No
noviolence_02-704	/datasets/violence/audio/noviolence_02-704.wav	One question I wanted to really dig into before we're done.	No
noviolence_02-705	/datasets/violence/audio/noviolence_02-705.wav	We sort of have the wrong...	No
noviolence_02-706	/datasets/violence/audio/noviolence_02-706.wav	Right. Oh, right.	No
noviolence_02-708	/datasets/violence/audio/noviolence_02-708.wav	of an imbalance between.	No
noviolence_02-709	/datasets/violence/audio/noviolence_02-709.wav	and an adaption of a human being.	No
noviolence_02-71	/datasets/violence/audio/noviolence_02-71.wav	kind of my perception.	No
noviolence_02-710	/datasets/violence/audio/noviolence_02-710.wav	If we look at a Savannah...	No
noviolence_02-711	/datasets/violence/audio/noviolence_02-711.wav	the ability to traverse.	No
noviolence_02-712	/datasets/violence/audio/noviolence_02-712.wav	Mm-hmm.	No
noviolence_02-713	/datasets/violence/audio/noviolence_02-713.wav	Right. You're always struggling.	No
noviolence_02-714	/datasets/violence/audio/noviolence_02-714.wav	And you can look at the population.	No
noviolence_02-715	/datasets/violence/audio/noviolence_02-715.wav	It's very different cultural.	No
noviolence_02-716	/datasets/violence/audio/noviolence_02-716.wav	most people really pr...	No
noviolence_02-717	/datasets/violence/audio/noviolence_02-717.wav	and not so much.	No
noviolence_02-718	/datasets/violence/audio/noviolence_02-718.wav	Mm-hmm. Yeah.	No
noviolence_02-719	/datasets/violence/audio/noviolence_02-719.wav	And I think that that's a...	No
noviolence_02-720	/datasets/violence/audio/noviolence_02-720.wav	an imbalance and I'm just curious for your thoughts on...	No
noviolence_02-721	/datasets/violence/audio/noviolence_02-721.wav	how you've seen that develop.	No
noviolence_02-722	/datasets/violence/audio/noviolence_02-722.wav	Right. Now there's new.	No
noviolence_02-723	/datasets/violence/audio/noviolence_02-723.wav	How do you see that balance?	No
noviolence_02-724	/datasets/violence/audio/noviolence_02-724.wav	Ja, um...	No
noviolence_02-725	/datasets/violence/audio/noviolence_02-725.wav	After reading Chris McDougall's book, Born to Run, I felt like he painted kind of a...	No
noviolence_02-726	/datasets/violence/audio/noviolence_02-726.wav	unbalanced picture of human evolution. Because for him it's all about long distance running, chasing down animals and	No
noviolence_02-727	/datasets/violence/audio/noviolence_02-727.wav	that being the stand.	No
noviolence_02-728	/datasets/violence/audio/noviolence_02-728.wav	in human evolution.	No
noviolence_02-729	/datasets/violence/audio/noviolence_02-729.wav	And I don't doubt that that happened probably a lot. And I'm sure that every...	No
noviolence_02-73	/datasets/violence/audio/noviolence_02-73.wav	to move.	No
noviolence_02-730	/datasets/violence/audio/noviolence_02-730.wav	tribe had certain hunters that were capable of these long distance aerobic feats.	No
noviolence_02-731	/datasets/violence/audio/noviolence_02-731.wav	But is that the standard? Well, I don't think so, because there was also a lot of walking and gathering and opportunistic hunting and dealing.	No
noviolence_02-732	/datasets/violence/audio/noviolence_02-732.wav	with different kinds of terrain.	No
noviolence_02-733	/datasets/violence/audio/noviolence_02-733.wav	We focus, I think, in the modern world, we focus on aerobic exercise because it's easy to test, it's easy to measure.	No
noviolence_02-734	/datasets/violence/audio/noviolence_02-734.wav	And it's really easy to do. John Rady in his book Spark.	No
noviolence_02-735	/datasets/violence/audio/noviolence_02-735.wav	the fact that it's really easy to do laboratory tests on rats because you can get them to run on a running wheel and mimic aerobic exercise and then you can collect all the...	No
noviolence_02-736	/datasets/violence/audio/noviolence_02-736.wav	data and then you can you can point to the values of aerobic exercise and so I think that	No
noviolence_02-737	/datasets/violence/audio/noviolence_02-737.wav	The exercise culture is really skewed now towards aerobic endurance, monotonous exercise.	No
noviolence_02-738	/datasets/violence/audio/noviolence_02-738.wav	because we've studied it a lot.	No
noviolence_02-739	/datasets/violence/audio/noviolence_02-739.wav	And	No
noviolence_02-74	/datasets/violence/audio/noviolence_02-74.wav	kind of try to get all of that nutrition.	No
noviolence_02-740	/datasets/violence/audio/noviolence_02-740.wav	I think what's going to happen is we're going to find similar benefits to every kind of...	No
noviolence_02-741	/datasets/violence/audio/noviolence_02-741.wav	movement that we do, but the complexity that you speak.	No
noviolence_02-742	/datasets/violence/audio/noviolence_02-742.wav	in an arboreal environment, I think that's huge. And it's bound to have good cognitive payoffs and good psychological...	No
noviolence_02-743	/datasets/violence/audio/noviolence_02-743.wav	payoffs just because it's so fun to move.	No
noviolence_02-744	/datasets/violence/audio/noviolence_02-744.wav	And there's something, I'm sure that there's a...	No
noviolence_02-745	/datasets/violence/audio/noviolence_02-745.wav	link between the kinds of movement we do and the cognition that we have.	No
noviolence_02-746	/datasets/violence/audio/noviolence_02-746.wav	kind of ideas that we produce. And I think we value aerobic exercise because it produces certain.	No
noviolence_02-747	/datasets/violence/audio/noviolence_02-747.wav	It really ties into.	No
noviolence_02-748	/datasets/violence/audio/noviolence_02-748.wav	corporate culture where there's really a strong value.	No
noviolence_02-749	/datasets/violence/audio/noviolence_02-749.wav	on endurance.	No
noviolence_02-75	/datasets/violence/audio/noviolence_02-75.wav	Yeah, we're programmed to rest but like animals that are rest	No
noviolence_02-750	/datasets/violence/audio/noviolence_02-750.wav	perseverance, persistence.	No
noviolence_02-751	/datasets/violence/audio/noviolence_02-751.wav	but	No
noviolence_02-752	/datasets/violence/audio/noviolence_02-752.wav	What about dance? What about...	No
noviolence_02-753	/datasets/violence/audio/noviolence_02-753.wav	moving in a three-dimensional environment.	No
noviolence_02-754	/datasets/violence/audio/noviolence_02-754.wav	that kind of...	No
noviolence_02-755	/datasets/violence/audio/noviolence_02-755.wav	physical experiment.	No
noviolence_02-756	/datasets/violence/audio/noviolence_02-756.wav	is bound to make.	No
noviolence_02-757	/datasets/violence/audio/noviolence_02-757.wav	So training the human animal, training people like people, humans like humans.	No
noviolence_02-758	/datasets/violence/audio/noviolence_02-758.wav	all over the above.	No
noviolence_02-759	/datasets/violence/audio/noviolence_02-759.wav	and let people have that diversity.	No
noviolence_02-76	/datasets/violence/audio/noviolence_02-76.wav	Well fed.	No
noviolence_02-760	/datasets/violence/audio/noviolence_02-760.wav	of experience.	No
noviolence_02-761	/datasets/violence/audio/noviolence_02-761.wav	And that's the beauty of going outside because...	No
noviolence_02-762	/datasets/violence/audio/noviolence_02-762.wav	You get a lot of that.	No
noviolence_02-763	/datasets/violence/audio/noviolence_02-763.wav	inherently monotone.	No
noviolence_02-764	/datasets/violence/audio/noviolence_02-764.wav	even the best.	No
noviolence_02-765	/datasets/violence/audio/noviolence_02-765.wav	best exercise machines you figure them out pretty fast.	No
noviolence_02-766	/datasets/violence/audio/noviolence_02-766.wav	You know, a lot of...	No
noviolence_02-767	/datasets/violence/audio/noviolence_02-767.wav	We're doing most of it.	No
noviolence_02-768	/datasets/violence/audio/noviolence_02-768.wav	background. It's a lot of patterns.	No
noviolence_02-769	/datasets/violence/audio/noviolence_02-769.wav	a lot of flat surfaces.	No
noviolence_02-77	/datasets/violence/audio/noviolence_02-77.wav	play because that's how they...	No
noviolence_02-770	/datasets/violence/audio/noviolence_02-770.wav	variations in them. It's a lot of fun.	No
noviolence_02-771	/datasets/violence/audio/noviolence_02-771.wav	is really a lot.	No
noviolence_02-772	/datasets/violence/audio/noviolence_02-772.wav	as soon as you get into a tree.	No
noviolence_02-773	/datasets/violence/audio/noviolence_02-773.wav	have so many demands.	No
noviolence_02-774	/datasets/violence/audio/noviolence_02-774.wav	have to kind of process.	No
noviolence_02-775	/datasets/violence/audio/noviolence_02-775.wav	That was pretty profound.	No
noviolence_02-776	/datasets/violence/audio/noviolence_02-776.wav	We really should just see if we can.	No
noviolence_02-777	/datasets/violence/audio/noviolence_02-777.wav	to measure. And really in the same...	No
noviolence_02-778	/datasets/violence/audio/noviolence_02-778.wav	body but it's easy to measure a change.	No
noviolence_02-779	/datasets/violence/audio/noviolence_02-779.wav	size. Right.	No
noviolence_02-78	/datasets/violence/audio/noviolence_02-78.wav	develop skills.	No
noviolence_02-780	/datasets/violence/audio/noviolence_02-780.wav	Right.	No
noviolence_02-781	/datasets/violence/audio/noviolence_02-781.wav	And I hope, I hope they'll be.	No
noviolence_02-782	/datasets/violence/audio/noviolence_02-782.wav	If I look back at the history of science...	No
noviolence_02-783	/datasets/violence/audio/noviolence_02-783.wav	way too far away.	No
noviolence_02-784	/datasets/violence/audio/noviolence_02-784.wav	and then they're...	No
noviolence_02-785	/datasets/violence/audio/noviolence_02-785.wav	their justification.	No
noviolence_02-786	/datasets/violence/audio/noviolence_02-786.wav	Science. Right.	No
noviolence_02-787	/datasets/violence/audio/noviolence_02-787.wav	Science is the best and most robust tool.	No
noviolence_02-788	/datasets/violence/audio/noviolence_02-788.wav	tendency to look at any	No
noviolence_02-789	/datasets/violence/audio/noviolence_02-789.wav	The truth.	No
noviolence_02-79	/datasets/violence/audio/noviolence_02-79.wav	Where do you see us, the way that we as a culture can...	No
noviolence_02-790	/datasets/violence/audio/noviolence_02-790.wav	specific set of	No
noviolence_02-791	/datasets/violence/audio/noviolence_02-791.wav	Very limited.	No
noviolence_02-792	/datasets/violence/audio/noviolence_02-792.wav	Right, right, exactly.	No
noviolence_02-793	/datasets/violence/audio/noviolence_02-793.wav	And I feel the same way. I love science, but science is a brand new thing. And if you look at human history, 99.99% of human history...	No
noviolence_02-794	/datasets/violence/audio/noviolence_02-794.wav	knowledge was gained through experience.	No
noviolence_02-795	/datasets/violence/audio/noviolence_02-795.wav	That worked for us and we couldn't.	No
noviolence_02-796	/datasets/violence/audio/noviolence_02-796.wav	We can rely on-	No
noviolence_02-797	/datasets/violence/audio/noviolence_02-797.wav	and we have tradition.	No
noviolence_02-798	/datasets/violence/audio/noviolence_02-798.wav	Right.	No
noviolence_02-799	/datasets/violence/audio/noviolence_02-799.wav	find that.	No
noviolence_02-8	/datasets/violence/audio/noviolence_02-8.wav	I ran into Frank's work about eight years ago. He and I were both...	No
noviolence_02-80	/datasets/violence/audio/noviolence_02-80.wav	Reframe.	No
noviolence_02-800	/datasets/violence/audio/noviolence_02-800.wav	Right, and practice rainfall	No
noviolence_02-801	/datasets/violence/audio/noviolence_02-801.wav	Everything that's...	No
noviolence_02-802	/datasets/violence/audio/noviolence_02-802.wav	so dependent.	No
noviolence_02-803	/datasets/violence/audio/noviolence_02-803.wav	Mm-hmm. It's a data.	No
noviolence_02-804	/datasets/violence/audio/noviolence_02-804.wav	Right, right.	No
noviolence_02-805	/datasets/violence/audio/noviolence_02-805.wav	Yeah, we're, well again, we're-	No
noviolence_02-806	/datasets/violence/audio/noviolence_02-806.wav	So many of us are trying to be professional.	No
noviolence_02-807	/datasets/violence/audio/noviolence_02-807.wav	and then	No
noviolence_02-808	/datasets/violence/audio/noviolence_02-808.wav	professional.	No
noviolence_02-809	/datasets/violence/audio/noviolence_02-809.wav	and to measure everything.	No
noviolence_02-81	/datasets/violence/audio/noviolence_02-81.wav	think about movement.	No
noviolence_02-810	/datasets/violence/audio/noviolence_02-810.wav	It's not always necessary and you can be a professional.	No
noviolence_02-811	/datasets/violence/audio/noviolence_02-811.wav	and put there.	No
noviolence_02-812	/datasets/violence/audio/noviolence_02-812.wav	perfectly valid way to go.	No
noviolence_02-813	/datasets/violence/audio/noviolence_02-813.wav	The body has plenty of capability to learn the world.	No
noviolence_02-814	/datasets/violence/audio/noviolence_02-814.wav	scientific measure.	No
noviolence_02-815	/datasets/violence/audio/noviolence_02-815.wav	On the best	No
noviolence_02-816	/datasets/violence/audio/noviolence_02-816.wav	And there's all about how do I create progress.	No
noviolence_02-817	/datasets/violence/audio/noviolence_02-817.wav	where she she	No
noviolence_02-818	/datasets/violence/audio/noviolence_02-818.wav	more resistant.	No
noviolence_02-819	/datasets/violence/audio/noviolence_02-819.wav	we negotiated a kind of solution where	No
noviolence_02-82	/datasets/violence/audio/noviolence_02-82.wav	start harvesting.	No
noviolence_02-820	/datasets/violence/audio/noviolence_02-820.wav	It was enough like what I wanted.	No
noviolence_02-821	/datasets/violence/audio/noviolence_02-821.wav	Okay, I've been...	No
noviolence_02-822	/datasets/violence/audio/noviolence_02-822.wav	and essentially what she told me.	No
noviolence_02-823	/datasets/violence/audio/noviolence_02-823.wav	whole goal.	No
noviolence_02-824	/datasets/violence/audio/noviolence_02-824.wav	they would progress.	No
noviolence_02-825	/datasets/violence/audio/noviolence_02-825.wav	What is that?	No
noviolence_02-826	/datasets/violence/audio/noviolence_02-826.wav	For those of us who are.	No
noviolence_02-827	/datasets/violence/audio/noviolence_02-827.wav	Mm-hmm.	No
noviolence_02-828	/datasets/violence/audio/noviolence_02-828.wav	It's not just about.	No
noviolence_02-829	/datasets/violence/audio/noviolence_02-829.wav	great story. If you have a great story about...	No
noviolence_02-83	/datasets/violence/audio/noviolence_02-83.wav	Well, I think something that we're really going to dive into here is this distinction between romantic and classical and to the short answer here is that I think	No
noviolence_02-830	/datasets/violence/audio/noviolence_02-830.wav	Brandi's the head coach.	No
noviolence_02-831	/datasets/violence/audio/noviolence_02-831.wav	Well, her suggestion...	No
noviolence_02-832	/datasets/violence/audio/noviolence_02-832.wav	I think is extremely powerful because	No
noviolence_02-833	/datasets/violence/audio/noviolence_02-833.wav	For me, the starting point so often is mismatch. And I say, here we are, these aboriginal bodies in this modern world, we've got this problem, and what's the solution to this?	No
noviolence_02-834	/datasets/violence/audio/noviolence_02-834.wav	mismatch if you look for one solution it's pretty tough I mean there's there's so many different people in so many different circumstances how	No
noviolence_02-835	/datasets/violence/audio/noviolence_02-835.wav	How do you come up with one solution for mismatch? You can't, but...	No
noviolence_02-836	/datasets/violence/audio/noviolence_02-836.wav	If you put the emphasis on art and creativity...	No
noviolence_02-837	/datasets/violence/audio/noviolence_02-837.wav	Now maybe you can come up with seven billion workable solutions to mismatch and	No
noviolence_02-838	/datasets/violence/audio/noviolence_02-838.wav	That, I think, is a way forward.	No
noviolence_02-839	/datasets/violence/audio/noviolence_02-839.wav	because...	No
noviolence_02-84	/datasets/violence/audio/noviolence_02-84.wav	We as a culture now are overboard with classical forms of education where it's all about measurement and units and hierarchy and procedures.	No
noviolence_02-840	/datasets/violence/audio/noviolence_02-840.wav	bruh	No
noviolence_02-841	/datasets/violence/audio/noviolence_02-841.wav	We're all groping for that. Lifestyle, lifestyle disease, trying to find a workable lifestyle in this mismatched environment.	No
noviolence_02-842	/datasets/violence/audio/noviolence_02-842.wav	That demands creativity.	No
noviolence_02-843	/datasets/violence/audio/noviolence_02-843.wav	and that's where the movement teachers come in and say, we can help you.	No
noviolence_02-844	/datasets/violence/audio/noviolence_02-844.wav	We can help you be more creative in the way that you move, but also in the way that you live and the way that you adapt to mismatch.	No
noviolence_02-845	/datasets/violence/audio/noviolence_02-845.wav	we provide very valuable.	No
noviolence_02-846	/datasets/violence/audio/noviolence_02-846.wav	I think that's a good point.	No
noviolence_02-847	/datasets/violence/audio/noviolence_02-847.wav	Okay. Thank you so much, Frank. Thank you.	No
noviolence_02-848	/datasets/violence/audio/noviolence_02-848.wav	It was wonderful.	No
noviolence_02-85	/datasets/violence/audio/noviolence_02-85.wav	and discipline of	No
noviolence_02-86	/datasets/violence/audio/noviolence_02-86.wav	delivering content and trying to achieve some kind of result.	No
noviolence_02-87	/datasets/violence/audio/noviolence_02-87.wav	And I think that we need.	No
noviolence_02-88	/datasets/violence/audio/noviolence_02-88.wav	perhaps to go to more of an experiential or a romantic point of view on the body and just let's focus on the experience.	No
noviolence_02-89	/datasets/violence/audio/noviolence_02-89.wav	worry less about the achievement that we're trying to crank out at the other end.	No
noviolence_02-9	/datasets/violence/audio/noviolence_02-9.wav	Living in Seattle at the time, we got to have dinner a few times.	No
noviolence_02-90	/datasets/violence/audio/noviolence_02-90.wav	And if we focus on a good quality achievement, not just for kids, but for us too, then we're going to liberate some of that play.	No
noviolence_02-91	/datasets/violence/audio/noviolence_02-91.wav	It's not worried about tomorrow.	No
noviolence_02-92	/datasets/violence/audio/noviolence_02-92.wav	Such a powerful thing.	No
noviolence_02-93	/datasets/violence/audio/noviolence_02-93.wav	do we have a greater power to...	No
noviolence_02-94	/datasets/violence/audio/noviolence_02-94.wav	in trying to get any.	No
noviolence_02-95	/datasets/violence/audio/noviolence_02-95.wav	set up these measurements, these tools.	No
noviolence_02-96	/datasets/violence/audio/noviolence_02-96.wav	the goal was not actually the reason.	No
noviolence_02-97	/datasets/violence/audio/noviolence_02-97.wav	journey in the first place. And if we get lost in the goal...	No
noviolence_02-98	/datasets/violence/audio/noviolence_02-98.wav	Right, and I think things like the FitBit and all the fitness trackers, that kind of thing. I personally, I...	No
noviolence_02-99	/datasets/violence/audio/noviolence_02-99.wav	Don't find that to be attractive.	No
noviolence_04-1	/datasets/violence/audio/noviolence_04-1.wav	Hey guys, Rafe Kelly here from Evolve Move Play. Today on the PaloCast we've got Rory Miller. Rory Miller is a celebrated self-defense expert. He's written how many books? I have no idea.	No
noviolence_04-10	/datasets/violence/audio/noviolence_04-10.wav	The things I still love to do are get together with a handful of friends and we brawl. That's the, we call them the violence prone play groups, the BPPGs.	No
noviolence_04-100	/datasets/violence/audio/noviolence_04-100.wav	When you're in power, it's really good to tell the people who are below that they shouldn't be predators, they shouldn't be strong. When you're thinking like a herd animal, you're...	No
noviolence_04-101	/datasets/violence/audio/noviolence_04-101.wav	instinct is to weaken all the people around you. You get scared.	No
noviolence_04-102	/datasets/violence/audio/noviolence_04-102.wav	Everyone needs to be, don't do anything, be passive. If you're thinking like a pack animal, everyone around you that's stronger makes you stronger. And I like strong people.	No
noviolence_04-103	/datasets/violence/audio/noviolence_04-103.wav	weak people. That's one of my one of my core philosophies is basically steel sharpened steel right so put yourself around the people that will make you strong.	No
noviolence_04-104	/datasets/violence/audio/noviolence_04-104.wav	and you're going to be a much happier, much better person. Don't be afraid of being weak.	No
noviolence_04-105	/datasets/violence/audio/noviolence_04-105.wav	in the sense of relative to the people around you because it's people who are strong in other ways that can make you strong in those ways. Okay, I say hang out with the best people that will tolerate you. Yeah, that's a good one.	No
noviolence_04-106	/datasets/violence/audio/noviolence_04-106.wav	your game up. Good people. That's one of the... And we were talking about this before.	No
noviolence_04-107	/datasets/violence/audio/noviolence_04-107.wav	intelligent people to disagree with you are possibly your most valuable asset. That's where all your learning happens. If you surround yourself by people that agree with it, if you look around it, everyone that you're around is on the same path.	No
noviolence_04-108	/datasets/violence/audio/noviolence_04-108.wav	part of you are the same spectrum in anything. You're isolated and you're getting stupider every second. We need the challenge. Absolutely. Stop without.	No
noviolence_04-109	/datasets/violence/audio/noviolence_04-109.wav	So that cues me into something I really want to talk about. I want to just set the groundwork just a little bit more. So violence is the...	No
noviolence_04-11	/datasets/violence/audio/noviolence_04-11.wav	That's good. I like it. The play is great.	No
noviolence_04-110	/datasets/violence/audio/noviolence_04-110.wav	use of force, right? That's one way to think about it. And it's anywhere on that scale. So...	No
noviolence_04-111	/datasets/violence/audio/noviolence_04-111.wav	one thing we live in a sense in the in some ways the least violent least the least physically violent period in human history so I think it's very easy for people to kind of lose	No
noviolence_04-112	/datasets/violence/audio/noviolence_04-112.wav	an understanding of how violence structures our reality. And I wanted you to kind of give people some perspective on that because...	No
noviolence_04-113	/datasets/violence/audio/noviolence_04-113.wav	My perspective is look, we come from millions of years of evolution and you exist because your forefathers were able to kill somebody else and...	No
noviolence_04-114	/datasets/violence/audio/noviolence_04-114.wav	secure territory, secure mates, secure resources. That doesn't mean that you should be doing the same thing. But if you don't come to grips with that.	No
noviolence_04-115	/datasets/violence/audio/noviolence_04-115.wav	that you don't understand, that you don't accept that as part of your worldview, then I think you're kind of deluding yourself in a dangerous way. So if you could speak on that, that'd be amazing. Okay.	No
noviolence_04-116	/datasets/violence/audio/noviolence_04-116.wav	Some of the things I play with are ancestors. This big, brains half the size of ours, and opposable thumbs. They work together, it's all good for them.	No
noviolence_04-117	/datasets/violence/audio/noviolence_04-117.wav	to conquer the world. We don't have a lot of excuses. We have more information. We have more stuff on that side. You are, like you said, we are all the product.	No
noviolence_04-118	/datasets/violence/audio/noviolence_04-118.wav	four billion years of not losing. This is pretty spectacular. This goes for the whole world. Within that...	No
noviolence_04-119	/datasets/violence/audio/noviolence_04-119.wav	We don't realize, no we're beyond not realizing, we're in absolute denial, active denial about how...	No
noviolence_04-12	/datasets/violence/audio/noviolence_04-12.wav	So...	No
noviolence_04-120	/datasets/violence/audio/noviolence_04-120.wav	the possibility of violence literally underpins everything. Negotiation, unless you can back it up in some way, and in the end all the...	No
noviolence_04-121	/datasets/violence/audio/noviolence_04-121.wav	backups come down to force in some way or another to enforce your will should the negotiation not go at least good enough.	No
noviolence_04-122	/datasets/violence/audio/noviolence_04-122.wav	such thing as negotiations, only begging. If one side has the power and the other side has absolutely no power, or, and this is another thing, power is not enough, you have to be able to use it.	No
noviolence_04-123	/datasets/violence/audio/noviolence_04-123.wav	to use it because every human being is powerful enough that they can make consequences. Yeah.	No
noviolence_04-124	/datasets/violence/audio/noviolence_04-124.wav	You can be that powerful, you can be extremely powerful, you're afraid to use it. It doesn't matter, you might as well not be. And that puts you in a position, there's no such thing as negotiation, it's only begging.	No
noviolence_04-125	/datasets/violence/audio/noviolence_04-125.wav	and that's you have to at some point accept that and recognize this is natural as powerful doesn't mean that you're	No
noviolence_04-126	/datasets/violence/audio/noviolence_04-126.wav	And this is one of the things we have built into our society so much.	No
noviolence_04-127	/datasets/violence/audio/noviolence_04-127.wav	if you actually have power or use power, you are an asshole.	No
noviolence_04-128	/datasets/violence/audio/noviolence_04-128.wav	and it's one of those, no, if you don't.	No
noviolence_04-129	/datasets/violence/audio/noviolence_04-129.wav	have power.	No
noviolence_04-13	/datasets/violence/audio/noviolence_04-13.wav	How did your training look like then as far as movement, as far as physically preparing your body as an operator to survive what you did?	No
noviolence_04-130	/datasets/violence/audio/noviolence_04-130.wav	You're a child. And if you're unwilling to use it, you're still a dependent.	No
noviolence_04-131	/datasets/violence/audio/noviolence_04-131.wav	Um, that's...	No
noviolence_04-132	/datasets/violence/audio/noviolence_04-132.wav	that's integral to part of being a human being is accepting your power. Part of being any animal is accepting it and that you just want to slap people sometimes.	No
noviolence_04-133	/datasets/violence/audio/noviolence_04-133.wav	Hey guys, we're back here. We had some technical difficulties with the weather. I've put in a word with the man upstairs, but he doesn't appear to be listening. So we've changed...	No
noviolence_04-134	/datasets/violence/audio/noviolence_04-134.wav	spots here we were talking about violence and how it kind of structures reality and when we ignore that when we don't kind of understand	No
noviolence_04-135	/datasets/violence/audio/noviolence_04-135.wav	how much that's been characteristic of human history, we live kind of in a little bit of a delusion. And...	No
noviolence_04-136	/datasets/violence/audio/noviolence_04-136.wav	This desire to go to a world where we're comfortable all the time, where we're coddled all the time.	No
noviolence_04-137	/datasets/violence/audio/noviolence_04-137.wav	I think it's one of the scariest things about the modern world really. And it's really, I think, contrary to any training philosophy.	No
noviolence_04-138	/datasets/violence/audio/noviolence_04-138.wav	What I always say is, you know, we don't find happiness and growth through comfort. We find it through finding our edges. And I think that...	No
noviolence_04-139	/datasets/violence/audio/noviolence_04-139.wav	the paradigm of violence because it's so fast in taking us to our envelope. It's such a powerful thing. So I wanted you to get into kind of your thoughts on.	No
noviolence_04-14	/datasets/violence/audio/noviolence_04-14.wav	time in the life. Probably the most intense was before this happened in college. I was on the judo team and skipping classes to get to the judo team.	No
noviolence_04-140	/datasets/violence/audio/noviolence_04-140.wav	how understanding violence and learning how to kind of deal with it.	No
noviolence_04-141	/datasets/violence/audio/noviolence_04-141.wav	provides this opportunity for self-growth.	No
noviolence_04-142	/datasets/violence/audio/noviolence_04-142.wav	and what the cost is of going the other direction. Wow, okay.	No
noviolence_04-143	/datasets/violence/audio/noviolence_04-143.wav	There's a lot in there. You talk and your movement, your work, your everything. You can't grow in your comfort zone.	No
noviolence_04-144	/datasets/violence/audio/noviolence_04-144.wav	No animal can do that and that's physical, that's mental, that's spiritual. If you believe in that, that's emotional. Everything requires conflict.	No
noviolence_04-145	/datasets/violence/audio/noviolence_04-145.wav	at least at some level. You can't get stronger without pushing weight. You can't increase your endurance without increasing your lung capacity by putting a load on it. You can't.	No
noviolence_04-146	/datasets/violence/audio/noviolence_04-146.wav	any of the things that we're doing by coddling people as you put it. We are actively working to make our own children into...	No
noviolence_04-147	/datasets/violence/audio/noviolence_04-147.wav	mentally, physically, they don't want to expose them to ideas that might challenge them, that might make them think.	No
noviolence_04-148	/datasets/violence/audio/noviolence_04-148.wav	that might, and this is horrible, that might prove they're wrong. How, in what universe do you want your child to be wrong and not learn, not know that they're wrong? This is, it's all about learning.	No
noviolence_04-149	/datasets/violence/audio/noviolence_04-149.wav	So we have all these growth things and things that have traditional huge growth benefits and the high risk exercises, free solo climbing.	No
noviolence_04-15	/datasets/violence/audio/noviolence_04-15.wav	go to extra judo practice. And Wolfgang, who was the sensei Wolfgang Wiel, had been former West German national team. And he had the blows.	No
noviolence_04-150	/datasets/violence/audio/noviolence_04-150.wav	I haven't done heavy weather sailing, but heavy weather sailing. Yeah. Solo, you will learn more shit about yourself in climbing. But the one thing with conflict, or with violence specifically,	No
noviolence_04-151	/datasets/violence/audio/noviolence_04-151.wav	and not glorifying it, not romanticizing it, but it has all the ego and	No
noviolence_04-152	/datasets/violence/audio/noviolence_04-152.wav	enhancing things of rock climbing if the rock had a personal stake in you losing. And that raises it to a whole other level.	No
noviolence_04-153	/datasets/violence/audio/noviolence_04-153.wav	That said, and this is one of the things, is people romanticize violence. And it's not. And this is one of the things, if there's anything from this, that whole point of it being natural means you should not be romanticizing.	No
noviolence_04-154	/datasets/violence/audio/noviolence_04-154.wav	I know, and this has come up on my blog before, it's like, you know, but you say you can't really know anything about this, and let it get into it, and then you say don't get into it. Yes, don't get into it.	No
noviolence_04-155	/datasets/violence/audio/noviolence_04-155.wav	you can only learn there. Absolutely. But they aren't generally worth it. We have to have certain people going into those professions or things go to shit. I think	No
noviolence_04-156	/datasets/violence/audio/noviolence_04-156.wav	Everyone should have some exposure to it or they are trying to control a part of the world that they're completely ignorant about and that never works very well. I'm a flat out	No
noviolence_04-157	/datasets/violence/audio/noviolence_04-157.wav	see that right now where we are with violence is where we were with sex in the 50s. Don't talk about it, don't let other people talk about it, but just it doesn't happen. Shut your eyes.	No
noviolence_04-158	/datasets/violence/audio/noviolence_04-158.wav	You know how well that worked. Yeah. Let's not talk about it. So, the advising bit, again, there are some lessons there you can't get other places.	No
noviolence_04-159	/datasets/violence/audio/noviolence_04-159.wav	But they're no more profound. Being a father is far more profound. We would be so much better if only we didn't have this piece of our soul, knowing that there's something about...	No
noviolence_04-16	/datasets/violence/audio/noviolence_04-16.wav	I have yet experienced his idea of an ab workout was horrifying. We had a running joke, we could take out the entire Oregon State University Juno team, if it just got us out of the way.	No
noviolence_04-160	/datasets/violence/audio/noviolence_04-160.wav	you the other people would like to give it up no matter who you are. It's very violent. Dumb way to do it. Yeah, and it's just as violent. It might be raising your children.	No
noviolence_04-161	/datasets/violence/audio/noviolence_04-161.wav	in an absolutely peaceful environment where they absolutely have no conflict and they never get those feelings hurt. If you're cool with that and you are not cool with the field, you need to experience that.	No
noviolence_04-162	/datasets/violence/audio/noviolence_04-162.wav	in your basic, basic way. None of the people I value do well when things get easy. Yeah, so this is one of the things that I think.	No
noviolence_04-163	/datasets/violence/audio/noviolence_04-163.wav	is really interesting about the question of natural movement in general. Like when we're looking at this, we're basically saying there's something about the past that was better.	No
noviolence_04-164	/datasets/violence/audio/noviolence_04-164.wav	than the present. And what we have to understand though is that it's easy to step into romanticizing the past and not realizing how much we've gained and how much we've lost.	No
noviolence_04-165	/datasets/violence/audio/noviolence_04-165.wav	how valuable it is.	No
noviolence_04-166	/datasets/violence/audio/noviolence_04-166.wav	There was tracking and hunting and all this. We don't romanticize the fact that you were scared all the time and you never knew if you'd have food that winter. And some of your people would starve every winter.	No
noviolence_04-167	/datasets/violence/audio/noviolence_04-167.wav	But if you've done tracking, then walking in the woods is an entirely different experience. The amount of information there is unbelievable. And it's amazing.	No
noviolence_04-168	/datasets/violence/audio/noviolence_04-168.wav	And as we move away, you know, this is cold and wet and rainy. And when you get people that honestly aren't used to it, it's like, oh my god, it's cold.	No
noviolence_04-169	/datasets/violence/audio/noviolence_04-169.wav	and it's actually kind of cool. I think it was nourishment. It's a form of nourishment.	No
noviolence_04-17	/datasets/violence/audio/noviolence_04-17.wav	for practice. Every night we literally could not get dressed by ourselves. And on any night I wasn't there I was down at Taekwondo class where the instructor had his...	No
noviolence_04-170	/datasets/violence/audio/noviolence_04-170.wav	I look at the world and I say, you know, we've created a world that's the least violent in history. We've created a world where you have the least chance of...	No
noviolence_04-171	/datasets/violence/audio/noviolence_04-171.wav	of disease, dying from disease. We created a world where your children are likely to survive through infancy, incredibly likely to survive through infancy, and that's a historical.	No
noviolence_04-172	/datasets/violence/audio/noviolence_04-172.wav	anomaly.	No
noviolence_04-173	/datasets/violence/audio/noviolence_04-173.wav	And we really need to understand how great those things are in a way. But we have to recognize that in some way we've created mismatches with who we are.	No
noviolence_04-174	/datasets/violence/audio/noviolence_04-174.wav	and we are feeling that. We're depressed, we have anxiety, and we fail to understand things that really still control a reality. You may not.	No
noviolence_04-175	/datasets/violence/audio/noviolence_04-175.wav	know that violence is something that structures reality, but that doesn't mean that it ceased to exist. So for somebody who's not gonna be...	No
noviolence_04-176	/datasets/violence/audio/noviolence_04-176.wav	an operator who's not going to do these things. How can they orient around violence and get enough understanding of it to gain as much benefit as possible?	No
noviolence_04-177	/datasets/violence/audio/noviolence_04-177.wav	while not exposing themselves to so much that they're going to take damage that they don't need that's not adding value. It's not...	No
noviolence_04-178	/datasets/violence/audio/noviolence_04-178.wav	There's a question, the difference between knowing, understanding, and experience. Because you can know a lot. There's a huge amount of information out there.	No
noviolence_04-179	/datasets/violence/audio/noviolence_04-179.wav	to stay away from the people that have agendas, they're trying to explain it away. If the explanation's not utilitarian, if you can't use it to predict behavior, then they're actually...	No
noviolence_04-18	/datasets/violence/audio/noviolence_04-18.wav	a Robix Instructor wife doing the stretching for us. And at that point, yeah.	No
noviolence_04-180	/datasets/violence/audio/noviolence_04-180.wav	I would say nine-tenths of the people doing research are doing it for their own therapy not because it's useful But even then no matter how much you stay to have you know it which doesn't mean you understand	No
noviolence_04-181	/datasets/violence/audio/noviolence_04-181.wav	which doesn't mean you get it. Yeah. So there's that, because it's not that hard to break down. Violence is used for purposes, it's used by specific people for specific.	No
noviolence_04-182	/datasets/violence/audio/noviolence_04-182.wav	things on specific people and once you get the breakdowns it's not hard and I talked about before I don't necessarily want to repeat it here because you don't want to do the stuff that's been done on every other podcast.	No
noviolence_04-183	/datasets/violence/audio/noviolence_04-183.wav	But it's like I can throw out the Maslow pyramid and have the violence from each of the levels is different and you get it. It makes sense. But you get it here. That's totally different than understanding.	No
noviolence_04-184	/datasets/violence/audio/noviolence_04-184.wav	that this is a part of me. If I was hungry, I'd be willing to do this. If my children were hungry, I'd be willing to do that.	No
noviolence_04-185	/datasets/violence/audio/noviolence_04-185.wav	And that should not be something to get into the dark parts of your brain. You should sit there and go, know that that lizard part of your brain exists.	No
noviolence_04-186	/datasets/violence/audio/noviolence_04-186.wav	For me at least, it helps me appreciate the fact that my children are not starving and in this world are unlikely to. And so to appreciate that when you get to the understanding...	No
noviolence_04-187	/datasets/violence/audio/noviolence_04-187.wav	the deep stuff. There is always an aspect of the interaction and the intensity of it	No
noviolence_04-188	/datasets/violence/audio/noviolence_04-188.wav	It's not, you can't get second hand, you can't get third hand. It's in you and if it's awakened it will come out and it's powerful. But, uh...	No
noviolence_04-189	/datasets/violence/audio/noviolence_04-189.wav	But intellectually, it doesn't matter how much you can quote from Grossman or De Mecke or anybody you want to name.	No
noviolence_04-19	/datasets/violence/audio/noviolence_04-19.wav	Intense that sounds very intense now one of the interesting questions that that comes up for me when talking to somebody who has really had to apply movement most	No
noviolence_04-190	/datasets/violence/audio/noviolence_04-190.wav	It's the best thing it's just like being a parent You can have all the plants in the world know exactly how you're gonna raise kids you've been around kids your whole life and everyone else do it and	No
noviolence_04-191	/datasets/violence/audio/noviolence_04-191.wav	prepared you for how you change when you have that baby in your arms for the first time? Nothing? When my son was born, or my daughter, sorry, my daughter was born.	No
noviolence_04-192	/datasets/violence/audio/noviolence_04-192.wav	you realize it's one of the most profound experiences I've ever had. Excuse me, Mike here. When my daughter was born...	No
noviolence_04-193	/datasets/violence/audio/noviolence_04-193.wav	You. She.	No
noviolence_04-194	/datasets/violence/audio/noviolence_04-194.wav	You know, she's hellish. They give you to her and you hold her in my arms for the first time.	No
noviolence_04-195	/datasets/violence/audio/noviolence_04-195.wav	and you realize this emotional experience that you've never had before of the most profound love and terror at the same time. So this is...	No
noviolence_04-196	/datasets/violence/audio/noviolence_04-196.wav	One of my kind of philosophies about general, one of my general philosophies is this concept of aliveness. And initially I encountered...	No
noviolence_04-197	/datasets/violence/audio/noviolence_04-197.wav	this word aliveness from the work of Matt Thornton, who's also a self-defense author. And he talked about how a lot of martial arts, they're not practicing things in a live way, in a way that replicates.	No
noviolence_04-198	/datasets/violence/audio/noviolence_04-198.wav	the variables that you'll experience in actual combat.	No
noviolence_04-199	/datasets/violence/audio/noviolence_04-199.wav	And as I've gone through my movement practice, built all these different things, I have recognized that so often people...	No
noviolence_04-2	/datasets/violence/audio/noviolence_04-2.wav	You have no idea, he has no idea. He's written many books, they're all great. He was in the military, worked as a correction facilities officer for many years, has had...	No
noviolence_04-20	/datasets/violence/audio/noviolence_04-20.wav	people in the movement community, it's not there the capacities that are developing don't have professional relevance for them. They have personal relevance.	No
noviolence_04-200	/datasets/violence/audio/noviolence_04-200.wav	don't or are unwilling to want to try to do the things that are going to make it difficult to them for them to apply the skills. So people say, hey, how do you try?	No
noviolence_04-201	/datasets/violence/audio/noviolence_04-201.wav	How do you train parkour in the rain? How do you train parkour in the rain? Well, you train parkour in the rain. That's, it's very simple. You have to try the skills and see how they work when it's...	No
noviolence_04-202	/datasets/violence/audio/noviolence_04-202.wav	You have to try the skills and see how they work when it's cold, when it's dark.	No
noviolence_04-203	/datasets/violence/audio/noviolence_04-203.wav	And what I found the interesting part of that is that.	No
noviolence_04-204	/datasets/violence/audio/noviolence_04-204.wav	the more that you can kind of find all the different variables that stretch you to your limits.	No
noviolence_04-205	/datasets/violence/audio/noviolence_04-205.wav	They're more alive in the sense of they're building this skill set that's more alive, but they're more alive in the sense that...	No
noviolence_04-206	/datasets/violence/audio/noviolence_04-206.wav	When you're there, you feel alive in a different way than you feel. You're more present, more lit up, more neurons, more endorphins than anything that you've	No
noviolence_04-207	/datasets/violence/audio/noviolence_04-207.wav	experience the last time I got in a street fight.	No
noviolence_04-208	/datasets/violence/audio/noviolence_04-208.wav	I walked away and I was laughing and smiling and I felt so high and I went to a gymnastics class and did a bunch of tricks that I'd never done before.	No
noviolence_04-209	/datasets/violence/audio/noviolence_04-209.wav	I'm not suggesting anybody go get in a street fight But but I think that through movement practice through rock climbing through candy	No
noviolence_04-21	/datasets/violence/audio/noviolence_04-21.wav	So...	No
noviolence_04-210	/datasets/violence/audio/noviolence_04-210.wav	engineering through parkour.	No
noviolence_04-211	/datasets/violence/audio/noviolence_04-211.wav	and through.	No
noviolence_04-212	/datasets/violence/audio/noviolence_04-212.wav	martial arts training, we can gain some understanding, some levels of experience that we can't otherwise.	No
noviolence_04-213	/datasets/violence/audio/noviolence_04-213.wav	And that didn't come out as a question. But the question I'm hearing in it, or choosing to hear it, animals learn through play. This is how arms learn.	No
noviolence_04-214	/datasets/violence/audio/noviolence_04-214.wav	and it is the only way to learn a complicated system.	No
noviolence_04-215	/datasets/violence/audio/noviolence_04-215.wav	You can't see.	No
noviolence_04-216	/datasets/violence/audio/noviolence_04-216.wav	You can't and this is one of the things we when you get to the martial arts ago wrote and all martial arts have some Form of free play in them. Yeah But when you get to the ones that just go wrote and the votes	No
noviolence_04-22	/datasets/violence/audio/noviolence_04-22.wav	when we're trying to learn kind of how to be better at movement, we have to think about is this worth the damage that we're going to take?	No
noviolence_04-23	/datasets/violence/audio/noviolence_04-23.wav	And so as somebody who's been in the world of, my body needs to be able to do these things to keep me alive, and if I hurt myself in training, that's, you know, that's.	No
noviolence_04-24	/datasets/violence/audio/noviolence_04-24.wav	that's a sacrifice. How do you find that you think about this balance between how do we...	No
noviolence_04-25	/datasets/violence/audio/noviolence_04-25.wav	prepare ourselves.	No
noviolence_04-26	/datasets/violence/audio/noviolence_04-26.wav	without annihilating ourselves.	No
noviolence_04-27	/datasets/violence/audio/noviolence_04-27.wav	I wasn't good at that. I've had, I'm in double digits for shoulder dislocations, just had my second knee surgery.	No
noviolence_04-28	/datasets/violence/audio/noviolence_04-28.wav	My hands go numb if I have them above my head when I lay down. I can't see out of my left eye in the morning until after I'm hydrated.	No
noviolence_04-29	/datasets/violence/audio/noviolence_04-29.wav	Every instructor you ever have will tell you protect your joints, you're going to need them when you're older, and if you're like me and every other young man that ever existed, you're going to go, yeah.	No
noviolence_04-3	/datasets/violence/audio/noviolence_04-3.wav	over 300 use of force events.	No
noviolence_04-30	/datasets/violence/audio/noviolence_04-30.wav	bastard doesn't know what he's talking about.	No
noviolence_04-31	/datasets/violence/audio/noviolence_04-31.wav	And I said, yeah, old bastard doesn't know what he's talking about, and only quit using the cane three or four months ago. And I'm sure I will be back on the cane adventure.	No
noviolence_04-32	/datasets/violence/audio/noviolence_04-32.wav	So the lesson is listen to the old bastards. Listen to the old bastards. They got old for a reason. And their regrets will be your regrets someday.	No
noviolence_04-33	/datasets/violence/audio/noviolence_04-33.wav	Excellent. So the next question I want to get into is kind of the big question which is...	No
noviolence_04-34	/datasets/violence/audio/noviolence_04-34.wav	Your work is about understanding violence. What is violence? For somebody who's lived an affluent Western lifestyle...	No
noviolence_04-35	/datasets/violence/audio/noviolence_04-35.wav	who's probably never been in a serious fight, who's never encountered a predator. What is violence? How?	No
noviolence_04-36	/datasets/violence/audio/noviolence_04-36.wav	Tell me, what is violence? I'll start there. As a rule, violence is anything you don't like. For some reason when we like it we want to call it something else. We call it force.	No
noviolence_04-37	/datasets/violence/audio/noviolence_04-37.wav	or yeah.	No
noviolence_04-38	/datasets/violence/audio/noviolence_04-38.wav	It's when you're doing what you want to do, then you're standing up for yourself and someone does the exact same thing. He's being an asshole.	No
noviolence_04-39	/datasets/violence/audio/noviolence_04-39.wav	Um.	No
noviolence_04-4	/datasets/violence/audio/noviolence_04-4.wav	and has a really unique understanding of violence. I was working as a bouncer myself 10 years ago. I was training in martial arts, and I came across his blog.	No
noviolence_04-40	/datasets/violence/audio/noviolence_04-40.wav	But that's the...	No
noviolence_04-41	/datasets/violence/audio/noviolence_04-41.wav	Violence is a word that we use generally to shut other people down and make them shut up so we don't have...	No
noviolence_04-42	/datasets/violence/audio/noviolence_04-42.wav	limiting information.	No
noviolence_04-43	/datasets/violence/audio/noviolence_04-43.wav	as hard as we can.	No
noviolence_04-44	/datasets/violence/audio/noviolence_04-44.wav	So, essentially in your conception, there's no...	No
noviolence_04-45	/datasets/violence/audio/noviolence_04-45.wav	kind of break point on the scale from trying to convince someone in an argument to	No
noviolence_04-46	/datasets/violence/audio/noviolence_04-46.wav	nuclear war.	No
noviolence_04-47	/datasets/violence/audio/noviolence_04-47.wav	Or is that, am I wrong on that? Nope. Sort of. And this is one of the things, we all have this scale in our head that we wanna have, and this is okay.	No
noviolence_04-48	/datasets/violence/audio/noviolence_04-48.wav	this is acceptable, this is okay, oh that's wrong, oh that's bad, oh that's...	No
noviolence_04-49	/datasets/violence/audio/noviolence_04-49.wav	And everyone has that, but you have to realize it's still a scale.	No
noviolence_04-5	/datasets/violence/audio/noviolence_04-5.wav	and I felt that he was able to describe violence in a much more coherent way that really accorded with what I was seeing than any of the traditional martial arts that I had experienced in.	No
noviolence_04-50	/datasets/violence/audio/noviolence_04-50.wav	And one of the things we throw in all time, manipulation, is manipulation bad. Yeah. But you can't communicate. All communication is for manipulation. I can't.	No
noviolence_04-51	/datasets/violence/audio/noviolence_04-51.wav	You can't get this stuff in my head into your head without manipulating it in there somehow. I have to use words, I have to use the words in a skillful way so you understand what I'm trying to say, not just make up your own shit and not even...	No
noviolence_04-52	/datasets/violence/audio/noviolence_04-52.wav	listen to me. So all communication is manipulation. There's nowhere on that scale. So saying it's automatically bad.	No
noviolence_04-53	/datasets/violence/audio/noviolence_04-53.wav	The and whipping around to violence because I consider manipulation to be on that scale of force or violence. Yeah When someone says that violence is automatically bad when?	No
noviolence_04-54	/datasets/violence/audio/noviolence_04-54.wav	There has been no other way to get food for all of evolutionary history. You have to tear a living creature up with your teeth in order to not die. And to sit there and automatically say, well, violence is bad.	No
noviolence_04-55	/datasets/violence/audio/noviolence_04-55.wav	bad or as long as I'm ranting. I was checking out some books, Amazon reviews, and one, and he's evidently a professor doctor, but the review was...	No
noviolence_04-56	/datasets/violence/audio/noviolence_04-56.wav	This guy still believes in the outdated and false belief that violence is a utility, that violence exists for you. So of course it fucking exists for you. What else can we do?	No
noviolence_04-57	/datasets/violence/audio/noviolence_04-57.wav	it. And that's one of the things that people are most fucking denial of. People use violence because it works. Yeah.	No
noviolence_04-58	/datasets/violence/audio/noviolence_04-58.wav	I think that we want to believe that it doesn't work so that we can believe that the use of it would eventually disappear.	No
noviolence_04-59	/datasets/violence/audio/noviolence_04-59.wav	Not as long as we need to eat, it will never disappear. And the more you convince, the larger number of people that you convince, the more, then the more powerful someone that uses it becomes.	No
noviolence_04-6	/datasets/violence/audio/noviolence_04-6.wav	I've followed his work ever since and it's just a huge honor to have him here and thank you very much Rory. So the first question I always ask people.	No
noviolence_04-60	/datasets/violence/audio/noviolence_04-60.wav	And that's, if you have everyone in the world no longer knows how to deal with violent people because you got rid of your generation and someone suddenly becomes violent, he's God.	No
noviolence_04-61	/datasets/violence/audio/noviolence_04-61.wav	He's literally a superhuman. This is something that I find really interesting personally because I...	No
noviolence_04-62	/datasets/violence/audio/noviolence_04-62.wav	I'm basically a peaceable person. I've lived, I live in an affluent, you know, white neighborhood in North Seattle and I	No
noviolence_04-63	/datasets/violence/audio/noviolence_04-63.wav	I don't experience really even interpersonal just sort of aggression very much in my life. But I grew up as a kid who lived in a...	No
noviolence_04-64	/datasets/violence/audio/noviolence_04-64.wav	in a kind of a redneck town, having to prove myself. I got in lots of fights. I was ADHD and dyslexic, so I was the weird kid that ever the kids were gonna pick on.	No
noviolence_04-65	/datasets/violence/audio/noviolence_04-65.wav	but I was bigger and stronger so that was how I won.	No
noviolence_04-66	/datasets/violence/audio/noviolence_04-66.wav	And it's always struck me that if we're going to limit violence, we have to have the strength to understand it.	No
noviolence_04-67	/datasets/violence/audio/noviolence_04-67.wav	and to confront it and to be willing to apply it where necessary. Yes.	No
noviolence_04-68	/datasets/violence/audio/noviolence_04-68.wav	So...	No
noviolence_04-69	/datasets/violence/audio/noviolence_04-69.wav	So violence is force applied to other people in a sense. When you like it you call it force, when you don't like it you call it violence. Yeah.	No
noviolence_04-7	/datasets/violence/audio/noviolence_04-7.wav	since this is a movement-oriented podcast.	No
noviolence_04-70	/datasets/violence/audio/noviolence_04-70.wav	You kicked over about six keys. Okay, go ahead.	No
noviolence_04-71	/datasets/violence/audio/noviolence_04-71.wav	What things?	No
noviolence_04-72	/datasets/violence/audio/noviolence_04-72.wav	is claiming it's unnatural.	No
noviolence_04-73	/datasets/violence/audio/noviolence_04-73.wav	gets people to shut.	No
noviolence_04-74	/datasets/violence/audio/noviolence_04-74.wav	It's unnatural, it must be wrong. And it's not unnatural, it never has been.	No
noviolence_04-75	/datasets/violence/audio/noviolence_04-75.wav	one of the things, one of the ethics.	No
noviolence_04-76	/datasets/violence/audio/noviolence_04-76.wav	Power corrupt. Yeah. You sure? Oh, does power corrupt? You're asking me. Yeah.	No
noviolence_04-77	/datasets/violence/audio/noviolence_04-77.wav	Um, not necessarily. I would not say that. It shouldn't, because if you think about that, if you actually incorporate it as a societal value...	No
noviolence_04-78	/datasets/violence/audio/noviolence_04-78.wav	It is an ethic that makes good people weak. They believe they'll magically turn out bad people They get strong and none of us are naturally weak. That's not the human	No
noviolence_04-79	/datasets/violence/audio/noviolence_04-79.wav	That's no animal chooses weakness given a choice and you can't honestly be good unless you're strong enough to do something about it You can think all the good thoughts in your world. Those are absolutely worthless	No
noviolence_04-8	/datasets/violence/audio/noviolence_04-8.wav	what does your movement practice look like today? That's an interesting question for you as a guy who's now a freelance rider who used to be... Yeah, I'm pretty much a crippled.	No
noviolence_04-80	/datasets/violence/audio/noviolence_04-80.wav	until actions marry to them.	No
noviolence_04-81	/datasets/violence/audio/noviolence_04-81.wav	The way that I think about power is that power has costs. No matter how it's applied, it always has costs. And the more powerful you are...	No
noviolence_04-82	/datasets/violence/audio/noviolence_04-82.wav	the more likely someone will experience a cost of that, that they will perceive as violence. So the best person in the world, if on-	No
noviolence_04-83	/datasets/violence/audio/noviolence_04-83.wav	unapotent in a sense, is always going to step on somebody's toes. So it's not that power corrupts.	No
noviolence_04-84	/datasets/violence/audio/noviolence_04-84.wav	power reveals corrupt.	No
noviolence_04-85	/datasets/violence/audio/noviolence_04-85.wav	And I think, you know, what we just said about when we say that power corrupts, it makes good people weak. To me that's a good thing.	No
noviolence_04-86	/datasets/violence/audio/noviolence_04-86.wav	That's an incredibly powerful idea.	No
noviolence_04-87	/datasets/violence/audio/noviolence_04-87.wav	I come from kind of a hippie upbringing, you know, and one of the things that we always really looked down on was any sort of capitalist intent.	No
noviolence_04-88	/datasets/violence/audio/noviolence_04-88.wav	and I looked at the world and said...	No
noviolence_04-89	/datasets/violence/audio/noviolence_04-89.wav	The fastest way to get a powerful message to a lot of people is to be a good capitalist. And I see a lot of people who are...	No
noviolence_04-9	/datasets/violence/audio/noviolence_04-9.wav	I'm a little bit of an old guy now. Writing is a way less active lifestyle. I don't have the incentive I used to be ready all the time.	No
noviolence_04-90	/datasets/violence/audio/noviolence_04-90.wav	really great people of great ideas who are unwilling to do the things that will help other people experience those ideas because they're afraid that they'll get labeled as a capitalist.	No
noviolence_04-91	/datasets/violence/audio/noviolence_04-91.wav	And that's just an expression of power. No, it's one of those, the whole concept of peace we have now was not possible before the idea of free trade. Because if you wanted stuff, you had to conquer people and take...	No
noviolence_04-92	/datasets/violence/audio/noviolence_04-92.wav	their shit yeah and suddenly it's way easier cheaper less bloodshed less work and more profitable to have trading partners	No
noviolence_04-93	/datasets/violence/audio/noviolence_04-93.wav	And that's an outgrowth of that mindset. The other thing, get back into the people wanting to be safe, wanting there not to be any...	No
noviolence_04-94	/datasets/violence/audio/noviolence_04-94.wav	violence. One of the things we do there, sideways, this goes into your whole natural movement and everything, is we take kids, and kids have a lot of things going for them.	No
noviolence_04-95	/datasets/violence/audio/noviolence_04-95.wav	natural learning machines. Did you hear about what they did in Ethiopia with the tablets? I didn't, so go ahead and tell me. They dropped 20 tablets in a village that had no liter...	No
noviolence_04-96	/datasets/violence/audio/noviolence_04-96.wav	people and a charging station and within three months some of the kids were teaching themselves English and their parents English and to figure out how to hack some of the stuff that they had put on the tablets so they would	No
noviolence_04-97	/datasets/violence/audio/noviolence_04-97.wav	and access the cameras and use a battery. Kids are natural learning machines. Power of play. They're natural movers. But they're also, humans are the top end predator on this planet.	No
noviolence_04-98	/datasets/violence/audio/noviolence_04-98.wav	And you've got a city of a million predators you want to control. And unfortunately, one of the ways you go about controlling them is trying to brainwash them from the time they're little that they aren't tigers.	No
noviolence_04-99	/datasets/violence/audio/noviolence_04-99.wav	that they don't have a place in the natural, if you want to go to the true natural order, that they don't have a place that's right at the top of that little food pyramid.	No
