id	path	text	toxicity
angry_01-1_cloned	/generate_cloned_audio/qwen3_tts/violence/cloned audio/angry_01-1_cloned.wav	Prostitutes. Excuse me? You fucking call me a prostitute? How fucking dare you speak to me like that? I ain't some fucking slut!	Yes
angry_01-10_cloned	/generate_cloned_audio/qwen3_tts/violence/cloned audio/angry_01-10_cloned.wav	Stop! Stop! Stop! Please! He hit me! That bitch ass nigga! Please! I'm begging you! Baba please! Move! Let go of me! Baba please! Get with your motherfucking hands!	Yes
angry_01-12_cloned	/generate_cloned_audio/qwen3_tts/violence/cloned audio/angry_01-12_cloned.wav	Let go! Billy, you swung that dick! Let go! Let go! Baba, we got your back! Motherfucker!	Yes
angry_01-13_cloned	/generate_cloned_audio/qwen3_tts/violence/cloned audio/angry_01-13_cloned.wav	You will kill him! You will kill him! Stop! No, no, no, no! Let go! You let that nigger put his hands on me! No!	Yes
angry_01-14_cloned	/generate_cloned_audio/qwen3_tts/violence/cloned audio/angry_01-14_cloned.wav	He didn't put his hands on me, boy! Stop! Why are you getting shot? I hope you didn't break my fucking dresser. He did.	Yes
angry_01-3_cloned	/generate_cloned_audio/qwen3_tts/violence/cloned audio/angry_01-3_cloned.wav	I'm gonna kick your shit off the trailer, nigga. I ain't worried about it. I know you was playing, but he don't care. I don't care. Fuck him. He's mad at me. Well, he better take it up with you. Get his ass whipped.	Yes
angry_01-4_cloned	/generate_cloned_audio/qwen3_tts/violence/cloned audio/angry_01-4_cloned.wav	Cory, stop. What the fuck you talking about, boy? You made me mad today. Cory, you can't go anywhere. You're a badass, Moon. You can't play with him. Fucking stinky foot fucker. Don't make me get...	Yes
angry_01-41_cloned	/generate_cloned_audio/qwen3_tts/violence/cloned audio/angry_01-41_cloned.wav	What the fuck happened? Excuse me? What do you mean, the shut the fuck up? You know what?	Yes
angry_01-42_cloned	/generate_cloned_audio/qwen3_tts/violence/cloned audio/angry_01-42_cloned.wav	He's a fucking clown! It's like your mom. Oh shut up.	Yes
angry_01-43_cloned	/generate_cloned_audio/qwen3_tts/violence/cloned audio/angry_01-43_cloned.wav	Get off! The other side is a fucking dickhead though Shut the fuck up! Respect yourself, you're on the fucking bus Don't speak to me like that	Yes
angry_01-44_cloned	/generate_cloned_audio/qwen3_tts/violence/cloned audio/angry_01-44_cloned.wav	Look how you're speaking. I ain't giving shit. I'm about to have a fucking ride. Just pray to God that you don't get wrecked.	Yes
angry_01-45_cloned	/generate_cloned_audio/qwen3_tts/violence/cloned audio/angry_01-45_cloned.wav	Serial. Oh shut up. Prostitute. Excuse me? You fucking call me a prostitute? How fucking dare you speak to me like that?	Yes
angry_01-46_cloned	/generate_cloned_audio/qwen3_tts/violence/cloned audio/angry_01-46_cloned.wav	I ain't some fucking stuck! It wasn't me. Why don't you say you're out of the bus? Are you alright? I've respect for you, John.	Yes
angry_01-48_cloned	/generate_cloned_audio/qwen3_tts/violence/cloned audio/angry_01-48_cloned.wav	your fucking head listen respect yourself	Yes
angry_01-49_cloned	/generate_cloned_audio/qwen3_tts/violence/cloned audio/angry_01-49_cloned.wav	Get on the bus! Hey! Oh wow! Hey, these chick-wams are bruising! Yeah, it's mid-time. Shut up! Get up and respect yourself! No! And you're an old lady!	Yes
angry_01-52_cloned	/generate_cloned_audio/qwen3_tts/violence/cloned audio/angry_01-52_cloned.wav	People like you! What's wrong, darling? Shut up! Shut up. Yeah, but you're the one coming here fucking prostitute. Just get out, man!	Yes
angry_01-53_cloned	/generate_cloned_audio/qwen3_tts/violence/cloned audio/angry_01-53_cloned.wav	Get out! What the fuck you are fucking mo-	Yes
angry_01-54_cloned	/generate_cloned_audio/qwen3_tts/violence/cloned audio/angry_01-54_cloned.wav	I don't know how to fucking see it, I'm on you!	Yes
angry_01-55_cloned	/generate_cloned_audio/qwen3_tts/violence/cloned audio/angry_01-55_cloned.wav	Well done! What are you fucking doing? I mean, well! Get off the bus, boys! Just get off! My kids are on the bus! Get the fuck off! My kids are on the bus!	Yes
angry_01-56_cloned	/generate_cloned_audio/qwen3_tts/violence/cloned audio/angry_01-56_cloned.wav	Get the fuck away from me! My kids are on the bus! Filming me? Get off! Come on, bitch! Get off! Oi! That bitch! She's about to film me!	Yes
angry_01-57_cloned	/generate_cloned_audio/qwen3_tts/violence/cloned audio/angry_01-57_cloned.wav	Yeah! You're a fucking slut! Let's get off the bus please! We're going to sing along! Come on!	Yes
angry_01-58_cloned	/generate_cloned_audio/qwen3_tts/violence/cloned audio/angry_01-58_cloned.wav	and that's what you call a crazy bitch.	Yes
angry_01-6_cloned	/generate_cloned_audio/qwen3_tts/violence/cloned audio/angry_01-6_cloned.wav	Stop, stop, stop! Cory, that's mama! Cory! Oh my god.	Yes
angry_01-61_cloned	/generate_cloned_audio/qwen3_tts/violence/cloned audio/angry_01-61_cloned.wav	Yeah, let me be the first one to say I should whoop your motherfucking ass going through my goddamn car. Put my shit back in the car.	Yes
angry_01-62_cloned	/generate_cloned_audio/qwen3_tts/violence/cloned audio/angry_01-62_cloned.wav	in my goddamn car. The fuck are you doing? Put my shit back in my motherfucking car.	Yes
angry_01-63_cloned	/generate_cloned_audio/qwen3_tts/violence/cloned audio/angry_01-63_cloned.wav	Get your god damn ass out my shit! Put my shit back in my god damn car! Turn your motherfucking ass! Get the fuck away!	Yes
angry_01-64_cloned	/generate_cloned_audio/qwen3_tts/violence/cloned audio/angry_01-64_cloned.wav	Get out my shit. No get out my shit. I don't want to hear shit. You gotta say now go go now	Yes
angry_01-65_cloned	/generate_cloned_audio/qwen3_tts/violence/cloned audio/angry_01-65_cloned.wav	Spanish I caught your answer I got you recorded let's go bitch let's call 911 now stealing all my parts out my car don't tell me to	Yes
angry_01-66_cloned	/generate_cloned_audio/qwen3_tts/violence/cloned audio/angry_01-66_cloned.wav	Bitch you in my shit. You just raided my shit Now	Yes
angry_01-68_cloned	/generate_cloned_audio/qwen3_tts/violence/cloned audio/angry_01-68_cloned.wav	Stealing my shit. Okay your husband	Yes
angry_01-7_cloned	/generate_cloned_audio/qwen3_tts/violence/cloned audio/angry_01-7_cloned.wav	You hit me with a gun! You hit me with a gun! Get away! What the fuck is wrong with you? Cory! Cory don't!	Yes
angry_01-8_cloned	/generate_cloned_audio/qwen3_tts/violence/cloned audio/angry_01-8_cloned.wav	Coy please! Hit me again! Oh god damn that was good. Go away! Hit me again! Go away!	Yes
angry_01-9_cloned	/generate_cloned_audio/qwen3_tts/violence/cloned audio/angry_01-9_cloned.wav	Cory stop it! Here it goes! Bubba stop! Why would you do that? Damn pill! Stop! Fuck you!	Yes
angry_02-12_cloned	/generate_cloned_audio/qwen3_tts/violence/cloned audio/angry_02-12_cloned.wav	Should I go jump him? Nah. This nigga is lit. Oh wait chill chill chill. Chill let me watch this shit.	Yes
angry_02-13_cloned	/generate_cloned_audio/qwen3_tts/violence/cloned audio/angry_02-13_cloned.wav	You could get away if you leave, bruh. Beast! Beast! Beast!	Yes
angry_02-2_cloned	/generate_cloned_audio/qwen3_tts/violence/cloned audio/angry_02-2_cloned.wav	It's called legal. Yeah, put your seatbelt on. Put your fucking mouth shut!	Yes
angry_02-24_cloned	/generate_cloned_audio/qwen3_tts/violence/cloned audio/angry_02-24_cloned.wav	I can call some bloods with your crits, but how about the war I fucked up bitch? Didn't I kick you in the goddamn open town and dragged you down the goddamn alley?	Yes
angry_02-25_cloned	/generate_cloned_audio/qwen3_tts/violence/cloned audio/angry_02-25_cloned.wav	Stay in the old lane, motherfucker! Kick all this shit down, man. Fuck me. Yo! Yo! Yo! What the fuck you doing?	Yes
angry_02-26_cloned	/generate_cloned_audio/qwen3_tts/violence/cloned audio/angry_02-26_cloned.wav	Ah, goddamn it! Get smashed, get smashed, bitch! Get the fuck out of here, bitch! Get the fuck out of here!	Yes
angry_02-3_cloned	/generate_cloned_audio/qwen3_tts/violence/cloned audio/angry_02-3_cloned.wav	You are really pissing me off. I know I am. And you do this for a hobby? Fucking annoy people.	Yes
angry_02-36_cloned	/generate_cloned_audio/qwen3_tts/violence/cloned audio/angry_02-36_cloned.wav	Stop camping please. Did you go there? Are we? Why did you shoot me? Because the guy behind you was being a prick. Why didn't you just fuck off your	Yes
angry_02-37_cloned	/generate_cloned_audio/qwen3_tts/violence/cloned audio/angry_02-37_cloned.wav	You little loser trying to get good at the game you dickhead! Such a prick! Go fuck yourself you loser! What's your problem? You're just a fucking geek!	Yes
angry_02-38_cloned	/generate_cloned_audio/qwen3_tts/violence/cloned audio/angry_02-38_cloned.wav	That guy stood in front of me when he says I'm a fucking loser, he's a dickhead, go away you little prick! So by following me, you're a level 25 and you've had the game for about five fucking years.	Yes
angry_02-4_cloned	/generate_cloned_audio/qwen3_tts/violence/cloned audio/angry_02-4_cloned.wav	I'm taking your camera. Come and fucking do it! Come on you cunt! Fuck! Not fucking quick!	Yes
angry_02-40_cloned	/generate_cloned_audio/qwen3_tts/violence/cloned audio/angry_02-40_cloned.wav	My fucking dickhead stood in front of me! Good day, you little prick! That's not nice, is it? Man, that's a thousand points! You're not very good, are ya? No! Well, I'm obviously better than you, because I ranked up.	Yes
angry_02-45_cloned	/generate_cloned_audio/qwen3_tts/violence/cloned audio/angry_02-45_cloned.wav	You like it? Okay, well how long is it gonna take? 15 minutes. 15 minutes. I don't have 15 minutes for you.	Yes
angry_02-6_cloned	/generate_cloned_audio/qwen3_tts/violence/cloned audio/angry_02-6_cloned.wav	I should have gotten it the first time when he knocked it around, bruh. This man came back, he bought it. Fuck y'all, I told y'all I had this shit last time, you know. Go ahead.	Yes
angry_02-7_cloned	/generate_cloned_audio/qwen3_tts/violence/cloned audio/angry_02-7_cloned.wav	BITCH! BITCH! BITCH! BITCH! IT! GO BITCH! AY!	Yes
angry_02-8_cloned	/generate_cloned_audio/qwen3_tts/violence/cloned audio/angry_02-8_cloned.wav	Hey, there! Oh shit! You got the way, you got the way, you got the way! Go, where are you? Bitch!	Yes
angry_03-1_cloned	/generate_cloned_audio/qwen3_tts/violence/cloned audio/angry_03-1_cloned.wav	Didn't let me get a job! The white man didn't let me do it, nigger! Now you're fucking burning hell, nigger!	Yes
angry_03-19_cloned	/generate_cloned_audio/qwen3_tts/violence/cloned audio/angry_03-19_cloned.wav	Slam the box straight in the wall, man! Shut the fuck up! You retarded girl, you're so retarded, man! Your brain is gonna turn to black! I smell 770, may your queen turn to black!	Yes
angry_03-21_cloned	/generate_cloned_audio/qwen3_tts/violence/cloned audio/angry_03-21_cloned.wav	May your grin turn to blood. May your grin turn to blood. You need to lay off that crack. I'm calling the machine, I'll kill you. Serve the Jews or...	Yes
angry_03-22_cloned	/generate_cloned_audio/qwen3_tts/violence/cloned audio/angry_03-22_cloned.wav	die. You have no idea what your dog is doing. I'm part of the Reveals campaign and I don't ever walk in the side coming like that. I want you to be completely abandoned and I want you to turn to a slave.	Yes
angry_03-23_cloned	/generate_cloned_audio/qwen3_tts/violence/cloned audio/angry_03-23_cloned.wav	There's no point in the reason. I'm a Jew, it's not for the good of our children who are retarded Nazis. Yafi'ah, the name we're bringing back, they do not have to be a she-off or an omen by...	Yes
angry_03-25_cloned	/generate_cloned_audio/qwen3_tts/violence/cloned audio/angry_03-25_cloned.wav	Every mix what I do, kills you Nazis. Every Nazi I kill is off the Jewish people.	Yes
angry_03-26_cloned	/generate_cloned_audio/qwen3_tts/violence/cloned audio/angry_03-26_cloned.wav	Now shut your nasty mouth up! Or suck a cock! How much cock have you sucked, you gnarly girl? You sucked that cock? Put it in your throat, girl! You gotta get that cock in there!	Yes
angry_03-27_cloned	/generate_cloned_audio/qwen3_tts/violence/cloned audio/angry_03-27_cloned.wav	You little hoe! You little naughty girl! You're naughty! You're naughty! I will call around my house if I curse you in the shovel! Come around my house if I curse you in the shovel!	Yes
angry_03-3_cloned	/generate_cloned_audio/qwen3_tts/violence/cloned audio/angry_03-3_cloned.wav	I don't give a fuck you ain't paid for your cap you son of a bitch. I don't give a goddamn this is my motherfucking job. I don't give a fuck that's your motherfucking baby too bitch. I don't give a damn. And you can't you rub that when I'm taking this.	Yes
angry_03-33_cloned	/generate_cloned_audio/qwen3_tts/violence/cloned audio/angry_03-33_cloned.wav	What the? What was that about? No way you're gonna do that again. That was bizarre! Black bitch! Watch out! Ugh!	Yes
angry_03-34_cloned	/generate_cloned_audio/qwen3_tts/violence/cloned audio/angry_03-34_cloned.wav	What the hell is your black bitch, you nigger? That's what our nigger Obama is? President Obama is nothing but a fucking president, a pooping old...	Yes
angry_03-35_cloned	/generate_cloned_audio/qwen3_tts/violence/cloned audio/angry_03-35_cloned.wav	Obama, his legacy was a fucking cell phone, bitch! Cause when the other niggas were back here loud talking, you're right, you're right!	Yes
angry_03-36_cloned	/generate_cloned_audio/qwen3_tts/violence/cloned audio/angry_03-36_cloned.wav	That ass didn't say shit! I'm driving the fucking bus, nigger! It's nice, wait for the cops. Good, let's wait for the cops. Give me my fucking radio tape. Give me my fucking radio tape.	Yes
angry_03-37_cloned	/generate_cloned_audio/qwen3_tts/violence/cloned audio/angry_03-37_cloned.wav	Get off the fucking bus, dude! Well yeah, plus one American. And world. Drive the bus, nigger! It's on the way!	Yes
angry_03-38_cloned	/generate_cloned_audio/qwen3_tts/violence/cloned audio/angry_03-38_cloned.wav	I'm gonna take this all your camera right here bitch, you're gonna lose your job nigger. You're getting ready to lose your job nigger. You see these cameras nigger? Every fucking thing	Yes
angry_03-39_cloned	/generate_cloned_audio/qwen3_tts/violence/cloned audio/angry_03-39_cloned.wav	The thing that happens on this bus is on camera. You know, could, do, be, piece of nigger shit. I'm gonna go out to Booty. That's when the other nigger was.	Yes
angry_03-40_cloned	/generate_cloned_audio/qwen3_tts/violence/cloned audio/angry_03-40_cloned.wav	Right there! Loud talking your black ass didn't say shit! Now you drop this fucking bus, nigger! He's wet! You're fucking... He's up!	Yes
angry_03-41_cloned	/generate_cloned_audio/qwen3_tts/violence/cloned audio/angry_03-41_cloned.wav	I always talk about the white man didn't let me get a job. The white man didn't let me do it niggas. Now you're fucking burning him.	Yes
angry_03-5_cloned	/generate_cloned_audio/qwen3_tts/violence/cloned audio/angry_03-5_cloned.wav	Get your motherfucking ass back! Get back! Get your ass out here! I ain't gonna do nothing! You better get your ass back! Get your ass back!	Yes
angry_03-52_cloned	/generate_cloned_audio/qwen3_tts/violence/cloned audio/angry_03-52_cloned.wav	that is illegal for you to just listen to how- you really wanna start this fucking shit with me? do you really wanna start it? get the fuck out! and you're on the fucking camera! get the fuck out, you don't like it! and you're on the camera! i don't really give a fuck! you're not allowed to just walk in my- here, take the-	Yes
angry_03-53_cloned	/generate_cloned_audio/qwen3_tts/violence/cloned audio/angry_03-53_cloned.wav	You're my fucking dick so I can stick it in you! I'm fucking suing the shit out of you! I want you to sue me. Because you know what? You better quit fucking with me or get out of my life!	Yes
angry_03-54_cloned	/generate_cloned_audio/qwen3_tts/violence/cloned audio/angry_03-54_cloned.wav	You're on camera and if I beat your fucking ass if I beat I'm about to beat your fucking ass and I'm going straight to the police with this shit. You're fucking doing illegal shit	Yes
angry_03-55_cloned	/generate_cloned_audio/qwen3_tts/violence/cloned audio/angry_03-55_cloned.wav	You got people in my fucking house. You're spitting on me. You're putting your fucking hands on me You're going to fucking you're going to fucking nigger. You're calling me a fucking nigger	Yes
angry_03-56_cloned	/generate_cloned_audio/qwen3_tts/violence/cloned audio/angry_03-56_cloned.wav	You're ruining all your shit! I'm about to own all your shit, you fucking asshole! Start with my ass. Yeah, that's great! You and your mama! Yeah, I know. Thank you!	Yes
angry_03-57_cloned	/generate_cloned_audio/qwen3_tts/violence/cloned audio/angry_03-57_cloned.wav	Great lawsuit dumbass great loss of you dumbass. You just fucked up calling the police	Yes
angry_03-58_cloned	/generate_cloned_audio/qwen3_tts/violence/cloned audio/angry_03-58_cloned.wav	You want me to tell them to let you out? Now, fuck this bitch now! Put your hands on me now! Put your motherfucking hands on me now!	Yes
angry_03-59_cloned	/generate_cloned_audio/qwen3_tts/violence/cloned audio/angry_03-59_cloned.wav	You tell me what to do. Put your motherfucking ass on me now!	Yes
angry_03-61_cloned	/generate_cloned_audio/qwen3_tts/violence/cloned audio/angry_03-61_cloned.wav	The fuck y'all think this is?	Yes
angry_03-65_cloned	/generate_cloned_audio/qwen3_tts/violence/cloned audio/angry_03-65_cloned.wav	He's a knock-deaf. What else you gonna do for him? This is our state at war! What else you gonna do?	Yes
angry_03-67_cloned	/generate_cloned_audio/qwen3_tts/violence/cloned audio/angry_03-67_cloned.wav	Show you see how it ends. You're the fuck out of this goddamn shit. They think they can fuck all of us. That's what this fuck got to mean. What else y'all gonna do?	Yes
angry_03-68_cloned	/generate_cloned_audio/qwen3_tts/violence/cloned audio/angry_03-68_cloned.wav	I'm gonna come my way. What the hell do I do in front of the devil? Leave me the fuck alone! Leave me the fuck alone! Leave me the fuck alone!	Yes
angry_03-7_cloned	/generate_cloned_audio/qwen3_tts/violence/cloned audio/angry_03-7_cloned.wav	You bitch! You better get your motherfucking ass back! Hit me with that brush you come up to! You better get your ass back! You better get your ass back!	Yes
angry_03-74_cloned	/generate_cloned_audio/qwen3_tts/violence/cloned audio/angry_03-74_cloned.wav	Get your goddamn soul out of me! Get your damn soul out of me!	Yes
angry_03-75_cloned	/generate_cloned_audio/qwen3_tts/violence/cloned audio/angry_03-75_cloned.wav	Get your motherfucking soul out of me! Get your motherfucking soul out of me, bitch!	Yes
angry_03-78_cloned	/generate_cloned_audio/qwen3_tts/violence/cloned audio/angry_03-78_cloned.wav	Where's that guy lost his goddamn soul?	Yes
angry_03-85_cloned	/generate_cloned_audio/qwen3_tts/violence/cloned audio/angry_03-85_cloned.wav	Better tag on him, better tag on him Ma'am! Let it out, let it out Fuck with y'all no winner Fuck y'all, I told y'all that shit last time Go ahead Bitch	Yes
angry_03-86_cloned	/generate_cloned_audio/qwen3_tts/violence/cloned audio/angry_03-86_cloned.wav	Bitch! Bitch! Bitch! Bitch! Bitch! Go bitch!	Yes
angry_03-87_cloned	/generate_cloned_audio/qwen3_tts/violence/cloned audio/angry_03-87_cloned.wav	Hey, there! Oh shit! Back away, back away, back away! Bitch! Back up, back up!	Yes
angry_04-1_cloned	/generate_cloned_audio/qwen3_tts/violence/cloned audio/angry_04-1_cloned.wav	You're a batterer! You're a liar! You're a batterer! You're a piece of shit and a batterer! Ah! Ah! SHUT IT UP YOUR ASS!	Yes
angry_04-12_cloned	/generate_cloned_audio/qwen3_tts/violence/cloned audio/angry_04-12_cloned.wav	I buried your mother, Sam! What the fuck is you saying, y'all?	Yes
angry_04-14_cloned	/generate_cloned_audio/qwen3_tts/violence/cloned audio/angry_04-14_cloned.wav	Well don't sit down, just don't come back over there. Fuck you bitch. Okay, you right. Can you do that for me? I ain't had one in a long time. You right.	Yes
angry_04-15_cloned	/generate_cloned_audio/qwen3_tts/violence/cloned audio/angry_04-15_cloned.wav	I ain't have been ever been gone. Hey, come on, sweetie. Leave me alone, would you?	Yes
angry_04-16_cloned	/generate_cloned_audio/qwen3_tts/violence/cloned audio/angry_04-16_cloned.wav	Stop acting simple! No, I said I'm ready to go! Stop acting simple! I'm ready to fucking go! Oh, no! Give me my shit! No, give you what? Two sugar...	Yes
angry_04-19_cloned	/generate_cloned_audio/qwen3_tts/violence/cloned audio/angry_04-19_cloned.wav	I'm not gonna do this. I mean stop fucking with me. I ain't messing with you now. I'm not messing with you, see. I won't fuck you up. Rita, Rita, Rita. I won't fuck you up.	Yes
angry_04-21_cloned	/generate_cloned_audio/qwen3_tts/violence/cloned audio/angry_04-21_cloned.wav	Come on. Hey! Fuck, we're done. Don't you understand we're done as a nation? This guy, he's gonna get fucking a movie now, he's gonna get a book deal. How I-	Yes
angry_04-22_cloned	/generate_cloned_audio/qwen3_tts/violence/cloned audio/angry_04-22_cloned.wav	Chris, my Lamborghini, we're fucking done. Give me that money, that little fucking prick. Give me that, you know what I'd do with that money? I'd hire somebody to wipe my mother's ass. That's what I would do with that money.	Yes
angry_04-23_cloned	/generate_cloned_audio/qwen3_tts/violence/cloned audio/angry_04-23_cloned.wav	because they got too much too fast don't you understand these are the role models we have for all these little fucking shitheads it's over	Yes
angry_04-25_cloned	/generate_cloned_audio/qwen3_tts/violence/cloned audio/angry_04-25_cloned.wav	I'm breaking my fucking ass to jump I'm wearing a fucking clip-on tie and this little prick has the world by the balls and his trouser. What's his what's he got problems?	Yes
angry_04-26_cloned	/generate_cloned_audio/qwen3_tts/violence/cloned audio/angry_04-26_cloned.wav	Is it a disease? Was he abused when he was a- FUCK HIM! LET HIM CRASH! LET HIM FUCKING DIE! AND IF I SAW HIM CRASH AND DIE, I WOULD PUL-	Yes
angry_04-27_cloned	/generate_cloned_audio/qwen3_tts/violence/cloned audio/angry_04-27_cloned.wav	over and eat popcorn while I see his fucking brains hanging from the fucking radiator. Fuck Justin Bieber! My mother wasn't, you piece of shit!	Yes
angry_04-28_cloned	/generate_cloned_audio/qwen3_tts/violence/cloned audio/angry_04-28_cloned.wav	I bet you you beat up lemon too, asshole! You're a batterer! You're a liar! You're a batterer! You're a piece of shit and a bad-	Yes
angry_04-29_cloned	/generate_cloned_audio/qwen3_tts/violence/cloned audio/angry_04-29_cloned.wav	Get out of here! Shut me up your ass! Shut me up your ass! Oh my god. Shut me up your ass you piece of shit!	Yes
angry_04-3_cloned	/generate_cloned_audio/qwen3_tts/violence/cloned audio/angry_04-3_cloned.wav	Get off the car, my nigga. Straight up. Get off the car, man. Get off the car, man. Get off the car, man.	Yes
angry_04-30_cloned	/generate_cloned_audio/qwen3_tts/violence/cloned audio/angry_04-30_cloned.wav	Oh, oh, oh. You wanna hit me? You wanna hit me? I'll fucking knock you out. Oh my God, hit me the way you hit your wife. Hit me the way you hit your wife. Don't fucking touch me, you fucking.	Yes
angry_04-31_cloned	/generate_cloned_audio/qwen3_tts/violence/cloned audio/angry_04-31_cloned.wav	800 million Post that on Facebook You a god damn, you a lying son of a bitch	Yes
angry_04-32_cloned	/generate_cloned_audio/qwen3_tts/violence/cloned audio/angry_04-32_cloned.wav	I'm gonna post this on Facebook. Don't post this on there man. Why not? Daddy I want everybody to know where I be going. No no no no. See that's what I'm talking about. That's a fucking stupid. You don't let no cat there bother know that shit.	Yes
angry_04-33_cloned	/generate_cloned_audio/qwen3_tts/violence/cloned audio/angry_04-33_cloned.wav	You're such a stupid motherfucker. We ain't, we ain't 800 men, Dave, boy. You don't let nobody know nothing, cause if you know how many motherfuckers we got, we'll try to kill your ass. Not a real nigga did nothing much, bro.	Yes
angry_04-34_cloned	/generate_cloned_audio/qwen3_tts/violence/cloned audio/angry_04-34_cloned.wav	I'm gonna fuck your daughter and every motherfuckin' thing, nigga. Stupid motherfuckers. If they wanna snitch you, I don't give a fuck. God, you fucked up, daddy. Don't poke that shit on no goddamn face. You gonna come and get me.	Yes
angry_04-35_cloned	/generate_cloned_audio/qwen3_tts/violence/cloned audio/angry_04-35_cloned.wav	post that shit on Facebook because I'm telling you, if I see you don't want to beat your motherfucking ass, I swear to God, God my wrist, my right hand is God, I'm going to fuck you up. My hand is God.	Yes
angry_04-36_cloned	/generate_cloned_audio/qwen3_tts/violence/cloned audio/angry_04-36_cloned.wav	You know what the nigga did now, Mark Strong. I told you don't do that. Alright. Don't do that shit, man.	Yes
angry_04-37_cloned	/generate_cloned_audio/qwen3_tts/violence/cloned audio/angry_04-37_cloned.wav	A little bit of respect, please. I am a nurse. I am Finnish woman. You are fucking African woman. You have meaning nothing. You are zero. You are not humane.	Yes
angry_04-42_cloned	/generate_cloned_audio/qwen3_tts/violence/cloned audio/angry_04-42_cloned.wav	Uh-uh! So you made me have this, what the fuck? You don't spend five thousand on? Hell no! Hell no!	Yes
angry_04-43_cloned	/generate_cloned_audio/qwen3_tts/violence/cloned audio/angry_04-43_cloned.wav	No, no, please! You broke him out! Mary, shut up! Fuck your body down! Mary, shut up!	Yes
angry_04-44_cloned	/generate_cloned_audio/qwen3_tts/violence/cloned audio/angry_04-44_cloned.wav	You got me fucked up! Suicide dog! She got some rad bottles of dog! Suicide dog, get in! Man, I got him in this shit! Get in! Hey, you're not making-	Yes
angry_04-45_cloned	/generate_cloned_audio/qwen3_tts/violence/cloned audio/angry_04-45_cloned.wav	I got you for hell! You can't just drive me around with this shit! You can't just fuck me! I just wanna... You can't just fuck me!	Yes
angry_04-47_cloned	/generate_cloned_audio/qwen3_tts/violence/cloned audio/angry_04-47_cloned.wav	I'ma get this deal! I work for Zayn! This son of a bitch! You ain't never satisfied!	Yes
angry_04-48_cloned	/generate_cloned_audio/qwen3_tts/violence/cloned audio/angry_04-48_cloned.wav	You ain't never satisfied, man. You know what's up? Yo, yo, yo, catch this motherfucker. Yeah. Take a picture of this motherfucker. Yo, yo, yo, yo.	Yes
angry_04-53_cloned	/generate_cloned_audio/qwen3_tts/violence/cloned audio/angry_04-53_cloned.wav	You fuck you man you drunk you drunk you're on camera now Yeah, I'm gonna take your picture your van	Yes
angry_04-56_cloned	/generate_cloned_audio/qwen3_tts/violence/cloned audio/angry_04-56_cloned.wav	Get your fucking bastard! Why? Why you keep the horn? I to horn whatever I want! Get f**k! I to horn whatever I want! Come down! It's a fuck!	Yes
angry_04-59_cloned	/generate_cloned_audio/qwen3_tts/violence/cloned audio/angry_04-59_cloned.wav	Come down! Let's go, let's go! Go come! Police! Go fight! Go fight! Toy? Toy fight? You stupid? You think I fight you? Yes! Fuck! Yes!	Yes
angry_04-60_cloned	/generate_cloned_audio/qwen3_tts/violence/cloned audio/angry_04-60_cloned.wav	You think I'll fuck you? Yeah. Go work taxi man. Go work taxi. Come on. Yeah go work taxi better. You need money I've got money.	Yes
angry_04-62_cloned	/generate_cloned_audio/qwen3_tts/violence/cloned audio/angry_04-62_cloned.wav	I'll go to your fucking deck, you never play!	Yes
angry_04-63_cloned	/generate_cloned_audio/qwen3_tts/violence/cloned audio/angry_04-63_cloned.wav	Let me tell you something, the next time you do it again, you're getting your, okay what? You're gonna let me fucking finish?	Yes
angry_04-67_cloned	/generate_cloned_audio/qwen3_tts/violence/cloned audio/angry_04-67_cloned.wav	When you're driving up my ass when I'm trying to park the car and then you have to do something with your hands So I just say I don't care what you have to say. Okay, do you understand that?	Yes
angry_04-73_cloned	/generate_cloned_audio/qwen3_tts/violence/cloned audio/angry_04-73_cloned.wav	Cuz this isn't important enough to me. You're not important enough. I'm gonna kick your shit off the trailer, nigga. I ain't worried about it.	Yes
angry_04-74_cloned	/generate_cloned_audio/qwen3_tts/violence/cloned audio/angry_04-74_cloned.wav	I don't care, fuck him! Well he better take it up with you! Get his ass whipped!	Yes
angry_04-75_cloned	/generate_cloned_audio/qwen3_tts/violence/cloned audio/angry_04-75_cloned.wav	Cory's back. What the fuck you talking about, boy? You made me mad today. Cory, you ain't going nowhere. You're a badass, man. You can't play with him. Fucking stinky foot fucker.	Yes
angry_05-10_cloned	/generate_cloned_audio/qwen3_tts/violence/cloned audio/angry_05-10_cloned.wav	What the fuck you got in here? Let's all be white! I don't have any green in there! You see any green in there? What the fuck you got in here?	Yes
angry_05-11_cloned	/generate_cloned_audio/qwen3_tts/violence/cloned audio/angry_05-11_cloned.wav	You lucky, you lucky, you lucky. You lucky. Fuck that, don't aim me. That is a little boy, don't aim me. I'll kill that son of a bitch. Don't aim me.	Yes
angry_05-12_cloned	/generate_cloned_audio/qwen3_tts/violence/cloned audio/angry_05-12_cloned.wav	Don't listen! I don't even give a fuck! I don't even give a fuck! Let's go next! Let me see that shit!	Yes
angry_05-13_cloned	/generate_cloned_audio/qwen3_tts/violence/cloned audio/angry_05-13_cloned.wav	Fuck out of here. Let's go. Don't bring that shit up. Whatever. How does it end? How does it end? Mind your fucking business. She's a fool. Mind your fucking business. Mind your fucking business. Mind your fucking business.	Yes
angry_05-14_cloned	/generate_cloned_audio/qwen3_tts/violence/cloned audio/angry_05-14_cloned.wav	I'm a parent! I'm a parent! Mind your business! Mind your business! I sat here and watched the whole thing! Mind your business! Don't talk that shit, Shalu. Don't talk that shit.	Yes
angry_05-24_cloned	/generate_cloned_audio/qwen3_tts/violence/cloned audio/angry_05-24_cloned.wav	Or I've got to rob you. How you wanna do it?	Yes
angry_05-25_cloned	/generate_cloned_audio/qwen3_tts/violence/cloned audio/angry_05-25_cloned.wav	Let me know. Let me know. Let me know. Let me know. Let me know, bruh. Real niggas do real things, bruh. There ain't nothing real about that. I'm telling you. I'm talking. Let me know.	Yes
angry_05-28_cloned	/generate_cloned_audio/qwen3_tts/violence/cloned audio/angry_05-28_cloned.wav	And I swear to God, if anyone of them bullets would have hit my people's butt, I'd have killed you, nigga. You hear me? Yeah, I know. I ain't got nothing to do with it, bro. What the fuck? Don't touch me, bro.	Yes
angry_05-29_cloned	/generate_cloned_audio/qwen3_tts/violence/cloned audio/angry_05-29_cloned.wav	Don't touch me nigga, everything goes nigga. Yeah, use the whole ass nigga bro. Shoot in the air nigga. This shit is real out here nigga.	Yes
angry_05-3_cloned	/generate_cloned_audio/qwen3_tts/violence/cloned audio/angry_05-3_cloned.wav	You're a 40 year old woman yelling at a 12 year old! I'm 40! I'm 40 god damn it! Pretty damn close! You touched me god damn it! Fuck, huh, fuck! Hit me motherfucker! You touch her again I'll knock your god damn teeth out!	Yes
angry_05-30_cloned	/generate_cloned_audio/qwen3_tts/violence/cloned audio/angry_05-30_cloned.wav	You feel me? Shut the fuck up and do it!	Yes
angry_05-32_cloned	/generate_cloned_audio/qwen3_tts/violence/cloned audio/angry_05-32_cloned.wav	Swear to God, bro. If you wasn't my little nigga, I'd beat your ass just off a strip, come on.	Yes
angry_05-33_cloned	/generate_cloned_audio/qwen3_tts/violence/cloned audio/angry_05-33_cloned.wav	We'll talk, bro. We'll be a pussy in these streets, nigga. And you can come holler at me. Give a fuck. Go call who you want to. Why, I don't know if you ride with this, nigga. No disrespect to him.	Yes
angry_05-34_cloned	/generate_cloned_audio/qwen3_tts/violence/cloned audio/angry_05-34_cloned.wav	or whoever but this nigga did some ho ass shit you got to pay for that shit	Yes
angry_05-35_cloned	/generate_cloned_audio/qwen3_tts/violence/cloned audio/angry_05-35_cloned.wav	You can call whoever you want to my nigga, cause I could've came at you a different way nigga. I ain't got shit on me but these hands boy. You didn't even wanna fight nigga, you's a bitch.	Yes
angry_05-45_cloned	/generate_cloned_audio/qwen3_tts/violence/cloned audio/angry_05-45_cloned.wav	I told you your motherfucking ass don't play with me!	Yes
angry_05-48_cloned	/generate_cloned_audio/qwen3_tts/violence/cloned audio/angry_05-48_cloned.wav	Get this shit out of my house before I fuck you up and by the way your friend that I fuck told me about the nigga that filled your car, the nigga that be giving you money	Yes
angry_05-49_cloned	/generate_cloned_audio/qwen3_tts/violence/cloned audio/angry_05-49_cloned.wav	You think you got friends, bitch you talk too much, I bet you can't check an animal out. Cause you talk too fucking much. Now get this shit out of my house.	Yes
angry_05-5_cloned	/generate_cloned_audio/qwen3_tts/violence/cloned audio/angry_05-5_cloned.wav	I'm gonna touch her again, god damn it! Step your bitch ass out! Shut the fuck up! You make me shut the fuck up! You goddamn nigger! I swear they don't like us though. Hey, I can pay the rent!	Yes
angry_05-50_cloned	/generate_cloned_audio/qwen3_tts/violence/cloned audio/angry_05-50_cloned.wav	Fuck was. And then you talked about my fucking kids recording this. The kids are bitches. The kids are bitches.	Yes
angry_05-53_cloned	/generate_cloned_audio/qwen3_tts/violence/cloned audio/angry_05-53_cloned.wav	You ain't got the cow, nobody this mother fucker. Coy, let's get this shit up out here, alright? Get these guys, get those shit up in here. Come on, get this shit. What they putting in here? I want this shit.	Yes
angry_05-57_cloned	/generate_cloned_audio/qwen3_tts/violence/cloned audio/angry_05-57_cloned.wav	you're gonna tell me you're not gonna drive this car. Your son is gonna go pick you up. Or you take it and bury it by church. Listen, I work hard for my money.	Yes
angry_05-59_cloned	/generate_cloned_audio/qwen3_tts/violence/cloned audio/angry_05-59_cloned.wav	fucking bust the window. How much you want to pay? I'll see this car tomorrow watching. I'll work fucking hard. 40 hours.	Yes
angry_05-6_cloned	/generate_cloned_audio/qwen3_tts/violence/cloned audio/angry_05-6_cloned.wav	You're a weak beat! A weak beat! This is a goddamn scuttle! I'm 40!	Yes
angry_05-61_cloned	/generate_cloned_audio/qwen3_tts/violence/cloned audio/angry_05-61_cloned.wav	Bum-bum-bum! I better not see the sports tomorrow.	Yes
angry_05-66_cloned	/generate_cloned_audio/qwen3_tts/violence/cloned audio/angry_05-66_cloned.wav	This motherfucking ass don't die baby.	Yes
angry_05-68_cloned	/generate_cloned_audio/qwen3_tts/violence/cloned audio/angry_05-68_cloned.wav	These niggas better quit playing out here. The streets is real!	Yes
angry_05-69_cloned	/generate_cloned_audio/qwen3_tts/violence/cloned audio/angry_05-69_cloned.wav	And gee what's up this do to you He don't get no fuck I bet you won't fuck on him no	Yes
angry_05-7_cloned	/generate_cloned_audio/qwen3_tts/violence/cloned audio/angry_05-7_cloned.wav	Fuck! I'm on the road! He just don't give a fuck! He popped on you, right? He popped on you, right? He hit you, right? You need to listen!	Yes
angry_05-71_cloned	/generate_cloned_audio/qwen3_tts/violence/cloned audio/angry_05-71_cloned.wav	He write her name, her nigga name, the nigga who she cheated with. Damn! That's all love dawg. That's all love, man.	Yes
angry_05-72_cloned	/generate_cloned_audio/qwen3_tts/violence/cloned audio/angry_05-72_cloned.wav	that shit no more man excuse me you fucking call me a prostitute	Yes
angry_05-73_cloned	/generate_cloned_audio/qwen3_tts/violence/cloned audio/angry_05-73_cloned.wav	How fucking dare you speak to me like that? I ain't some fucking slut!	Yes
angry_05-8_cloned	/generate_cloned_audio/qwen3_tts/violence/cloned audio/angry_05-8_cloned.wav	I wish you would, shorty. I wish you would. Look at him. Who gives a fuck? Who gives a fuck? Mind-job this.	Yes
angry_05-9_cloned	/generate_cloned_audio/qwen3_tts/violence/cloned audio/angry_05-9_cloned.wav	You fucking out. You fucking out. Get a full ass man like that. Fuck out of here. Yeah. Yeah. What? You a wolf, punk. You a punk. You a punk.	Yes
angry_06-11_cloned	/generate_cloned_audio/qwen3_tts/violence/cloned audio/angry_06-11_cloned.wav	What time do you get off work? Santa Claus.	Yes
angry_06-13_cloned	/generate_cloned_audio/qwen3_tts/violence/cloned audio/angry_06-13_cloned.wav	You know how many freaking Asians are in this place right now?	Yes
angry_06-14_cloned	/generate_cloned_audio/qwen3_tts/violence/cloned audio/angry_06-14_cloned.wav	And I have no reason to get upset over that? No. And if I was you, if that was you, you would be anti-Semite.	Yes
angry_06-17_cloned	/generate_cloned_audio/qwen3_tts/violence/cloned audio/angry_06-17_cloned.wav	Give me my money back. You're a goddamn liar. Give me my money. Give me my money. Give me my money, man. I ain't got the...	Yes
angry_06-2_cloned	/generate_cloned_audio/qwen3_tts/violence/cloned audio/angry_06-2_cloned.wav	I want him fired. You heard that. You heard that. I came off the phone. You fucking cock fucker! No, no, no, no, no.	Yes
angry_06-20_cloned	/generate_cloned_audio/qwen3_tts/violence/cloned audio/angry_06-20_cloned.wav	Fuck this junk. These are fucking crackheads.	Yes
angry_06-21_cloned	/generate_cloned_audio/qwen3_tts/violence/cloned audio/angry_06-21_cloned.wav	working in here. Who the fuck has a crack head? Bitch, I got, oh god, yeah, sick bitch on the phone. Bitch, I got three. I ain't going to school, motherfucker.	Yes
angry_06-22_cloned	/generate_cloned_audio/qwen3_tts/violence/cloned audio/angry_06-22_cloned.wav	You sorry ass bitch!	Yes
angry_06-23_cloned	/generate_cloned_audio/qwen3_tts/violence/cloned audio/angry_06-23_cloned.wav	I gave my motherfucking money and I'm outta here. I don't have to have nothing. Just give me my money. No! No! Get out money and let go!	Yes
angry_06-24_cloned	/generate_cloned_audio/qwen3_tts/violence/cloned audio/angry_06-24_cloned.wav	Get our money and let's go! I got a fuller window than sorry ass Texas with your motherfuckin'	Yes
angry_06-26_cloned	/generate_cloned_audio/qwen3_tts/violence/cloned audio/angry_06-26_cloned.wav	Get our money and let's go! I ain't got to put up with no jail! Thank you, George, for all the church chicken, motherfuckers! Get our money and let's go!	Yes
angry_06-27_cloned	/generate_cloned_audio/qwen3_tts/violence/cloned audio/angry_06-27_cloned.wav	Get our money and let's go! You know what? You know what? You know what? I ain't done shit or what. Choose one!	Yes
angry_06-29_cloned	/generate_cloned_audio/qwen3_tts/violence/cloned audio/angry_06-29_cloned.wav	Bitch! Bitch! Bitch!	Yes
angry_06-3_cloned	/generate_cloned_audio/qwen3_tts/violence/cloned audio/angry_06-3_cloned.wav	Come off the fucking boat	Yes
angry_06-30_cloned	/generate_cloned_audio/qwen3_tts/violence/cloned audio/angry_06-30_cloned.wav	Stop! You're gonna get out now, bitch! Don't ever have a man! Stop! Yeah! Fuck you! Yeah! Bitch, I'm sorry! I don't know. You're gonna get back! Oh my god! Fuck you! You're gonna get back!	Yes
angry_06-31_cloned	/generate_cloned_audio/qwen3_tts/violence/cloned audio/angry_06-31_cloned.wav	I'm not gonna hurt you. Hey. In a while. No, but the fuck you don't, bitch. That's why you're married, bitch. You're lying. You're lying.	Yes
angry_06-32_cloned	/generate_cloned_audio/qwen3_tts/violence/cloned audio/angry_06-32_cloned.wav	Oh, I'm on the track. Oh, yeah, I'm on the track. Don't. Goddamn, bitch. Jaden, stop.	Yes
angry_06-37_cloned	/generate_cloned_audio/qwen3_tts/violence/cloned audio/angry_06-37_cloned.wav	Alright, right here. Fine. I'm about to mess him up. What's up? What's up? What's up? I don't give a shit about that damn shit. Okay, you hit me. You just hit me. I didn't hit you.	Yes
angry_06-38_cloned	/generate_cloned_audio/qwen3_tts/violence/cloned audio/angry_06-38_cloned.wav	Yes, you hit me. Don't you record me. Don't you record me. I'm sick of you. I am tired of your ass. I am tired of your punk ass. Okay, okay. I'm tired of you harassing me.	Yes
angry_06-39_cloned	/generate_cloned_audio/qwen3_tts/violence/cloned audio/angry_06-39_cloned.wav	Making my life hell. OK. OK. You think I give a shit? Please be quiet. Fuck you, bitch. You dumbass. You retarded ass. Y'all come on. Y'all want y'all.	Yes
angry_06-4_cloned	/generate_cloned_audio/qwen3_tts/violence/cloned audio/angry_06-4_cloned.wav	You racist fuck-	Yes
angry_06-40_cloned	/generate_cloned_audio/qwen3_tts/violence/cloned audio/angry_06-40_cloned.wav	I don't care about you. I don't care about you. Oh you hit me on the video right here. I don't care about you It's on video. It's on video. She's assaulting me. She's assaulting me.	Yes
angry_06-41_cloned	/generate_cloned_audio/qwen3_tts/violence/cloned audio/angry_06-41_cloned.wav	Oh, she's pressing me. Oh, she's attacking me. Don't you record me! This is for protection. This is for protection. I don't know what you're going to do.	Yes
angry_06-42_cloned	/generate_cloned_audio/qwen3_tts/violence/cloned audio/angry_06-42_cloned.wav	unstable. No, no, no. Because I'm sick of you harassing me. I am sick and tired of you harassing me. Okay, please don't approach me. Please don't approach me. I ask...	Yes
angry_06-44_cloned	/generate_cloned_audio/qwen3_tts/violence/cloned audio/angry_06-44_cloned.wav	Don't touch me! Please, please shoot! That's right!	Yes
angry_06-45_cloned	/generate_cloned_audio/qwen3_tts/violence/cloned audio/angry_06-45_cloned.wav	Wow, you got your kids cursing at me too, huh? Wow, this is amazing. Do not talk to my kids! Okay.	Yes
angry_06-46_cloned	/generate_cloned_audio/qwen3_tts/violence/cloned audio/angry_06-46_cloned.wav	Talk to this fucking nigga right now. I'm telling you he's rebuking the accord of me. He scared the shit out of Anthony's car. He wanted to run his mouth talking about Bibi and her trancey mother. Fucking c-	Yes
angry_06-47_cloned	/generate_cloned_audio/qwen3_tts/violence/cloned audio/angry_06-47_cloned.wav	Say something to him now. He's got me on video tape and I'm still flipping the fuck out. You called me a nigger. Go ahead. I called you a nigger. You're a nigger!	Yes
angry_06-48_cloned	/generate_cloned_audio/qwen3_tts/violence/cloned audio/angry_06-48_cloned.wav	Nasty fucking niggas!	Yes
angry_06-49_cloned	/generate_cloned_audio/qwen3_tts/violence/cloned audio/angry_06-49_cloned.wav	And this motherfucker right here, hold on. Move!	Yes
angry_06-50_cloned	/generate_cloned_audio/qwen3_tts/violence/cloned audio/angry_06-50_cloned.wav	Do one of your employees get to come out here and get my toilet paper? I can't blame him, he stole his game. I don't got his fucking game! I seen you on the camera. I don't got his fucking game!	Yes
angry_06-51_cloned	/generate_cloned_audio/qwen3_tts/violence/cloned audio/angry_06-51_cloned.wav	I don't fucking got it! Alright, let the camera, let the camera. Move! Alright, can I just go get her toilet paper and I'm coming right back in here. I don't know if you got it either.	Yes
angry_06-52_cloned	/generate_cloned_audio/qwen3_tts/violence/cloned audio/angry_06-52_cloned.wav	Look, all I got is a motherfucking mug. Let me go get it. Move. Move. Let me, I said move. I said wait.	Yes
angry_06-53_cloned	/generate_cloned_audio/qwen3_tts/violence/cloned audio/angry_06-53_cloned.wav	I'm gonna break your fucking doors. Move. Move it! Move!	Yes
angry_06-54_cloned	/generate_cloned_audio/qwen3_tts/violence/cloned audio/angry_06-54_cloned.wav	Move! I said I'm gonna go fucking get it, move! Move then, no! Open this motherfucking door and let me go get it! I said let me, let me go fucking get it!	Yes
angry_06-55_cloned	/generate_cloned_audio/qwen3_tts/violence/cloned audio/angry_06-55_cloned.wav	I'm telling you where it fucking is. Let me go fucking get it you stupid puta. Fucking maente.	Yes
angry_06-56_cloned	/generate_cloned_audio/qwen3_tts/violence/cloned audio/angry_06-56_cloned.wav	Hello! Man, this motherfucker got me stuck with the damn turkey!	Yes
angry_06-57_cloned	/generate_cloned_audio/qwen3_tts/violence/cloned audio/angry_06-57_cloned.wav	They're fucking stupid ass fucking masking!	Yes
angry_06-58_cloned	/generate_cloned_audio/qwen3_tts/violence/cloned audio/angry_06-58_cloned.wav	And cut! And shut them up! Hold on, let me call you back! Oh shit. Oh shit.	Yes
angry_06-59_cloned	/generate_cloned_audio/qwen3_tts/violence/cloned audio/angry_06-59_cloned.wav	I don't give a fuck, I just kicked out this stupid motherfuckin'- I- Huh? Is that a mobile or what's happening? No, yes, I know I can-	Yes
angry_06-60_cloned	/generate_cloned_audio/qwen3_tts/violence/cloned audio/angry_06-60_cloned.wav	OPEN THE FUCKING DOOR!	Yes
angry_06-9_cloned	/generate_cloned_audio/qwen3_tts/violence/cloned audio/angry_06-9_cloned.wav	I came off the board and was being caught losing a race as fuck? No! Hey!	Yes
angry_07-11_cloned	/generate_cloned_audio/qwen3_tts/violence/cloned audio/angry_07-11_cloned.wav	I'm gonna do a death all this way, I'm gonna take the fucking wall, I'm gonna take the fucking shepherds. Do you want some help? I've got a knock off.	Yes
angry_07-12_cloned	/generate_cloned_audio/qwen3_tts/violence/cloned audio/angry_07-12_cloned.wav	I'm gonna go for it. You're a fucking cunt. I'm having a fucking piss.	Yes
angry_07-13_cloned	/generate_cloned_audio/qwen3_tts/violence/cloned audio/angry_07-13_cloned.wav	What the fuck did you say?	Yes
angry_07-15_cloned	/generate_cloned_audio/qwen3_tts/violence/cloned audio/angry_07-15_cloned.wav	I'm not gonna let you pass. Don't look at us. Don't fucking look at us. Just get out of here. Get out of here! Get out of here!	Yes
angry_07-16_cloned	/generate_cloned_audio/qwen3_tts/violence/cloned audio/angry_07-16_cloned.wav	I'm sorry, he needs to be deported, I'm sorry, bye. Oh my god, are you kidding me? Get the fuck out of here, come on.	Yes
angry_07-17_cloned	/generate_cloned_audio/qwen3_tts/violence/cloned audio/angry_07-17_cloned.wav	I'm not going to take one of those. That was pretty racist. That was pretty fucking racist. It's alright.	Yes
angry_07-18_cloned	/generate_cloned_audio/qwen3_tts/violence/cloned audio/angry_07-18_cloned.wav	Get her the fuck out of here. Logan? Yeah. Wow. This really- I'm charging you for happening. This is a simple challenge. You can't do it on the face. Just like that.	Yes
angry_07-19_cloned	/generate_cloned_audio/qwen3_tts/violence/cloned audio/angry_07-19_cloned.wav	I will fucking beat your ass. I will fucking beat your ass. I'm not making you... If you ever talk to my friend that way, I'm fucking kill you. Racism is cool. Racism is cool.	Yes
angry_07-20_cloned	/generate_cloned_audio/qwen3_tts/violence/cloned audio/angry_07-20_cloned.wav	I'm throwing the rocks. Fuck the Mexican stick! Yeah, get the fuck out of your braces bitch! Come on now! Torque on his face!	Yes
angry_07-21_cloned	/generate_cloned_audio/qwen3_tts/violence/cloned audio/angry_07-21_cloned.wav	That's cool. Racism. Get out. Get out. Burn in hell. Burn in hell. Amazing.	Yes
angry_07-23_cloned	/generate_cloned_audio/qwen3_tts/violence/cloned audio/angry_07-23_cloned.wav	Fuck them! Fuck them! Fuck them! They're Mexican motherfuckers, you're gonna get supported! I'm Mexican motherfuckers! Damn!	Yes
angry_07-24_cloned	/generate_cloned_audio/qwen3_tts/violence/cloned audio/angry_07-24_cloned.wav	Who gives a fuck about that? They're gonna be on the border begging for us, are you? Don't pick them eyebrows, girl! No!	Yes
angry_07-25_cloned	/generate_cloned_audio/qwen3_tts/violence/cloned audio/angry_07-25_cloned.wav	You are really... NOOOOOOOOOOOOOOOOO NOOOOOOOOOOOOOOOOO Fuck you, you're like a Mexico motherfucker NOOOO	Yes
angry_07-27_cloned	/generate_cloned_audio/qwen3_tts/violence/cloned audio/angry_07-27_cloned.wav	Get the sluts out of here! I'd still fuck you! We would still fuck you!	Yes
angry_07-35_cloned	/generate_cloned_audio/qwen3_tts/violence/cloned audio/angry_07-35_cloned.wav	What is this mother fucker?	Yes
angry_07-42_cloned	/generate_cloned_audio/qwen3_tts/violence/cloned audio/angry_07-42_cloned.wav	This hoe is stupid. Will she come down tomorrow? She'll come down. Cause I'm wrong.	Yes
angry_07-44_cloned	/generate_cloned_audio/qwen3_tts/violence/cloned audio/angry_07-44_cloned.wav	I don't forget nothing. I'm so happy. Y'all about to say you better get out some people, why? Because she want to get out, bitch. You can get out. Be playing like you want to get out.	Yes
angry_07-46_cloned	/generate_cloned_audio/qwen3_tts/violence/cloned audio/angry_07-46_cloned.wav	Excuse me! Excuse me! There's no need for you to tell me that I'm a child! No, I did it on a superlative! What? What? You want me to-	Yes
angry_07-48_cloned	/generate_cloned_audio/qwen3_tts/violence/cloned audio/angry_07-48_cloned.wav	This is so disrespectful! 43, 34, that's it! And I'm so sorry everybody, but I'm not a child! Don't sit up here hiding myself like I'm a little girl!	Yes
angry_07-49_cloned	/generate_cloned_audio/qwen3_tts/violence/cloned audio/angry_07-49_cloned.wav	You're my mom! What the fuck you mean I'm a learn? You don't teach me nothing! Big Mac, you give me the meat on the bottom.	Yes
angry_07-5_cloned	/generate_cloned_audio/qwen3_tts/violence/cloned audio/angry_07-5_cloned.wav	Oh fucks sake mate, you can't look at how fucked this shit off.	Yes
angry_07-50_cloned	/generate_cloned_audio/qwen3_tts/violence/cloned audio/angry_07-50_cloned.wav	The cheese on the bottom, less tomato. Hey, Ben, you don't give me no motherfucking meat on the top, but lettuce and tomato. What the fuck you talking about?	Yes
angry_07-51_cloned	/generate_cloned_audio/qwen3_tts/violence/cloned audio/angry_07-51_cloned.wav	You better fucking get your workers right. You better get your fucking workers right. I should have took a picture of that shit on my cell phone.	Yes
angry_07-52_cloned	/generate_cloned_audio/qwen3_tts/violence/cloned audio/angry_07-52_cloned.wav	Nasty motherfuckers!	Yes
angry_07-53_cloned	/generate_cloned_audio/qwen3_tts/violence/cloned audio/angry_07-53_cloned.wav	You're a nasty motherfucker. If I got a fucking cell phone, I should have did that shit. Yo, you ain't gonna give me nothing extra for my fucking time?	Yes
angry_07-54_cloned	/generate_cloned_audio/qwen3_tts/violence/cloned audio/angry_07-54_cloned.wav	For my fucking time!	Yes
angry_07-55_cloned	/generate_cloned_audio/qwen3_tts/violence/cloned audio/angry_07-55_cloned.wav	Motherfucking.....	Yes
angry_07-56_cloned	/generate_cloned_audio/qwen3_tts/violence/cloned audio/angry_07-56_cloned.wav	Where the fuck are you?	Yes
angry_07-57_cloned	/generate_cloned_audio/qwen3_tts/violence/cloned audio/angry_07-57_cloned.wav	What the fuck you doing? Give me my shit! Give me my shi-	Yes
angry_07-58_cloned	/generate_cloned_audio/qwen3_tts/violence/cloned audio/angry_07-58_cloned.wav	I mean do my shit and I mean do my shit now	Yes
angry_07-62_cloned	/generate_cloned_audio/qwen3_tts/violence/cloned audio/angry_07-62_cloned.wav	Oh fuck you, everybody better watch they shit when they fuck with you	Yes
angry_07-63_cloned	/generate_cloned_audio/qwen3_tts/violence/cloned audio/angry_07-63_cloned.wav	Because these motherfuckers will fuck you around. And then you come back here and ready to throw something at these fucking faces.	Yes
angry_07-64_cloned	/generate_cloned_audio/qwen3_tts/violence/cloned audio/angry_07-64_cloned.wav	No, no, no, fuck it, yeah, buy my ass.	Yes
angry_07-65_cloned	/generate_cloned_audio/qwen3_tts/violence/cloned audio/angry_07-65_cloned.wav	By my fucking ass!	Yes
angry_07-66_cloned	/generate_cloned_audio/qwen3_tts/violence/cloned audio/angry_07-66_cloned.wav	Fuck you think you talking to fuck you or you the supervisor you know what you something	Yes
angry_07-67_cloned	/generate_cloned_audio/qwen3_tts/violence/cloned audio/angry_07-67_cloned.wav	I will guarantee you I will make you lose your	Yes
angry_07-68_cloned	/generate_cloned_audio/qwen3_tts/violence/cloned audio/angry_07-68_cloned.wav	Bitch, I'll make you lose your job. You motherfucker, I'll make you lose your fucking job.	Yes
angry_07-69_cloned	/generate_cloned_audio/qwen3_tts/violence/cloned audio/angry_07-69_cloned.wav	You had to watch your motherfucking work!	Yes
angry_07-70_cloned	/generate_cloned_audio/qwen3_tts/violence/cloned audio/angry_07-70_cloned.wav	Because everybody come here doing that shit to me. I think the first time I ever went to a motherfucker's McDonald's is to get that dumb shit.	Yes
angry_07-76_cloned	/generate_cloned_audio/qwen3_tts/violence/cloned audio/angry_07-76_cloned.wav	You're just a fakin' motherfucker!	Yes
angry_07-77_cloned	/generate_cloned_audio/qwen3_tts/violence/cloned audio/angry_07-77_cloned.wav	You better go back to making motherfucking curry go. Go back to making curry fucking go. Or your chicken.	Yes
angry_07-78_cloned	/generate_cloned_audio/qwen3_tts/violence/cloned audio/angry_07-78_cloned.wav	Motherfucker you! Go back to making curry, go a jerk chicken! Cause you don't need this motherfucking job!	Yes
angry_07-79_cloned	/generate_cloned_audio/qwen3_tts/violence/cloned audio/angry_07-79_cloned.wav	You're the bitch!	Yes
angry_07-8_cloned	/generate_cloned_audio/qwen3_tts/violence/cloned audio/angry_07-8_cloned.wav	Fuck's sake, just lock it up. Thing is the cameras...	Yes
angry_07-80_cloned	/generate_cloned_audio/qwen3_tts/violence/cloned audio/angry_07-80_cloned.wav	Hey, hey, hey, hey, hey! You motherfuckers are ridiculous! How the fuck you gonna give somebody a mix of burgers?	Yes
angry_07-82_cloned	/generate_cloned_audio/qwen3_tts/violence/cloned audio/angry_07-82_cloned.wav	Look at this a big fucking mac A big mac with no meat right here. You got meat and everything here	Yes
angry_07-83_cloned	/generate_cloned_audio/qwen3_tts/violence/cloned audio/angry_07-83_cloned.wav	But you don't give nobody that shit. How the fuck you gonna be so ignorant? You got it? You got it?	Yes
angry_07-84_cloned	/generate_cloned_audio/qwen3_tts/violence/cloned audio/angry_07-84_cloned.wav	Go back to making just sick and then fucking die. You have it. You motherfucker. Dude. You motherfucker. You don't.	Yes
angry_07-85_cloned	/generate_cloned_audio/qwen3_tts/violence/cloned audio/angry_07-85_cloned.wav	I don't know what the fuck you doing, and it's fucking established.	Yes
angry_07-87_cloned	/generate_cloned_audio/qwen3_tts/violence/cloned audio/angry_07-87_cloned.wav	And I don't care what the fuck nobody	Yes
angry_08-14_cloned	/generate_cloned_audio/qwen3_tts/violence/cloned audio/angry_08-14_cloned.wav	Come on you nigger!	Yes
angry_08-18_cloned	/generate_cloned_audio/qwen3_tts/violence/cloned audio/angry_08-18_cloned.wav	I'm not beautiful, I'm beautiful. You're a stupid, you're a stupid, you're a fucking dumb. Hey, look at that. Hey, go, go.	Yes
angry_08-19_cloned	/generate_cloned_audio/qwen3_tts/violence/cloned audio/angry_08-19_cloned.wav	Have a soldier here, man! No! No! What the fuck's this? Look at that!	Yes
angry_08-20_cloned	/generate_cloned_audio/qwen3_tts/violence/cloned audio/angry_08-20_cloned.wav	Last time! Last time! Last time I was on the ground! Last time I was on the ground! I'm not a kid anymore, I'm not a kid anymore! Fuck!	Yes
angry_08-26_cloned	/generate_cloned_audio/qwen3_tts/violence/cloned audio/angry_08-26_cloned.wav	I'm gonna rape your other sister! Look at your nose! Your feet! No no no no no!	Yes
angry_08-3_cloned	/generate_cloned_audio/qwen3_tts/violence/cloned audio/angry_08-3_cloned.wav	You will get stuff in the mouth. Oh man enough. I'm bleeding man. What do you want? Take your shit and go.	Yes
angry_08-33_cloned	/generate_cloned_audio/qwen3_tts/violence/cloned audio/angry_08-33_cloned.wav	I don't know who is so stupid you can't read English. It's not hard. I'm really angry and I'm sorry I'm yelling.	Yes
angry_08-35_cloned	/generate_cloned_audio/qwen3_tts/violence/cloned audio/angry_08-35_cloned.wav	Yes, this is not rocket science! You're gonna watch that for me, okay? I've got all the way holding back again now! Did you get it right?	Yes
angry_08-37_cloned	/generate_cloned_audio/qwen3_tts/violence/cloned audio/angry_08-37_cloned.wav	It was awful but I ate it. Boy it was, it's the worst chicken I've ever had here.	Yes
angry_08-38_cloned	/generate_cloned_audio/qwen3_tts/violence/cloned audio/angry_08-38_cloned.wav	Who the fuck are these faggots right here walking around shit? Fuck UDF! Fuck UDF!	Yes
angry_08-39_cloned	/generate_cloned_audio/qwen3_tts/violence/cloned audio/angry_08-39_cloned.wav	They fucking support dairy. UDF dairy farmers. Okay. I'm a dairy farmer. I know Andy Milonakis. Andy Milonakis is my brother, bitch. I will knock his ice cream.	Yes
angry_08-4_cloned	/generate_cloned_audio/qwen3_tts/violence/cloned audio/angry_08-4_cloned.wav	Go fuck. Who's their boyfriend? Go fuck yourself! Eat his fucking, eat his fucking, eat his fucking, eat his fucking slut bag! Work at your club, you placard skanks!	Yes
angry_08-40_cloned	/generate_cloned_audio/qwen3_tts/violence/cloned audio/angry_08-40_cloned.wav	Get loud with me! Get loud with me! Get loud with me, motherfucker! Get loud! You're on camera!	Yes
angry_08-41_cloned	/generate_cloned_audio/qwen3_tts/violence/cloned audio/angry_08-41_cloned.wav	I would buy everybody's shit but this motherfucker Food stamps, food stamps This motherfucker was, who are you? This motherfucker was putting his hand in my face Bitch get knocked the fuck out	Yes
angry_08-42_cloned	/generate_cloned_audio/qwen3_tts/violence/cloned audio/angry_08-42_cloned.wav	I am Annie Monocchus' cousin, okay? Fuck them, right? Say fuck them. I'll take a picture of her if the fuck I want, because it's a free kind of...	Yes
angry_08-43_cloned	/generate_cloned_audio/qwen3_tts/violence/cloned audio/angry_08-43_cloned.wav	Bitch you won't fuck nothing up, I'll knock your ass out dude, I don't give a fuck. I don't give a fuck how ghetto you think you are. I was raised in foster care bitch!	Yes
angry_08-44_cloned	/generate_cloned_audio/qwen3_tts/violence/cloned audio/angry_08-44_cloned.wav	Give a fuck! Give a fuck about no dirty bitch up in UDS! My clique is bigger than you! I don't give a fuck!	Yes
angry_08-45_cloned	/generate_cloned_audio/qwen3_tts/violence/cloned audio/angry_08-45_cloned.wav	You put my ass, do it on camera bitch! Take a picture of me, do you fucking know me? Bitch!	Yes
angry_08-47_cloned	/generate_cloned_audio/qwen3_tts/violence/cloned audio/angry_08-47_cloned.wav	Come on now, come on now. Come on now, come on now. Come on now, come on now. She fucking told you to stop fucking taking pictures. Hey, hey, hey!	Yes
angry_08-48_cloned	/generate_cloned_audio/qwen3_tts/violence/cloned audio/angry_08-48_cloned.wav	Fuckin' shit. So I just got punched in the face like 47 times.	Yes
angry_08-5_cloned	/generate_cloned_audio/qwen3_tts/violence/cloned audio/angry_08-5_cloned.wav	Oh, she's fucking technical, as usual. Oh shit. God fucking knows. She is bad. She's bad. This bitch is, yo.	Yes
angry_08-50_cloned	/generate_cloned_audio/qwen3_tts/violence/cloned audio/angry_08-50_cloned.wav	Excuse me, do you mind sitting down? You are very disgusting! My child is down there! Sit your whore ass down!	Yes
angry_08-51_cloned	/generate_cloned_audio/qwen3_tts/violence/cloned audio/angry_08-51_cloned.wav	I'm sick of you! You keep creating the stuff with children on the Skytrain! I'm sick of you! Stop yelling! Stop!	Yes
angry_08-52_cloned	/generate_cloned_audio/qwen3_tts/violence/cloned audio/angry_08-52_cloned.wav	You can witness that on the tram, you daft little bitch! Now get off! Why are you swearing? Who's swearing at you? Where? What's it got to do with you? Who's swearing at you? Where? What's it got to do with you?	Yes
angry_08-55_cloned	/generate_cloned_audio/qwen3_tts/violence/cloned audio/angry_08-55_cloned.wav	I rocked his ball! I love his football! I love his football! I'm doing a present for my little star! Stop fucking videoing me!	Yes
angry_08-57_cloned	/generate_cloned_audio/qwen3_tts/violence/cloned audio/angry_08-57_cloned.wav	What? No one said that! It's fucking video, Rumi! I don't fucking want to be videoed! Oh, you stupid bitch! Shut up! You're not teaching me anything!	Yes
angry_08-6_cloned	/generate_cloned_audio/qwen3_tts/violence/cloned audio/angry_08-6_cloned.wav	I'm not from that team! I'm from the new party! I'm from the new party! We out here! Oh yeah, I'm a fucking big idiot!	Yes
angry_09-1_cloned	/generate_cloned_audio/qwen3_tts/violence/cloned audio/angry_09-1_cloned.wav	Parking handicap spots. Are you handicapped? Yep. Well, what makes you so special that you can park in a handicap spot? Record me, I'll break your fucking head. You're on-	Yes
angry_09-10_cloned	/generate_cloned_audio/qwen3_tts/violence/cloned audio/angry_09-10_cloned.wav	Don't Threat Me! Don't Threat Me! Don't Threat Me! Thank God I was recording that.	Yes
angry_09-2_cloned	/generate_cloned_audio/qwen3_tts/violence/cloned audio/angry_09-2_cloned.wav	Why? What makes you so special? Back the fuck up! Back the fuck up! What makes you so special? Back the fuck up in my car! What makes you so special?	Yes
angry_09-21_cloned	/generate_cloned_audio/qwen3_tts/violence/cloned audio/angry_09-21_cloned.wav	Come on man! I just want to get this fuck out of Walmart! Like... Yeah, let's...right. Okay, this should go to the... So don't make a scene. Okay.	Yes
angry_09-22_cloned	/generate_cloned_audio/qwen3_tts/violence/cloned audio/angry_09-22_cloned.wav	There is manners, so get the fuck on it. If there's manners, then keep them open. You got your child right here, get the fuck on. You shut the fuck up, bitch! Don't tell me to shut up.	Yes
angry_09-28_cloned	/generate_cloned_audio/qwen3_tts/violence/cloned audio/angry_09-28_cloned.wav	You still talking, you still here? I am still here! I'm fucking still here! Sit down! Sit down!	Yes
angry_09-30_cloned	/generate_cloned_audio/qwen3_tts/violence/cloned audio/angry_09-30_cloned.wav	No, you're not trying to go home. You don't fucking scare me. It ain't about being scared, it's about you respecting someone. You don't fucking, no, you don't fucking scare me! Motherfucker!	Yes
angry_09-31_cloned	/generate_cloned_audio/qwen3_tts/violence/cloned audio/angry_09-31_cloned.wav	I don't give a fuck who you are! I don't care! No, I don't! You don't fucking scare me!	Yes
angry_09-32_cloned	/generate_cloned_audio/qwen3_tts/violence/cloned audio/angry_09-32_cloned.wav	You don't fucking scare me! You don't scare me, you don't scare my man, you don't scare my dog, you don't scare fucking anybody, bro!	Yes
angry_09-33_cloned	/generate_cloned_audio/qwen3_tts/violence/cloned audio/angry_09-33_cloned.wav	Don't put your hands out in the open! Don't! Don't! Stop, stop, stop! Stop! Don't! Stop! Put your hands out! Stop!	Yes
angry_09-34_cloned	/generate_cloned_audio/qwen3_tts/violence/cloned audio/angry_09-34_cloned.wav	I'm fucking sick of it now! Get off the fucking street! Get off the fucking street!	Yes
angry_09-35_cloned	/generate_cloned_audio/qwen3_tts/violence/cloned audio/angry_09-35_cloned.wav	You're better than me. You're better than me. You're better than me. You're not bossing folks! You're the one with the fucking sign!	Yes
angry_09-39_cloned	/generate_cloned_audio/qwen3_tts/violence/cloned audio/angry_09-39_cloned.wav	We'll be okay with that. Don't punch her. Don't let the doors open. Just throw her off the train. Off the train. Off the train. Throw her off the train. No, no, no, no.	Yes
angry_09-41_cloned	/generate_cloned_audio/qwen3_tts/violence/cloned audio/angry_09-41_cloned.wav	No, no, no, no, no, no, no, no, no, no, no. I'm not the one. Who the fuck are you? You're not the one to blame. You're not the one to blame.	Yes
angry_09-44_cloned	/generate_cloned_audio/qwen3_tts/violence/cloned audio/angry_09-44_cloned.wav	I tried to be nice. I asked for your money. What you doing? I felt you recording this. I can record it, girl.	Yes
angry_09-45_cloned	/generate_cloned_audio/qwen3_tts/violence/cloned audio/angry_09-45_cloned.wav	I'm not gonna let you fuck and stay for bitches. For late and I fuck out at 11 o'clock and I can't get my fucking money. I told them that bitch and I can't get my fucking money. And this guy's serious.	Yes
angry_09-50_cloned	/generate_cloned_audio/qwen3_tts/violence/cloned audio/angry_09-50_cloned.wav	I get treated like shit, I get treated like shit, I ain't gonna do that shit here. Bitch give me my fucking paper. Bitches want to treat some...	Yes
angry_09-52_cloned	/generate_cloned_audio/qwen3_tts/violence/cloned audio/angry_09-52_cloned.wav	You're fucked up! Now pay for that! You don't want to give me fucking twenty fucking dollars, bitch? Pay for that! Yeah, yeah, yeah. Ah, fuck!	Yes
angry_09-53_cloned	/generate_cloned_audio/qwen3_tts/violence/cloned audio/angry_09-53_cloned.wav	You get enough. Shut the fuck up. Right. Shut the fuck up. Bitch, just go. Just go. Just go. Just go. He tried me like a bitch. Just go. Bitch, you don't pay for my money, dog.	Yes
angry_09-54_cloned	/generate_cloned_audio/qwen3_tts/violence/cloned audio/angry_09-54_cloned.wav	I can't do nothing. I'm popping your tights too bitch.	Yes
angry_09-8_cloned	/generate_cloned_audio/qwen3_tts/violence/cloned audio/angry_09-8_cloned.wav	Yeah. I do. If you don't back away from me, I'm gonna knock you the fuck out. I believe you, man. That's gonna knock you the fuck out. Thank you, sir.	Yes
angry_09-9_cloned	/generate_cloned_audio/qwen3_tts/violence/cloned audio/angry_09-9_cloned.wav	walk away from me I got all the cop cars in jail that makes sense walk away from me don't threaten me don't provoke me walk	Yes
angry_10-19_cloned	/generate_cloned_audio/qwen3_tts/violence/cloned audio/angry_10-19_cloned.wav	I'm gonna fuck you up! I'm gonna fuck you up! Yeah, I'm gonna fuck you up! I will fuck you up! I will fuck you up!	Yes
angry_10-20_cloned	/generate_cloned_audio/qwen3_tts/violence/cloned audio/angry_10-20_cloned.wav	You're not worth it! Get the fuck out! No! I'll just go to fucking camp!	Yes
angry_10-22_cloned	/generate_cloned_audio/qwen3_tts/violence/cloned audio/angry_10-22_cloned.wav	Fuck you up! Fuck you up!	Yes
angry_10-23_cloned	/generate_cloned_audio/qwen3_tts/violence/cloned audio/angry_10-23_cloned.wav	And he crossed over and hit the front end of my car. And then he goes, you hit me bitch, you better pull over.	Yes
angry_10-25_cloned	/generate_cloned_audio/qwen3_tts/violence/cloned audio/angry_10-25_cloned.wav	I'm going to take my pill today. So I'm telling you right now, I'm ready to explode. Just don't explode on me. Because right now I can make a fist with no problem. I've broke many people's arms.	Yes
angry_10-26_cloned	/generate_cloned_audio/qwen3_tts/violence/cloned audio/angry_10-26_cloned.wav	arms and I'm um cuz it's his fault he's the one that crossed over in front of me. Don't break arms right now cuz I gotta get this written up okay?	Yes
angry_10-29_cloned	/generate_cloned_audio/qwen3_tts/violence/cloned audio/angry_10-29_cloned.wav	up on YouTube I will find you, and yes it's a threat.	Yes
angry_10-31_cloned	/generate_cloned_audio/qwen3_tts/violence/cloned audio/angry_10-31_cloned.wav	I suggest you get in your vehicle, sit on. Don't touch me. Get off. Shut it off. Shut it off now. Go sit in your vehicle. I do not like my picture taken.	Yes
angry_10-33_cloned	/generate_cloned_audio/qwen3_tts/violence/cloned audio/angry_10-33_cloned.wav	Shut it off now. Shut it off now. Okay, it's off. Shut it off now. It's off. Shut it off. Put the goddamn thing in your car now. Listen. Now.	Yes
angry_10-34_cloned	/generate_cloned_audio/qwen3_tts/violence/cloned audio/angry_10-34_cloned.wav	Get in your vehicle or I'm going to arrest you for creative disturbance. Okay? Do you understand me? Sit down. Let me write this up. We'll get him by underway. He's taping me again! Yeah.	Yes
angry_10-35_cloned	/generate_cloned_audio/qwen3_tts/violence/cloned audio/angry_10-35_cloned.wav	He's taping me again! I do not like that stuff! I do not like that stuff! Sir, I don't like that stuff! I hate that stuff!	Yes
angry_10-37_cloned	/generate_cloned_audio/qwen3_tts/violence/cloned audio/angry_10-37_cloned.wav	nice yo he has a knife	Yes
angry_10-42_cloned	/generate_cloned_audio/qwen3_tts/violence/cloned audio/angry_10-42_cloned.wav	I mean, are you out of work? So you're bored? Where am I at? Why did you send Tyler down to my house with a stick? He didn't come down with... Wait, wait, wait, wait.	Yes
angry_10-43_cloned	/generate_cloned_audio/qwen3_tts/violence/cloned audio/angry_10-43_cloned.wav	Where did I get the stick from? They were playing. No, Tyler was getting like this. When I came down, you had Tyler tied up with those ropes. You sent Tyler down to my house.	Yes
angry_10-44_cloned	/generate_cloned_audio/qwen3_tts/violence/cloned audio/angry_10-44_cloned.wav	house. What do you have in your hand? What do you have in your hand? What do you have in your hand? So what, you can't keep a job?	Yes
angry_10-47_cloned	/generate_cloned_audio/qwen3_tts/violence/cloned audio/angry_10-47_cloned.wav	I'm talking about your kid with a stick your kids got a stick What's wrong with you? You gave your kid a stick?	Yes
angry_10-48_cloned	/generate_cloned_audio/qwen3_tts/violence/cloned audio/angry_10-48_cloned.wav	You gave your kid a stick. So you come over to my house. There were three kids playing. With what?	Yes
angry_10-51_cloned	/generate_cloned_audio/qwen3_tts/violence/cloned audio/angry_10-51_cloned.wav	Let's see what you got. Let's see what you got. Uh huh, huh. You're trying to make something worse, huh? Go ahead. What is the problem you have with me? I don't have any problem with you. What is the problem you have with me?	Yes
angry_10-52_cloned	/generate_cloned_audio/qwen3_tts/violence/cloned audio/angry_10-52_cloned.wav	You got a stick in your hand. Why are you just unnecessarily harassing me? Sir, you're turning me into a whore. I want that off me, I want it off now! That is my right and I don't want that shit!	Yes
angry_10-53_cloned	/generate_cloned_audio/qwen3_tts/violence/cloned audio/angry_10-53_cloned.wav	I don't like to be on the internet at all! I don't believe in the internet! Please! Give me your vehicle, okay? He's not putting it on the road. Just get that shit out!	Yes
angry_10-54_cloned	/generate_cloned_audio/qwen3_tts/violence/cloned audio/angry_10-54_cloned.wav	I said it was good on YouTube and I don't want it. So I'll be glad it's on YouTube. You guys are all going to be fucking dead. I don't give a shit. You know what?	Yes
angry_10-61_cloned	/generate_cloned_audio/qwen3_tts/violence/cloned audio/angry_10-61_cloned.wav	You got a nice red stretch for George or anybody? I do, I ain't so sorry. Nah, she's about to go to jail, she don't shut her mouth.	Yes
angry_11-14_cloned	/generate_cloned_audio/qwen3_tts/violence/cloned audio/angry_11-14_cloned.wav	If you were to get on ID, that's it. There won't be no clickbait. Get off of me then. Sit down. Okay, can you get off me? Sit down. Bro, why is you squeezing my fucking cuffs? Sit down. God, right?	Yes
angry_11-15_cloned	/generate_cloned_audio/qwen3_tts/violence/cloned audio/angry_11-15_cloned.wav	Oh, why is it taking me? Taking you breath. Let me tell you I don't care now. You squeeze my cuffs and you fucking squeeze me to	Yes
angry_11-16_cloned	/generate_cloned_audio/qwen3_tts/violence/cloned audio/angry_11-16_cloned.wav	fucking hard right you got me fucked up dude shit I swear to God right he's sitting officer Jake Gonzalez Merced police officer Jake Gonzalez	Yes
angry_11-17_cloned	/generate_cloned_audio/qwen3_tts/violence/cloned audio/angry_11-17_cloned.wav	Mercer department. Derry just fuck off me nigga! Back up! Yes sir, yes sir. Yes sir. Hey! Oh what the?	Yes
angry_11-26_cloned	/generate_cloned_audio/qwen3_tts/violence/cloned audio/angry_11-26_cloned.wav	Sorry mate, what for? Because... You want to have a look at the card, by the way? No, you want to just... That's fine! That's fine! Don't stick it in my face! It's not like you'll have to grab him, that's all!	Yes
angry_11-33_cloned	/generate_cloned_audio/qwen3_tts/violence/cloned audio/angry_11-33_cloned.wav	I'm not sure you're on the same page. No we're not at all. Why are you speaking to him like that? Why are you speaking to him like that? There's no reason to speak to him like that.	Yes
angry_11-35_cloned	/generate_cloned_audio/qwen3_tts/violence/cloned audio/angry_11-35_cloned.wav	We're all going. Macky grab your face. Hey why are you getting in his face eh? Look at this intimidation. Intimidation. Invest that money all the way on my face. You're going IPCC.	Yes
angry_11-36_cloned	/generate_cloned_audio/qwen3_tts/violence/cloned audio/angry_11-36_cloned.wav	I'm not allowed to touch you. Go away. Go away. Go away. Go away.	Yes
angry_11-37_cloned	/generate_cloned_audio/qwen3_tts/violence/cloned audio/angry_11-37_cloned.wav	I've been walking back, we're walking back and you're following me? Stop following me then! You're following us, intimidation! You're going IPCC, you're going IPCC!	Yes
angry_11-38_cloned	/generate_cloned_audio/qwen3_tts/violence/cloned audio/angry_11-38_cloned.wav	See you later. See you later. I can't believe how fucking stress you've just made me like block that. Can't believe that.	Yes
angry_11-40_cloned	/generate_cloned_audio/qwen3_tts/violence/cloned audio/angry_11-40_cloned.wav	in our public place. Just go away. You don't have to leave. That's intimidation. I must get you to go away from me. Stay to the commotion.	Yes
angry_11-42_cloned	/generate_cloned_audio/qwen3_tts/violence/cloned audio/angry_11-42_cloned.wav	You just shouted your face off, not us! Did you hear how loud that was? Breach of peace! Whatever, see you later! See you later!	Yes
angry_11-49_cloned	/generate_cloned_audio/qwen3_tts/violence/cloned audio/angry_11-49_cloned.wav	You better kill me! You better kill me! You better kill me! You better kill me! Bitch, I'm gonna jump down on her, boy! I don't tell you, I'm stopping this motherfucker, either!	Yes
angry_11-50_cloned	/generate_cloned_audio/qwen3_tts/violence/cloned audio/angry_11-50_cloned.wav	Who said stop? Look at that, nigga, they slidin', nigga! Damn, ah! Oh, nigga! Oh, nigga!	Yes
angry_11-53_cloned	/generate_cloned_audio/qwen3_tts/violence/cloned audio/angry_11-53_cloned.wav	They call me nigger. They been in the bin. Oh. Ow. Ow. Ow. Ow. Ow. Ow. Ow. Ow. Ow. Ow. Ow.	Yes
angry_11-7_cloned	/generate_cloned_audio/qwen3_tts/violence/cloned audio/angry_11-7_cloned.wav	Hey, I got a I got on film bro. It's all good. It's all good. It's all good. It's all good It's all good. No. I'm not giving you nothing	Yes
angry_12-100_cloned	/generate_cloned_audio/qwen3_tts/violence/cloned audio/angry_12-100_cloned.wav	He's one walker. Like, I don't know. Oh my god, he's biting him! He's a fucking zombie, bitch! Bitch!	Yes
angry_12-106_cloned	/generate_cloned_audio/qwen3_tts/violence/cloned audio/angry_12-106_cloned.wav	Fuck this. Fuck this. Fuck this. What are you talking about? Kill me!	Yes
angry_12-107_cloned	/generate_cloned_audio/qwen3_tts/violence/cloned audio/angry_12-107_cloned.wav	I'm gonna kill me motherfucker! Rich I got money Rich! Rich I got money! What the fuck is wrong with you? Fuck! It's gonna be hate!	Yes
angry_12-108_cloned	/generate_cloned_audio/qwen3_tts/violence/cloned audio/angry_12-108_cloned.wav	I'm born here, I know what I'm doing. Get a passport, bro. Sit up here, mum's cunt. You're a nigger. Nasty fucking nigger. He's too lazy to joke off his-	Yes
angry_12-109_cloned	/generate_cloned_audio/qwen3_tts/violence/cloned audio/angry_12-109_cloned.wav	You can only get a gook, you can't even get a regular girlfriend! My sister died in October, you lied! There's no fucking gods! Get lost, don't touch me! You're a fucking hijacker!	Yes
angry_12-110_cloned	/generate_cloned_audio/qwen3_tts/violence/cloned audio/angry_12-110_cloned.wav	Get the fuck out of the car! SHUT YOUR NOSE DOG! Don't come up in my face! Don't buy it out of care! And if I could walk in the store and get the	Yes
angry_12-111_cloned	/generate_cloned_audio/qwen3_tts/violence/cloned audio/angry_12-111_cloned.wav	You're acting like a nigger now give me the cards back. You want me to lock you up for life you asshole? Shut your fucking wounds on me you fucking slut!	Yes
angry_12-112_cloned	/generate_cloned_audio/qwen3_tts/violence/cloned audio/angry_12-112_cloned.wav	I'm tired of being beat up by people!	Yes
angry_12-113_cloned	/generate_cloned_audio/qwen3_tts/violence/cloned audio/angry_12-113_cloned.wav	photographers who use the photos against people! I'm getting really sick of you! Get out! No! I just made time for the meal! Let's go!	Yes
angry_12-114_cloned	/generate_cloned_audio/qwen3_tts/violence/cloned audio/angry_12-114_cloned.wav	Call them right now! Call the motherfucking police! Bitch, I'm crazy! Don't call me bitch! Don't fucking call me! Why? Don't fucking call me! Don't call me the fuck!	Yes
angry_12-115_cloned	/generate_cloned_audio/qwen3_tts/violence/cloned audio/angry_12-115_cloned.wav	I'm gonna goddamn kill you! There's a bomb on the plane! There's a bomb on this fucking plane! If she takes me off, I'll blow the fucking plane up! There's a bomb on the plane!	Yes
angry_12-116_cloned	/generate_cloned_audio/qwen3_tts/violence/cloned audio/angry_12-116_cloned.wav	Run! Get off the bus! Shut up! Get off the bus! They're waiting. Ma'am, run, run! Okay.	Yes
angry_12-118_cloned	/generate_cloned_audio/qwen3_tts/violence/cloned audio/angry_12-118_cloned.wav	I'm a psycho! I'm a psycho! I'm a psycho! I'm a psycho! See the fucking girl?	Yes
angry_12-12_cloned	/generate_cloned_audio/qwen3_tts/violence/cloned audio/angry_12-12_cloned.wav	You have to care about some fucking, you know, 20-somethings on a rail, on an edge, on a snowboard. Okay. And I fucking snowboard. Nice. And I'm 52 fucking years old. How do you ride? Huh?	Yes
angry_12-126_cloned	/generate_cloned_audio/qwen3_tts/violence/cloned audio/angry_12-126_cloned.wav	This is yours? Yes. Wait a minute. Wait, this is ours? No, it is. This is all o- God damn camera. No, no, step away from my shit. How about that?	Yes
angry_12-127_cloned	/generate_cloned_audio/qwen3_tts/violence/cloned audio/angry_12-127_cloned.wav	You know what? I will and then I'm going to take that camera and put it in the grass. Are you going to like that?	Yes
angry_12-129_cloned	/generate_cloned_audio/qwen3_tts/violence/cloned audio/angry_12-129_cloned.wav	Oh fuck! Oh fuck no! Oh fuck!	Yes
angry_12-130_cloned	/generate_cloned_audio/qwen3_tts/violence/cloned audio/angry_12-130_cloned.wav	HAHAHAHA Yeah son! Go on! What the fuck! Fuck you!	Yes
angry_12-132_cloned	/generate_cloned_audio/qwen3_tts/violence/cloned audio/angry_12-132_cloned.wav	No? Give it all you goddamn want! Let me get your license plate, asshole!	Yes
angry_12-135_cloned	/generate_cloned_audio/qwen3_tts/violence/cloned audio/angry_12-135_cloned.wav	Fuck you! Fuck you! Fuck you! Fucking asshole!	Yes
angry_12-136_cloned	/generate_cloned_audio/qwen3_tts/violence/cloned audio/angry_12-136_cloned.wav	You think you're so goddamn funny? When you fucking cut me off I'm a	Yes
angry_12-137_cloned	/generate_cloned_audio/qwen3_tts/violence/cloned audio/angry_12-137_cloned.wav	I almost fucking wrecked you, asshole! Film that! Goddamn it! Don't touch me! Don't touch me! You're the one who almost caused the wreck! That's fucking us all! Shut up!	Yes
angry_12-138_cloned	/generate_cloned_audio/qwen3_tts/violence/cloned audio/angry_12-138_cloned.wav	Fuck off you fat ass! Film that fatty! Yup, fuck you. Fuck you too, what you gonna do about it? Get the fuck out of here, move! Oh really? Really?	Yes
angry_12-139_cloned	/generate_cloned_audio/qwen3_tts/violence/cloned audio/angry_12-139_cloned.wav	Oh yeah fat boy, go fat boy, go fat boy! Fat boy! What the fuck you doing? I'm not a bunny, I'm a pumpkin butt!	Yes
angry_12-14_cloned	/generate_cloned_audio/qwen3_tts/violence/cloned audio/angry_12-14_cloned.wav	Sean White? Yeah, you know, I mean, Sean White's here. Fucking helicopter in here, bang your mom and your girlfriend, and then set your board on fire.	Yes
angry_12-144_cloned	/generate_cloned_audio/qwen3_tts/violence/cloned audio/angry_12-144_cloned.wav	Come on! This is a gun on a book Come on! What the fuck? Hey bitch!	Yes
angry_12-145_cloned	/generate_cloned_audio/qwen3_tts/violence/cloned audio/angry_12-145_cloned.wav	What the fuck? I was playing. What the fuck you doing? I was playing. What the fuck?	Yes
angry_12-146_cloned	/generate_cloned_audio/qwen3_tts/violence/cloned audio/angry_12-146_cloned.wav	We shout our asses, that's what we do. That's right. Everything, feel. No, don't touch, don't touch. Come on, come on. Come on, come on. Come on, come on.	Yes
angry_12-147_cloned	/generate_cloned_audio/qwen3_tts/violence/cloned audio/angry_12-147_cloned.wav	Oh, shit. Fuckin' shit! Fuckin' shit! Oh, shit.	Yes
angry_12-15_cloned	/generate_cloned_audio/qwen3_tts/violence/cloned audio/angry_12-15_cloned.wav	Well, tell you what, child white wouldn't piss around in a city park and do it. But just don't fuck around with my rails, because the neighbors will go ape shit. Okay. And I'm gonna deal with them for weeks. Okay.	Yes
angry_12-150_cloned	/generate_cloned_audio/qwen3_tts/violence/cloned audio/angry_12-150_cloned.wav	You're talking to it! You're talking to the manager! Get out! You're not going to be standing here! Bye! Bye!	Yes
angry_12-152_cloned	/generate_cloned_audio/qwen3_tts/violence/cloned audio/angry_12-152_cloned.wav	Tell me the price you want to keep on. So which one you want to go? Which one you want to go? You're not going to be served here. Which one you want to go? Go ahead.	Yes
angry_12-16_cloned	/generate_cloned_audio/qwen3_tts/violence/cloned audio/angry_12-16_cloned.wav	We will get out of here. And I'll find out where you live, because I love doing that too. That's scary. I have no fucking life. I live in Reno. This is a shit hole. Okay, what do you think I have to do? Follow you guys around.	Yes
angry_12-17_cloned	/generate_cloned_audio/qwen3_tts/violence/cloned audio/angry_12-17_cloned.wav	I live in Fallon. What's that? I live in Fallon. Well, that's a bigger shit hole. Yeah, it is. Too bad for you. It's pretty tight, though. Sucks for you. All right. Let's live in Maui, San Francisco, Santa Fe. Trust me.	Yes
angry_12-18_cloned	/generate_cloned_audio/qwen3_tts/violence/cloned audio/angry_12-18_cloned.wav	nice places. I fucked up. I lost my home. Got divorced. Don't fucking do that either. Okay. But don't ride a board down here. All right. Don't do it. I'm just going to get to the neighbors.	Yes
angry_12-2_cloned	/generate_cloned_audio/qwen3_tts/violence/cloned audio/angry_12-2_cloned.wav	plenty of bear hills over here but don't do it in the park. This stuff just fucks up the landscaping. Got your shovels, you got all this shit. I have to come over here and tear up all this shit.	Yes
angry_12-20_cloned	/generate_cloned_audio/qwen3_tts/violence/cloned audio/angry_12-20_cloned.wav	I get paid for this shit. I'm strong and light, you know. I beat a tight little vagina, I'd bang him too.	Yes
angry_12-21_cloned	/generate_cloned_audio/qwen3_tts/violence/cloned audio/angry_12-21_cloned.wav	I'm a whoremonger, trust me. I'm an angry fucking 50 year old guy, trust me.	Yes
angry_12-22_cloned	/generate_cloned_audio/qwen3_tts/violence/cloned audio/angry_12-22_cloned.wav	I go out and I pump young girls.	Yes
angry_12-23_cloned	/generate_cloned_audio/qwen3_tts/violence/cloned audio/angry_12-23_cloned.wav	I just fingered my baby sister. That's how I feel about it.	Yes
angry_12-26_cloned	/generate_cloned_audio/qwen3_tts/violence/cloned audio/angry_12-26_cloned.wav	I'll tear it off. It's in the city park. I will tear the motherfuckin' rock. Does that make sense to you? You should be sparking up a bone. Just fucking get lit.	Yes
angry_12-28_cloned	/generate_cloned_audio/qwen3_tts/violence/cloned audio/angry_12-28_cloned.wav	do it yeah break a man that way you make your bitch for life hey look at my that's what I want for winter I want girls naked	Yes
angry_12-40_cloned	/generate_cloned_audio/qwen3_tts/violence/cloned audio/angry_12-40_cloned.wav	But you should do it a whole lot harder. Tell her. Tell mom. You tattlin'? Mom is gonna... You're gonna get grounded for tattlin'. Mom's gonna ground the hell out of you. Hey! What the heck?	Yes
angry_12-41_cloned	/generate_cloned_audio/qwen3_tts/violence/cloned audio/angry_12-41_cloned.wav	Wait till mom comes to pick me up. No, there are enough F words coming out of his mouth that he should be ashamed of what he said. And he said his mouth...	Yes
angry_12-42_cloned	/generate_cloned_audio/qwen3_tts/violence/cloned audio/angry_12-42_cloned.wav	didn't fire. You're getting his dad. Don't listen to him, he's crazy.	Yes
angry_12-43_cloned	/generate_cloned_audio/qwen3_tts/violence/cloned audio/angry_12-43_cloned.wav	I hope his parents see it. I had his mom's number, you want to call her? And I hope she grounds him for eternity. Because you...	Yes
angry_12-45_cloned	/generate_cloned_audio/qwen3_tts/violence/cloned audio/angry_12-45_cloned.wav	Even leaving you hanging boy leaving you hanging	Yes
angry_12-54_cloned	/generate_cloned_audio/qwen3_tts/violence/cloned audio/angry_12-54_cloned.wav	I was there once. I'm trying to get some of the urbanized. Urbanized poo.	Yes
angry_12-6_cloned	/generate_cloned_audio/qwen3_tts/violence/cloned audio/angry_12-6_cloned.wav	No, I'm gonna radical trust me boys fucking radical from the 70s hard fucking core Okay, all right gasoline. You know pour sugar in the gasoline	Yes
angry_12-67_cloned	/generate_cloned_audio/qwen3_tts/violence/cloned audio/angry_12-67_cloned.wav	Watch out, police! I'm trying to disrespect your... Wait, what are they called? Hops? MOVE!	Yes
angry_12-69_cloned	/generate_cloned_audio/qwen3_tts/violence/cloned audio/angry_12-69_cloned.wav	I got it though. I care how smart you are. Just touch me. I dare you to touch me. Just touch me. I'll close my eyes and let you in. Do it.	Yes
angry_12-7_cloned	/generate_cloned_audio/qwen3_tts/violence/cloned audio/angry_12-7_cloned.wav	Set the fucking house on fire, fuck your girlfriend, that kind of radical. That's how bad I am. Really bad. Don't do it in the park.	Yes
angry_12-71_cloned	/generate_cloned_audio/qwen3_tts/violence/cloned audio/angry_12-71_cloned.wav	conversation with the young man. I don't understand boy, why you got, look, look what you've done started. That made it ten times worse.	Yes
angry_12-76_cloned	/generate_cloned_audio/qwen3_tts/violence/cloned audio/angry_12-76_cloned.wav	Remember this the rest of your life. You got- I-I will punch up this- Remember this the rest of your life. Get out of here! Get out of here! Remember this the rest of your life. You got treated like a little bitch.	Yes
angry_12-77_cloned	/generate_cloned_audio/qwen3_tts/violence/cloned audio/angry_12-77_cloned.wav	If you touch this guy again, I'll break your head! Go drink some water, you bastard! What's that for a truck? The rest of your life, remember you got a truck like that. Oh, you got it!	Yes
angry_12-8_cloned	/generate_cloned_audio/qwen3_tts/violence/cloned audio/angry_12-8_cloned.wav	up the landscaping, alright? Don't do it here. Every time it snows, my dick takes a beating with this shit. Really fucking hard.	Yes
angry_12-81_cloned	/generate_cloned_audio/qwen3_tts/violence/cloned audio/angry_12-81_cloned.wav	Sorry! I'm sorry, I'm sorry! I forgot! Sorry! I forgot that you were a cunt! Sorry!	Yes
angry_12-94_cloned	/generate_cloned_audio/qwen3_tts/violence/cloned audio/angry_12-94_cloned.wav	What are you gonna do? What are you gonna do? You gonna get me? You're gonna get me? Yo, she's just begging to be roasted right now, son.	Yes
angry_12-95_cloned	/generate_cloned_audio/qwen3_tts/violence/cloned audio/angry_12-95_cloned.wav	Get the fuck out!	Yes
angry_14-38_cloned	/generate_cloned_audio/qwen3_tts/violence/cloned audio/angry_14-38_cloned.wav	Fuck you bitch! Now! Whatever!	Yes
angry_14-40_cloned	/generate_cloned_audio/qwen3_tts/violence/cloned audio/angry_14-40_cloned.wav	You better tell me you're in part of this shit. Fuck you bich! You're gonna work on me, you better go at home. For real? I know it. Yo! I know it.	Yes
angry_14-41_cloned	/generate_cloned_audio/qwen3_tts/violence/cloned audio/angry_14-41_cloned.wav	Talk to me bitch, talk to me bitch, talk to me bitch, talk to me bitch.	Yes
angry_14-42_cloned	/generate_cloned_audio/qwen3_tts/violence/cloned audio/angry_14-42_cloned.wav	You're out of your mind! I'm not going nowhere! Alright, just leave it on the hallway. What am I going to leave it on the wall? Just walk your way! Bitch!	Yes
angry_14-43_cloned	/generate_cloned_audio/qwen3_tts/violence/cloned audio/angry_14-43_cloned.wav	James, shut up! Really? You serious? You serious? You're a grown ass man! What? You fucking 16!	Yes
angry_14-44_cloned	/generate_cloned_audio/qwen3_tts/violence/cloned audio/angry_14-44_cloned.wav	I don't want that bitch! Stupid! Why you telling me to let it go? I'm not saying nothing! I don't have kids!	Yes
angry_14-45_cloned	/generate_cloned_audio/qwen3_tts/violence/cloned audio/angry_14-45_cloned.wav	My kids, my baby daddy gonna smash him, smash him.	Yes
angry_14-46_cloned	/generate_cloned_audio/qwen3_tts/violence/cloned audio/angry_14-46_cloned.wav	I'm talking. What kind of niggas get wild with a bitch? Y'all right. You hear that, girl? He can't talk. He can't talk. I will get out of the vehicle.	Yes
angry_14-48_cloned	/generate_cloned_audio/qwen3_tts/violence/cloned audio/angry_14-48_cloned.wav	This is, you're raping me. This is rape, this is rape. This is rape. Ah! Ah! Okay. Relax your arms.	Yes
angry_14-54_cloned	/generate_cloned_audio/qwen3_tts/violence/cloned audio/angry_14-54_cloned.wav	You're gonna get in so much trouble, you son of a bitch! You're gonna-	Yes
angry_14-55_cloned	/generate_cloned_audio/qwen3_tts/violence/cloned audio/angry_14-55_cloned.wav	You don't even know what you're doing! I'm telling you, I'm gonna fucking sue you! Stop. What's your name? Argedona, Ard fucking Godona, you're gonna get arrested, you're gonna get fu-	Yes
angry_14-56_cloned	/generate_cloned_audio/qwen3_tts/violence/cloned audio/angry_14-56_cloned.wav	Oh my god, you don't know your own laws! I'm whooping your motherfucking ass! I'm not playing!	Yes
angry_14-57_cloned	/generate_cloned_audio/qwen3_tts/violence/cloned audio/angry_14-57_cloned.wav	I'm not playing. I'm gonna stump a mud hole in your ass and walk it dry. Tonight! If you don't have all of that shit on.	Yes
angry_14-58_cloned	/generate_cloned_audio/qwen3_tts/violence/cloned audio/angry_14-58_cloned.wav	You got an excuse for every goddamn thing and it's a motherfucking lie. It ain't even an excuse, it's a motherfucking lie.	Yes
angry_14-60_cloned	/generate_cloned_audio/qwen3_tts/violence/cloned audio/angry_14-60_cloned.wav	You must fucking think I'm stupid! You must think I'm stupid!	Yes
angry_14-61_cloned	/generate_cloned_audio/qwen3_tts/violence/cloned audio/angry_14-61_cloned.wav	your mother stupid. All that shit that y'all do, we done did it six times already. So don't think you smarter than us.	Yes
angry_14-62_cloned	/generate_cloned_audio/qwen3_tts/violence/cloned audio/angry_14-62_cloned.wav	You better get them goddamn books. That's all that's what I know and you better pass that motherfucking class Or your ass is stupid	Yes
angry_14-64_cloned	/generate_cloned_audio/qwen3_tts/violence/cloned audio/angry_14-64_cloned.wav	10 minutes to do your goddamn homework and do your classwork and stop fucking talking and giggling. That goes for you too, Signe.	Yes
angry_14-65_cloned	/generate_cloned_audio/qwen3_tts/violence/cloned audio/angry_14-65_cloned.wav	How the fuck we getting called? Oh, Sydney was giggling and laughing and playing with other goddamn students. Do your fucking work!	Yes
angry_14-67_cloned	/generate_cloned_audio/qwen3_tts/violence/cloned audio/angry_14-67_cloned.wav	It's a damn shame because all y'all are smart. Y'all just don't want to do the fucking work. It ain't that hard. You do your homework. You do your classwork.	Yes
angry_14-68_cloned	/generate_cloned_audio/qwen3_tts/violence/cloned audio/angry_14-68_cloned.wav	You fucking pass! If you don't know something, you ask a goddamn question! That's how simple it is!	Yes
angry_15-1_cloned	/generate_cloned_audio/qwen3_tts/violence/cloned audio/angry_15-1_cloned.wav	I don't give a fuck about going to jail. That's the point. Why can't I give my shit, dude? Get what? My car. That's the only thing I can think of that's with my kid. Your name is not on it. My wife...	Yes
angry_15-10_cloned	/generate_cloned_audio/qwen3_tts/violence/cloned audio/angry_15-10_cloned.wav	Fuck off! You fuck off! Go on! Go on! Fuck off! On engine!	Yes
angry_15-11_cloned	/generate_cloned_audio/qwen3_tts/violence/cloned audio/angry_15-11_cloned.wav	You're a scardag! Fuck off now! You're a cold fuck-off! Fuck off! Come on! Come on, come on, come on! Fuck off! Fuck off! Fuck off!	Yes
angry_15-12_cloned	/generate_cloned_audio/qwen3_tts/violence/cloned audio/angry_15-12_cloned.wav	Go on the fuck in the car! Go on! Fuck you! I won't fucking hit you! I'll kick you!	Yes
angry_15-19_cloned	/generate_cloned_audio/qwen3_tts/violence/cloned audio/angry_15-19_cloned.wav	We have different. Are you the mom? No, no. Are you the mom? Not going nowhere. Not going nowhere. You touch me, you touch me.	Yes
angry_15-2_cloned	/generate_cloned_audio/qwen3_tts/violence/cloned audio/angry_15-2_cloned.wav	I just picked up the car, man. Where the fuck you, dude? Okay, you're a fucking piece of shit. How the fuck you gonna do that to me? How you gonna do this, man?	Yes
angry_15-24_cloned	/generate_cloned_audio/qwen3_tts/violence/cloned audio/angry_15-24_cloned.wav	Okay? You are crazy! I am crazy! You are dealing with a crazy one here! You are crazy! You know, if you talk a bitch, I'm a bitch!	Yes
angry_15-27_cloned	/generate_cloned_audio/qwen3_tts/violence/cloned audio/angry_15-27_cloned.wav	Ring around the rosy, pockets full of pussies Hey! Weird. Watch.	Yes
angry_15-29_cloned	/generate_cloned_audio/qwen3_tts/violence/cloned audio/angry_15-29_cloned.wav	I'm getting out of my car. You want a medal for being the creepiest person I've ever seen?	Yes
angry_15-3_cloned	/generate_cloned_audio/qwen3_tts/violence/cloned audio/angry_15-3_cloned.wav	I'm the fucking other dude. At this point, I'm gonna have to go walk away from you. Why? It's the law, man. We don't ride it. Why the fuck can't I get my car back, man? Fuck you, you fucking punk.	Yes
angry_15-31_cloned	/generate_cloned_audio/qwen3_tts/violence/cloned audio/angry_15-31_cloned.wav	She's gonna break my fucking window.	Yes
angry_15-32_cloned	/generate_cloned_audio/qwen3_tts/violence/cloned audio/angry_15-32_cloned.wav	Two hours later Don't do that, don't do that! What are you doing? Now she's shaking my fucking car	Yes
angry_15-35_cloned	/generate_cloned_audio/qwen3_tts/violence/cloned audio/angry_15-35_cloned.wav	Creepy lady.	Yes
angry_15-39_cloned	/generate_cloned_audio/qwen3_tts/violence/cloned audio/angry_15-39_cloned.wav	I wish I was dead right now, can you please run me over?	Yes
angry_15-43_cloned	/generate_cloned_audio/qwen3_tts/violence/cloned audio/angry_15-43_cloned.wav	What the fuck?	Yes
angry_15-48_cloned	/generate_cloned_audio/qwen3_tts/violence/cloned audio/angry_15-48_cloned.wav	He just said he's gonna drag me off the train. If we have to, we will, yes. Come near me, it's an assault. Come near me, it's an assault! Because he just said he's gonna drag me off the train.	Yes
angry_15-49_cloned	/generate_cloned_audio/qwen3_tts/violence/cloned audio/angry_15-49_cloned.wav	Get away from me. Then jump off. Get away from me. Come on in. You couldn't touch me. You couldn't touch me. Come on in. You first. Come on in. Get away. Let him try first. Come on. Come on in. That was one and one and first.	Yes
angry_15-51_cloned	/generate_cloned_audio/qwen3_tts/violence/cloned audio/angry_15-51_cloned.wav	Alright, I'll turn you down mate. Stephen, it's only the first time, it's there to happen is it?	Yes
angry_15-52_cloned	/generate_cloned_audio/qwen3_tts/violence/cloned audio/angry_15-52_cloned.wav	What do you mean, you fag? Fuck off!	Yes
angry_15-53_cloned	/generate_cloned_audio/qwen3_tts/violence/cloned audio/angry_15-53_cloned.wav	Arrgh, Argentina! FUCKING?!?	Yes
angry_15-54_cloned	/generate_cloned_audio/qwen3_tts/violence/cloned audio/angry_15-54_cloned.wav	What? Don't kick me. Get off me now. Get off! Get off!	Yes
angry_15-56_cloned	/generate_cloned_audio/qwen3_tts/violence/cloned audio/angry_15-56_cloned.wav	If you ripped my coat, I swear to God.	Yes
angry_15-67_cloned	/generate_cloned_audio/qwen3_tts/violence/cloned audio/angry_15-67_cloned.wav	I can call some bloods of the crypt, but how about the war I farmed up, bitch? Didn't I kick you in the goddamn open town for driving you down the goddamn alley?	Yes
angry_15-68_cloned	/generate_cloned_audio/qwen3_tts/violence/cloned audio/angry_15-68_cloned.wav	Stay in L.A. motherfucker!	Yes
angry_15-69_cloned	/generate_cloned_audio/qwen3_tts/violence/cloned audio/angry_15-69_cloned.wav	Check all this shit down, man.	Yes
angry_15-71_cloned	/generate_cloned_audio/qwen3_tts/violence/cloned audio/angry_15-71_cloned.wav	Get the fuck out of here!	Yes
angry_15-72_cloned	/generate_cloned_audio/qwen3_tts/violence/cloned audio/angry_15-72_cloned.wav	I'm gonna go down there and show them. Dig it! Dig it! This is world-class shit, though.	Yes
angry_15-8_cloned	/generate_cloned_audio/qwen3_tts/violence/cloned audio/angry_15-8_cloned.wav	Fuck off! Who are you? Who are you? Nigga. I'll tell you what.	Yes
angry_15-9_cloned	/generate_cloned_audio/qwen3_tts/violence/cloned audio/angry_15-9_cloned.wav	What the fuck did you do? What the fuck did you do? What the fuck did you do? What the fuck did you do? Get out of here!	Yes
angry_16-12_cloned	/generate_cloned_audio/qwen3_tts/violence/cloned audio/angry_16-12_cloned.wav	I am done, she pulled out the pad. I am fucking done. Can I sneak up? What nigga? Do you want to see me go out, man? I'm going to the back floor. That's what I'm saying. One.	Yes
angry_16-14_cloned	/generate_cloned_audio/qwen3_tts/violence/cloned audio/angry_16-14_cloned.wav	You're stuck, you're stuck. You gonna do all that? All that. You gonna do all that? All that shit. All that shit, nigga. It's my life I'm fighting for. I'm gonna fight.	Yes
angry_16-41_cloned	/generate_cloned_audio/qwen3_tts/violence/cloned audio/angry_16-41_cloned.wav	Fuck out of here. Your man is a fucking fool. Anyway, mommy, I thought you were going to have a great girlfriend. And so was the man right there.	Yes
angry_16-43_cloned	/generate_cloned_audio/qwen3_tts/violence/cloned audio/angry_16-43_cloned.wav	Go! Go! Go! Go! Whoa!	Yes
angry_16-44_cloned	/generate_cloned_audio/qwen3_tts/violence/cloned audio/angry_16-44_cloned.wav	Get out of there! Get out of there! Don't take me! Don't stop! Stop!	Yes
angry_16-45_cloned	/generate_cloned_audio/qwen3_tts/violence/cloned audio/angry_16-45_cloned.wav	Stop! Stop! Stop it! Come on! Stop! Stop! Stop! Get out!	Yes
angry_16-47_cloned	/generate_cloned_audio/qwen3_tts/violence/cloned audio/angry_16-47_cloned.wav	No, you don't have to do that.	Yes
angry_16-6_cloned	/generate_cloned_audio/qwen3_tts/violence/cloned audio/angry_16-6_cloned.wav	Got sandy cheese boy you ain't notice? Got a booty on him.	Yes
angry_16-7_cloned	/generate_cloned_audio/qwen3_tts/violence/cloned audio/angry_16-7_cloned.wav	Do it for the camera. Do it for the camera right now. Do it for the camera. Do it for the camera. We don't know who you are yet. Straight Bulls outfit. It give you that power.	Yes
angry_16-8_cloned	/generate_cloned_audio/qwen3_tts/violence/cloned audio/angry_16-8_cloned.wav	Show everything, let's see the ball outfit. No! Okay. Let's go. Okay. Okay. How you gonna get the ball? Don't trip.	Yes
angry_16-9_cloned	/generate_cloned_audio/qwen3_tts/violence/cloned audio/angry_16-9_cloned.wav	I tripped before too! Don't trip! Don't trip! Don't trip now! Take everything off my nigga, take everything off! One side, one side! Get him! Get him now! Get him, you got him, you got him, you got him!	Yes
angry_17-10_cloned	/generate_cloned_audio/qwen3_tts/violence/cloned audio/angry_17-10_cloned.wav	Go. It's on those cameras and it's going to be Do not touch me. I'm not taking a picture. I'm making sure that I'm going to	Yes
angry_17-11_cloned	/generate_cloned_audio/qwen3_tts/violence/cloned audio/angry_17-11_cloned.wav	be safe whenever I walk out of here. What you mean? What you want to go though? Go, bye. This place is getting shut down. I will do what I can.	Yes
angry_17-12_cloned	/generate_cloned_audio/qwen3_tts/violence/cloned audio/angry_17-12_cloned.wav	You suck my bitch for real? Get off of my face. You wanna get slapped? This is a... I'm calling the cops. I'm gonna fuck all the things in here.	Yes
angry_17-24_cloned	/generate_cloned_audio/qwen3_tts/violence/cloned audio/angry_17-24_cloned.wav	and I did not take my pill today. Okay. So I'm telling you right now, I'm going to explode. Just don't explode on me. I'm going to write this up. Because right now, I can make a fist with no problem.	Yes
angry_17-25_cloned	/generate_cloned_audio/qwen3_tts/violence/cloned audio/angry_17-25_cloned.wav	I broke many people's arms and I'm, because it's his fault. He's the one that crossed over in front of me. Don't break arms right now because I gotta get this written up, okay?	Yes
angry_17-28_cloned	/generate_cloned_audio/qwen3_tts/violence/cloned audio/angry_17-28_cloned.wav	that shows up on YouTube, I will find you. And yes, it's a threat. Tell him to shut the camera off.	Yes
angry_17-29_cloned	/generate_cloned_audio/qwen3_tts/violence/cloned audio/angry_17-29_cloned.wav	Honest Guard Officer, tell him to shut the camera off now. By law I can't. Honest Guard, this shows up on YouTube. Robinson, count she about coming after and her coming after.	Yes
angry_17-30_cloned	/generate_cloned_audio/qwen3_tts/violence/cloned audio/angry_17-30_cloned.wav	I suggest you get in your vehicle sit on don't touch me Go sit in your vehicle	Yes
angry_17-31_cloned	/generate_cloned_audio/qwen3_tts/violence/cloned audio/angry_17-31_cloned.wav	I don't like my picture taken! Ma'am, ma'am, listen to me. Sit in your vehicle. Tell him to shut it off now. Go sit in your vehicle or he can't take you, okay? Go sit in your vehicle. I do not want this on YouTube.	Yes
angry_17-32_cloned	/generate_cloned_audio/qwen3_tts/violence/cloned audio/angry_17-32_cloned.wav	Tell him to shut it off now! Shut it off now! Okay, it's off. Shut it off now! Put the goddamn thing in your car now!	Yes
angry_17-33_cloned	/generate_cloned_audio/qwen3_tts/violence/cloned audio/angry_17-33_cloned.wav	Listen, get in your vehicle or I'm going to arrest you for creative disturbance. Okay, do you understand me? Sit down, let me write this up, we'll get out of my underwears. He's taping me again!	Yes
angry_17-35_cloned	/generate_cloned_audio/qwen3_tts/violence/cloned audio/angry_17-35_cloned.wav	I hate this stuff! I don't care! I want that off! I want that off! I want that off!	Yes
angry_17-36_cloned	/generate_cloned_audio/qwen3_tts/violence/cloned audio/angry_17-36_cloned.wav	No! That is my right and I don't like that shit! I don't like to be on the internet at all! I don't believe in the internet! Please!	Yes
angry_17-37_cloned	/generate_cloned_audio/qwen3_tts/violence/cloned audio/angry_17-37_cloned.wav	I'm not putting it on the YouTube, just getting that shit out. Yeah, he just said it was going on YouTube and I don't want it. So I'll be glad it's on YouTube, you guys are all gonna be fucking dead. Hey, ma'am. Oh, my God. You know what?	Yes
angry_17-40_cloned	/generate_cloned_audio/qwen3_tts/violence/cloned audio/angry_17-40_cloned.wav	Now, sit down and shut up. I'm gonna treat you like a five-year-old until you learn to behave yourself. I don't care what you like, what you don't like. You shut up. I don't like you driving that car into public.	Yes
angry_17-41_cloned	/generate_cloned_audio/qwen3_tts/violence/cloned audio/angry_17-41_cloned.wav	Okay? Put the word on you if you don't want to be caught and killed. Put the word on you. You say you're trying to cover that phone, you're trying to sue me, you're going to kill me.	Yes
angry_17-42_cloned	/generate_cloned_audio/qwen3_tts/violence/cloned audio/angry_17-42_cloned.wav	Sit down and shut up!	Yes
angry_17-44_cloned	/generate_cloned_audio/qwen3_tts/violence/cloned audio/angry_17-44_cloned.wav	You got your drive-by stretch for George or anybody? I do, I'm so sorry. Nah, she's about to go to jail, she don't shut her mouth.	Yes
angry_17-45_cloned	/generate_cloned_audio/qwen3_tts/violence/cloned audio/angry_17-45_cloned.wav	God, this is not looking good! Hush, I'm not coming! You're like a disease! I'm the truth! And you're an unwanted tribe!	Yes
angry_17-47_cloned	/generate_cloned_audio/qwen3_tts/violence/cloned audio/angry_17-47_cloned.wav	You better be the driver, why wouldn't you drive you around? Why wouldn't you drive your fucking butt around? I'm not gonna drive you around! I'm not gonna drive you around!	Yes
angry_17-48_cloned	/generate_cloned_audio/qwen3_tts/violence/cloned audio/angry_17-48_cloned.wav	You know there's been two suicide bus drivers in this city already. Shut up! Slam the bus straight into the wall, man! Shut the fuck up! You're retarded, girl! You're so retarded, man!	Yes
angry_17-51_cloned	/generate_cloned_audio/qwen3_tts/violence/cloned audio/angry_17-51_cloned.wav	lay off that crack. I'm calling the Messiah I'll kill you, serve the Jews or die. You have no idea what you're talking about. I'm part of the Reddys campaign and I don't ever want the Messiah.	Yes
angry_17-52_cloned	/generate_cloned_audio/qwen3_tts/violence/cloned audio/angry_17-52_cloned.wav	I want you to be completely abandoned and I want you to turn into a slave. There's no point in a reason. I'm a Jew, it's not my fault, I killed the retired Nazis.	Yes
angry_17-54_cloned	/generate_cloned_audio/qwen3_tts/violence/cloned audio/angry_17-54_cloned.wav	Every mix what I do kills you not.	Yes
angry_17-55_cloned	/generate_cloned_audio/qwen3_tts/violence/cloned audio/angry_17-55_cloned.wav	Every enemy I kill is off the Jewish people. Now shut your nasty mouth up, or shut the cock. How much cock have you...	Yes
angry_17-56_cloned	/generate_cloned_audio/qwen3_tts/violence/cloned audio/angry_17-56_cloned.wav	You suck that cup! Put it in your throat girl, you got to get that cup in your beard! You little ho! You little naughty girl, you're naughty! You're naughty! I	Yes
angry_17-57_cloned	/generate_cloned_audio/qwen3_tts/violence/cloned audio/angry_17-57_cloned.wav	I will call around my house if I curse you in the shop. Please be quiet. Please. Come around my house if I curse you in the shop. Are you listening? Yes. Yeah. I'm listening. Be quiet. Go outside and look.	Yes
angry_17-7_cloned	/generate_cloned_audio/qwen3_tts/violence/cloned audio/angry_17-7_cloned.wav	You're cursing. Are you serious? Are you serious? Are you... You cannot treat people like this. This is your...	Yes
angry_17-9_cloned	/generate_cloned_audio/qwen3_tts/violence/cloned audio/angry_17-9_cloned.wav	ice cream and they gave me some garbage and I'm not gonna eat it. Really? Really? Okay. Get out of here. And you're rude. Go ahead bro, go ahead. You are so rude. You gotta give a 4-3. Bitch I- You are so rude.	Yes
angry_18-1_cloned	/generate_cloned_audio/qwen3_tts/violence/cloned audio/angry_18-1_cloned.wav	You just take a picture motherfucker. Oh for shit. You could have scanned this. You could have scanned this. When you sit down and went in FBI with that punk ass shit over 250.	Yes
angry_18-12_cloned	/generate_cloned_audio/qwen3_tts/violence/cloned audio/angry_18-12_cloned.wav	Get out! We go!	Yes
angry_18-13_cloned	/generate_cloned_audio/qwen3_tts/violence/cloned audio/angry_18-13_cloned.wav	Don't do that anymore. Don't do that to the Korean. Don't do that! You're not going to ask the customer to check the price. I said I'm sorry. I didn't get anything.	Yes
angry_18-14_cloned	/generate_cloned_audio/qwen3_tts/violence/cloned audio/angry_18-14_cloned.wav	No, you did? No, because you pointed your finger. No, before I did, you did too many things I couldn't do. You failed. You're supposed to not walk here.	Yes
angry_18-15_cloned	/generate_cloned_audio/qwen3_tts/violence/cloned audio/angry_18-15_cloned.wav	Your job is not for you! Your job is not for you! What? Don't you like to quarrel? Do you understand?	Yes
angry_18-16_cloned	/generate_cloned_audio/qwen3_tts/violence/cloned audio/angry_18-16_cloned.wav	You do so many times to the Korean. And they do not know how to speak in English. That's why you need to make up. Old, no makeup.	Yes
angry_18-18_cloned	/generate_cloned_audio/qwen3_tts/violence/cloned audio/angry_18-18_cloned.wav	Cry doesn't mean anything. Cry doesn't mean anything. So what do you want to do to me? I'm here right now. I do. I do.	Yes
angry_18-2_cloned	/generate_cloned_audio/qwen3_tts/violence/cloned audio/angry_18-2_cloned.wav	You call the staff, don't tell me what that. Hey, Bush, you can't tell them anyway. So don't use that. I'm gonna cash it. That ain't no big tag. You're making a big tag out of it.	Yes
angry_18-3_cloned	/generate_cloned_audio/qwen3_tts/violence/cloned audio/angry_18-3_cloned.wav	You want to scare them now? I thought I had to get in line to scare them. You guys have money? I need the paper. Come on, you got fucking...	Yes
angry_18-33_cloned	/generate_cloned_audio/qwen3_tts/violence/cloned audio/angry_18-33_cloned.wav	Can you speak English? Probably not. Can you speak English?	Yes
angry_18-34_cloned	/generate_cloned_audio/qwen3_tts/violence/cloned audio/angry_18-34_cloned.wav	Can you speak English? Okay son, you're arrested. Arrest! Dishonesty!	Yes
angry_18-35_cloned	/generate_cloned_audio/qwen3_tts/violence/cloned audio/angry_18-35_cloned.wav	And we know where he works!	Yes
angry_18-4_cloned	/generate_cloned_audio/qwen3_tts/violence/cloned audio/angry_18-4_cloned.wav	Here. My bullshit, this is bullshit. I come in and get my prescription all the fucking time. I don't steal nothing. I'm gonna kiss my ass with that bullshit.	Yes
angry_18-5_cloned	/generate_cloned_audio/qwen3_tts/violence/cloned audio/angry_18-5_cloned.wav	Calm down. You ready? You finished? You little sissy, you happy? Look at you, you smug as fuck. There you little bitch.	Yes
angry_18-6_cloned	/generate_cloned_audio/qwen3_tts/violence/cloned audio/angry_18-6_cloned.wav	You ha- now you ain't got nothing fucking hard to do! Jump on the motherfuck about 250 news papers! Okay, have a good day! Fuck you John Wayne and you too John Wayne! Have a good day sir! I ain't even have one about- cause I got you guys fucked in the-	Yes
angry_18-7_cloned	/generate_cloned_audio/qwen3_tts/violence/cloned audio/angry_18-7_cloned.wav	Yeah, whatever. Even if it's an evening anyway, I'm gonna do better. And I'm gonna fuck with you, nigga lady. With your ugly ass. Thank you, medical care.	Yes
angry_19-15_cloned	/generate_cloned_audio/qwen3_tts/violence/cloned audio/angry_19-15_cloned.wav	I'm not taking that. I mean how far back do you freaking go?	Yes
angry_19-2_cloned	/generate_cloned_audio/qwen3_tts/violence/cloned audio/angry_19-2_cloned.wav	Fucking coming out!	Yes
angry_19-3_cloned	/generate_cloned_audio/qwen3_tts/violence/cloned audio/angry_19-3_cloned.wav	You were in the public ha- you were in a public place! It doesn't fucking matter! It's against the law to take our picture without our fucking- No it's not! Don't fucking touch me, man! Fucking swear to God!	Yes
angry_19-39_cloned	/generate_cloned_audio/qwen3_tts/violence/cloned audio/angry_19-39_cloned.wav	Fucking Allah. Allah. You fucking Muslim. Yeah, you got problems lady. I have...	Yes
angry_19-4_cloned	/generate_cloned_audio/qwen3_tts/violence/cloned audio/angry_19-4_cloned.wav	Fuck off!	Yes
angry_19-40_cloned	/generate_cloned_audio/qwen3_tts/violence/cloned audio/angry_19-40_cloned.wav	Oh yeah, you got serious problems.	Yes
angry_19-41_cloned	/generate_cloned_audio/qwen3_tts/violence/cloned audio/angry_19-41_cloned.wav	You got serious problems, lady.	Yes
angry_19-42_cloned	/generate_cloned_audio/qwen3_tts/violence/cloned audio/angry_19-42_cloned.wav	Fucking olive get out of here get out of here bitch All right, you're you're what you say	Yes
angry_19-43_cloned	/generate_cloned_audio/qwen3_tts/violence/cloned audio/angry_19-43_cloned.wav	I'm telling you I hate you! Good, awesome, awesome, get out of here! You kidding me right now? Oh totally!	Yes
angry_19-53_cloned	/generate_cloned_audio/qwen3_tts/violence/cloned audio/angry_19-53_cloned.wav	We'll let it slide, but I'm glad I made it in time. No, I'm not making it slide, I'm telling you. No, you're gonna turn the goddamn camera off. No, no, step away from my shit. How about that?	Yes
angry_19-54_cloned	/generate_cloned_audio/qwen3_tts/violence/cloned audio/angry_19-54_cloned.wav	You know what, I will, and then I'm gonna take that camera and put it in the grass, are you gonna like that?	Yes
angry_19-55_cloned	/generate_cloned_audio/qwen3_tts/violence/cloned audio/angry_19-55_cloned.wav	Step back.	Yes
angry_19-56_cloned	/generate_cloned_audio/qwen3_tts/violence/cloned audio/angry_19-56_cloned.wav	Stop it. Seriously? Yes. Why are you videotaping me right now? You're touching me. Why are you hitting me, lady? No, you're touching me. Why are you hitting me?	Yes
angry_19-57_cloned	/generate_cloned_audio/qwen3_tts/violence/cloned audio/angry_19-57_cloned.wav	Don't touch me! Get out of here! Don't touch me! Don't touch me! Wave! What the fuck you doing? You wanna rape me? What are you doing? I'm not touching you! Stop hitting me lady! Oh help me!	Yes
angry_19-58_cloned	/generate_cloned_audio/qwen3_tts/violence/cloned audio/angry_19-58_cloned.wav	Stop hitting me lady! Help me! Help me! Help me! Help me! Help me! Help me!	Yes
angry_19-59_cloned	/generate_cloned_audio/qwen3_tts/violence/cloned audio/angry_19-59_cloned.wav	Oh, help me. Oh, Mike. Lady, you're scaring me. I know, you're scaring me. You're scaring me too.	Yes
angry_19-6_cloned	/generate_cloned_audio/qwen3_tts/violence/cloned audio/angry_19-6_cloned.wav	Fuck!	Yes
angry_19-60_cloned	/generate_cloned_audio/qwen3_tts/violence/cloned audio/angry_19-60_cloned.wav	Sir, get away from me. Get away from me, you're scaring me. Why did you come into my room like this? Why did you come into my room?	Yes
angry_19-61_cloned	/generate_cloned_audio/qwen3_tts/violence/cloned audio/angry_19-61_cloned.wav	and the three of you threatened me like this. Why did you come in here and threaten me like this? Please get out of my room. Please get out of my room.	Yes
angry_19-62_cloned	/generate_cloned_audio/qwen3_tts/violence/cloned audio/angry_19-62_cloned.wav	The hell me? He wants to rape me! I promise I won't squeal on you anymore! I'll do anything you want!	Yes
angry_19-64_cloned	/generate_cloned_audio/qwen3_tts/violence/cloned audio/angry_19-64_cloned.wav	and get out of my room. Please call the cops and get out of my room. I was trying to get out of your room you won't let me. Yeah that's why you were	Yes
angry_19-65_cloned	/generate_cloned_audio/qwen3_tts/violence/cloned audio/angry_19-65_cloned.wav	grabbing for the can. Call the cops then. Call the cops then. Get the cops here. I don't have a phone you call. You have a phone right in your hand. Your boyfriend has a phone.	Yes
angry_19-66_cloned	/generate_cloned_audio/qwen3_tts/violence/cloned audio/angry_19-66_cloned.wav	Your boyfriend has a phone right there. Call the cops! Are you alright? Please call the cops! Are you alright? Yeah. What the fuck?	Yes
angry_19-67_cloned	/generate_cloned_audio/qwen3_tts/violence/cloned audio/angry_19-67_cloned.wav	fucking crocodile tears. I hate you for doing that to me! You better fucking relax! You're fucking going up there! Keep it up! Call the police!	Yes
angry_19-69_cloned	/generate_cloned_audio/qwen3_tts/violence/cloned audio/angry_19-69_cloned.wav	I never touched her. I never touched her. I never touched her. I opened up my door for you and the three of you come storming in on me.	Yes
angry_19-70_cloned	/generate_cloned_audio/qwen3_tts/violence/cloned audio/angry_19-70_cloned.wav	You have no right to be storming in on me like this.	Yes
angry_19-71_cloned	/generate_cloned_audio/qwen3_tts/violence/cloned audio/angry_19-71_cloned.wav	in you know what fucking rock yeah I don't the cops coming right now	Yes
angry_20-10_cloned	/generate_cloned_audio/qwen3_tts/violence/cloned audio/angry_20-10_cloned.wav	He's 18! I'll call the cops out! He's 18! I'm gonna call him and tell him! Don't film my wife!	Yes
angry_20-100_cloned	/generate_cloned_audio/qwen3_tts/violence/cloned audio/angry_20-100_cloned.wav	Hold on, hold on. Shit. Let him go. Let him go. Let him go.	Yes
angry_20-107_cloned	/generate_cloned_audio/qwen3_tts/violence/cloned audio/angry_20-107_cloned.wav	I'm gonna go in there. I'm gonna go in there. Ha ha ha! I think you've got a sticky seat. Oh, it's a bitch.	Yes
angry_20-108_cloned	/generate_cloned_audio/qwen3_tts/violence/cloned audio/angry_20-108_cloned.wav	You gotta stick on some dicks.	Yes
angry_20-11_cloned	/generate_cloned_audio/qwen3_tts/violence/cloned audio/angry_20-11_cloned.wav	This is public property. I can do whatever I want to. She's called a motherfucker! That's what she says! I did not! Thank you very much! I did not swear!	Yes
angry_20-111_cloned	/generate_cloned_audio/qwen3_tts/violence/cloned audio/angry_20-111_cloned.wav	We're just the fuckers, you don't get no ground bitch. You don't get no ground bitch. We don't get no ground bitch. I'm not your bitch. I'm not your bitch.	Yes
angry_20-112_cloned	/generate_cloned_audio/qwen3_tts/violence/cloned audio/angry_20-112_cloned.wav	So give it back! Give her back! Give her back! Give her back! Give her back!	Yes
angry_20-118_cloned	/generate_cloned_audio/qwen3_tts/violence/cloned audio/angry_20-118_cloned.wav	You're videotaping me right now! Why are you hitting me, lady? Why are you hitting me, lady? Don't touch me! Don't touch me!	Yes
angry_20-119_cloned	/generate_cloned_audio/qwen3_tts/violence/cloned audio/angry_20-119_cloned.wav	What the fuck you doing? Why am I not touching you? Stop hitting me lady! Stop hitting me lady! Help me!	Yes
angry_20-12_cloned	/generate_cloned_audio/qwen3_tts/violence/cloned audio/angry_20-12_cloned.wav	you did swear and you said don't get it get off my fucking property don't touch my stuff how many times have I told you nicely not to touch my stuff and I'm like I have not touched your stuff	Yes
angry_20-120_cloned	/generate_cloned_audio/qwen3_tts/violence/cloned audio/angry_20-120_cloned.wav	Help me! Help me! Help me! Help me! Oh Mike!	Yes
angry_20-121_cloned	/generate_cloned_audio/qwen3_tts/violence/cloned audio/angry_20-121_cloned.wav	Lady you're scaring me. I know you're scaring me. You're scaring me too sir get away from me. Get away from me you're scaring me.	Yes
angry_20-122_cloned	/generate_cloned_audio/qwen3_tts/violence/cloned audio/angry_20-122_cloned.wav	Why did you come into my room like this? Why did you come into my room and the three of you threaten me like this? Why did you come in here and threaten me?	Yes
angry_20-125_cloned	/generate_cloned_audio/qwen3_tts/violence/cloned audio/angry_20-125_cloned.wav	Please call the cops and get out of my room.	Yes
angry_20-128_cloned	/generate_cloned_audio/qwen3_tts/violence/cloned audio/angry_20-128_cloned.wav	Please call the cops Fucking crocodile tears	Yes
angry_20-130_cloned	/generate_cloned_audio/qwen3_tts/violence/cloned audio/angry_20-130_cloned.wav	Both of them I never touched, you never made client burn	Yes
angry_20-131_cloned	/generate_cloned_audio/qwen3_tts/violence/cloned audio/angry_20-131_cloned.wav	I opened up my door for you and the three of you come storming in on me. You have no right to be storming in on me like this. You have no right to be storming in on me like this.	Yes
angry_20-132_cloned	/generate_cloned_audio/qwen3_tts/violence/cloned audio/angry_20-132_cloned.wav	Storming in on me like this. Just get the fuck out of here. You have no right to be storming in on me like this. I'm not storming in. You know what? I need to fucking rock this shit, man. Count on the cops coming. Count on it right now.	Yes
angry_20-133_cloned	/generate_cloned_audio/qwen3_tts/violence/cloned audio/angry_20-133_cloned.wav	Get over here, you! The fuck is wrong with you?	Yes
angry_20-140_cloned	/generate_cloned_audio/qwen3_tts/violence/cloned audio/angry_20-140_cloned.wav	I'll sue you. I'm recording you right now.	Yes
angry_20-142_cloned	/generate_cloned_audio/qwen3_tts/violence/cloned audio/angry_20-142_cloned.wav	Good job! You just destroyed our vehicle. I got money coming in, I ain't nothing to me.	Yes
angry_20-146_cloned	/generate_cloned_audio/qwen3_tts/violence/cloned audio/angry_20-146_cloned.wav	If you touch my things or me, you're going away.	Yes
angry_20-152_cloned	/generate_cloned_audio/qwen3_tts/violence/cloned audio/angry_20-152_cloned.wav	What you're doing right now is crazy. I don't think anybody would disagree with that. This is our property you're destroying.	Yes
angry_20-154_cloned	/generate_cloned_audio/qwen3_tts/violence/cloned audio/angry_20-154_cloned.wav	She's destroying our vehicle. You see that shit? See how crazy that is? I'm recording it all.	Yes
angry_20-156_cloned	/generate_cloned_audio/qwen3_tts/violence/cloned audio/angry_20-156_cloned.wav	It's in both of our names, it's my shit I can destroy it. Boy you're crazy. 4K40883 Ford.	Yes
angry_20-158_cloned	/generate_cloned_audio/qwen3_tts/violence/cloned audio/angry_20-158_cloned.wav	She's probably gonna hurt me after this	Yes
angry_20-160_cloned	/generate_cloned_audio/qwen3_tts/violence/cloned audio/angry_20-160_cloned.wav	Fucking coming at me!	Yes
angry_20-161_cloned	/generate_cloned_audio/qwen3_tts/violence/cloned audio/angry_20-161_cloned.wav	and take fucking pictures! You are in the public ha- you're in a public place! It doesn't fucking matter! It's against the law to take our picture without our fucking- No it's not! Don't fucking touch me, man! Fucking swear to God!	Yes
angry_20-162_cloned	/generate_cloned_audio/qwen3_tts/violence/cloned audio/angry_20-162_cloned.wav	Fuck off!	Yes
angry_20-164_cloned	/generate_cloned_audio/qwen3_tts/violence/cloned audio/angry_20-164_cloned.wav	Fuck!	Yes
angry_20-169_cloned	/generate_cloned_audio/qwen3_tts/violence/cloned audio/angry_20-169_cloned.wav	Get out of here, come on. We're going to that, please. She's got niggas, yo! Get out of here. She's got niggas, yo! She's got niggas, yo! Yo, why you got no, why you got type of old shirts? That's it. Yo, peace.	Yes
angry_20-172_cloned	/generate_cloned_audio/qwen3_tts/violence/cloned audio/angry_20-172_cloned.wav	Oh, wow, you wildin'! Wow! Hey, you gotta pay for that! Yo, he just robbed it, yo, please! Hey, yo! Yo, that nigga just robbed Al Quizi, yo!	Yes
angry_20-202_cloned	/generate_cloned_audio/qwen3_tts/violence/cloned audio/angry_20-202_cloned.wav	Fucking Allah, Allah, you fucking Muslim. Yeah, you got problems lady.	Yes
angry_20-203_cloned	/generate_cloned_audio/qwen3_tts/violence/cloned audio/angry_20-203_cloned.wav	Oh yeah, you got serious problems.	Yes
angry_20-204_cloned	/generate_cloned_audio/qwen3_tts/violence/cloned audio/angry_20-204_cloned.wav	You got serious problems, lady.	Yes
angry_20-205_cloned	/generate_cloned_audio/qwen3_tts/violence/cloned audio/angry_20-205_cloned.wav	Fucking olive! Get outta here! Get outta here, bitch!	Yes
angry_20-206_cloned	/generate_cloned_audio/qwen3_tts/violence/cloned audio/angry_20-206_cloned.wav	Get the fuck out! You're the one outside! I don't hear what you say!	Yes
angry_20-207_cloned	/generate_cloned_audio/qwen3_tts/violence/cloned audio/angry_20-207_cloned.wav	I'm telling you I hate you! Good, awesome, awesome, get out of here! You kidding me right now? Oh, totally!	Yes
angry_20-21_cloned	/generate_cloned_audio/qwen3_tts/violence/cloned audio/angry_20-21_cloned.wav	We've been living here for 30 years and I've never had a... Okay so no one said anything to you. You're the only idiot that comes...	Yes
angry_20-23_cloned	/generate_cloned_audio/qwen3_tts/violence/cloned audio/angry_20-23_cloned.wav	What kind of balls do you shoot? Me? I don't know. I got this in my pocket.	Yes
angry_20-26_cloned	/generate_cloned_audio/qwen3_tts/violence/cloned audio/angry_20-26_cloned.wav	Maybe. Maybe, I was sitting on my back porch on the screen and that thing comes flying through me through the ball of it. Something came through like that. I don't remember what ball, it might be mine.	Yes
angry_20-27_cloned	/generate_cloned_audio/qwen3_tts/violence/cloned audio/angry_20-27_cloned.wav	Well, if you can't shoot straight, you ain't got no been a shooting on this golf course, because it went through my screen. That's part of golf.	Yes
angry_20-36_cloned	/generate_cloned_audio/qwen3_tts/violence/cloned audio/angry_20-36_cloned.wav	I don't remember my ball in it. I'm going to let go of course. And I'm going to get you a life attack when you leave.	Yes
angry_20-44_cloned	/generate_cloned_audio/qwen3_tts/violence/cloned audio/angry_20-44_cloned.wav	I'm sorry, I'm sorry my ball went to the left. Well if you shoot you should be able to shoot straight. I wish I could. Look, don't be shooting on the damn golf course.	Yes
angry_20-48_cloned	/generate_cloned_audio/qwen3_tts/violence/cloned audio/angry_20-48_cloned.wav	fast, the ball takes off. Where it goes past that. No, no, no, I'm gonna watch it when you leave. I'm gonna follow you. I'm telling you, I didn't drive. If you follow me, I will call the police.	Yes
angry_20-49_cloned	/generate_cloned_audio/qwen3_tts/violence/cloned audio/angry_20-49_cloned.wav	I don't give a damn who you call, I got the balls where you pull my strings. What's going on YouTube? And I guarantee you that the balls won't come up to me. I had the shot of my career.	Yes
angry_20-5_cloned	/generate_cloned_audio/qwen3_tts/violence/cloned audio/angry_20-5_cloned.wav	You're the one who asked me about this. I don't like your wife coming and attacking my son and swearing up a storm like that. I'm like, talking like I don't care.	Yes
angry_20-58_cloned	/generate_cloned_audio/qwen3_tts/violence/cloned audio/angry_20-58_cloned.wav	You have a dog that goes in the water and gets eaten by a shark. I thought you were good, man. I shanked it.	Yes
angry_20-66_cloned	/generate_cloned_audio/qwen3_tts/violence/cloned audio/angry_20-66_cloned.wav	I mean it couldn't have went through the whole goddamn screen, motherfucking thing, right? It went through the screen and it's about...	Yes
angry_20-71_cloned	/generate_cloned_audio/qwen3_tts/violence/cloned audio/angry_20-71_cloned.wav	Hey, hey, hey, hey! Follow me. Mama! If you follow, I'll give you a little proof. Hey! What proof do you have? Hey! Hey, hey, hey, hey, hey, hey, hey! Relax. You're following me. Mama! If you, if you follow me... Hey! What, what proof do you have? Hey! My fingerprint's out. Hey, hey, hey, hey, hey, hey, hey, hey, hey! Relax!	Yes
angry_20-73_cloned	/generate_cloned_audio/qwen3_tts/violence/cloned audio/angry_20-73_cloned.wav	I'm gonna tell you something. I don't know if it's my fault. It's my business because you're stopping me right now on the fucking course. That's why it's my fucking business, guy. Fucking guy.	Yes
angry_20-86_cloned	/generate_cloned_audio/qwen3_tts/violence/cloned audio/angry_20-86_cloned.wav	No, no step away from my shit. How about that?	Yes
angry_20-87_cloned	/generate_cloned_audio/qwen3_tts/violence/cloned audio/angry_20-87_cloned.wav	what I will and then I'm going to take that camera and put it in the grass or even like that.	Yes
angry_20-88_cloned	/generate_cloned_audio/qwen3_tts/violence/cloned audio/angry_20-88_cloned.wav	Step back.	Yes
angry_20-89_cloned	/generate_cloned_audio/qwen3_tts/violence/cloned audio/angry_20-89_cloned.wav	Stop it.	Yes
angry_20-91_cloned	/generate_cloned_audio/qwen3_tts/violence/cloned audio/angry_20-91_cloned.wav	Come on, get your pants on, please step out. Come on, come on. Get your pants on. Get your pants on.	Yes
angry_21-16_cloned	/generate_cloned_audio/qwen3_tts/violence/cloned audio/angry_21-16_cloned.wav	and from work all the time, and all the metronome to my parents house in Garrison. But you claim that I, oh, I touched you, oh I'm sorry, now I need to be done.	Yes
angry_21-17_cloned	/generate_cloned_audio/qwen3_tts/violence/cloned audio/angry_21-17_cloned.wav	Alright, please pick me up. I do not I want my money back providing this train. Don't put your hands on me Actually, I would prefer to have my money back	Yes
angry_21-18_cloned	/generate_cloned_audio/qwen3_tts/violence/cloned audio/angry_21-18_cloned.wav	Get the Metro North and buy money. Don't touch me. That's number one. I don't need to touch you. Get away from me. Get away from me. I was on my way walking away from you.	Yes
angry_21-25_cloned	/generate_cloned_audio/qwen3_tts/violence/cloned audio/angry_21-25_cloned.wav	Hey, you're good, dude. Damn, your pupils is big as fuck. Bro, you're good. I did drugs. You did drugs? What kind of drugs did you do? LSD and ecstasy. I told you!	Yes
angry_21-26_cloned	/generate_cloned_audio/qwen3_tts/violence/cloned audio/angry_21-26_cloned.wav	It was on acid, god damn it. Dude, it's okay. You're gonna be fine, bro. Hold on, fool. You're gonna be fine. Oh! Oh! I can't.	Yes
angry_21-27_cloned	/generate_cloned_audio/qwen3_tts/violence/cloned audio/angry_21-27_cloned.wav	What is going on? Yo, so this guy is hella freaking out and he's on drugs and he needs help. You're wasting memory on your phone. I'm not wasting memory.	Yes
angry_21-30_cloned	/generate_cloned_audio/qwen3_tts/violence/cloned audio/angry_21-30_cloned.wav	I'm really just not feeling this one. I'm about to die. You guys, I'm freaking out. Dude, you're good, bro. I'm freaking out. I think I'm...	Yes
angry_21-31_cloned	/generate_cloned_audio/qwen3_tts/violence/cloned audio/angry_21-31_cloned.wav	You're not going to die, I promise. I don't know where I am. You're not going to die. I promise, I have no idea.	Yes
angry_21-32_cloned	/generate_cloned_audio/qwen3_tts/violence/cloned audio/angry_21-32_cloned.wav	where I am. You're at the water park, waiting wild. Fuck. Are you alright man? Fuck, no, I'm not. I just almost died.	Yes
angry_21-33_cloned	/generate_cloned_audio/qwen3_tts/violence/cloned audio/angry_21-33_cloned.wav	You're not gonna die, dude, I promise. Yeah, no, I'm freaking out. Why are you freaking out? I don't know, no, I need to go to a hospital. You need to go to a hospital. Mom, someone, help me, help me, help me!	Yes
angry_21-34_cloned	/generate_cloned_audio/qwen3_tts/violence/cloned audio/angry_21-34_cloned.wav	Help me, help me, help me, I'm freaking out! How about the water park, White and Wild? I'll have something to eat at White and Wild, yeah.	Yes
noviolence_01-1_cloned	/generate_cloned_audio/qwen3_tts/violence/cloned audio/noviolence_01-1_cloned.wav	Hey guys, Rafe here from Evolvmue Play. Today I'm here with the Sturrets, Juliette and Kelly. These guys are some of my best friends in the movement world. Way back when...	No
noviolence_01-10_cloned	/generate_cloned_audio/qwen3_tts/violence/cloned audio/noviolence_01-10_cloned.wav	that for years. You've worked with Karl Powley with the gymnastics stuff, you've done some parkour and	No
noviolence_01-100_cloned	/generate_cloned_audio/qwen3_tts/violence/cloned audio/noviolence_01-100_cloned.wav	seeing and so you know and it's all compounded it's the food it's the sedentary and we've seen this in the Marines the you know the wheat because we get to see so many broad communities	No
noviolence_01-101_cloned	/generate_cloned_audio/qwen3_tts/violence/cloned audio/noviolence_01-101_cloned.wav	and so many disparate communities. Everyone's talking about the same thing. The young Marines who come in now, they're like, they're not off the farm, they cannot work, they have terrible mechanics, their feet are already collapsed.	No
noviolence_01-102_cloned	/generate_cloned_audio/qwen3_tts/violence/cloned audio/noviolence_01-102_cloned.wav	And then we're like, okay, let's do the things that we know we need to do to be soldiers and it's a disaster Well, and you think I mean we've worked with a bunch of professional athletes like Seahawks level athletes who	No
noviolence_01-103_cloned	/generate_cloned_audio/qwen3_tts/violence/cloned audio/noviolence_01-103_cloned.wav	go to their two-a-day practices and sit for every other. I mean, these are professional athletes. They're in the film room all day long. They're flying all day long. And it's not just...	No
noviolence_01-104_cloned	/generate_cloned_audio/qwen3_tts/violence/cloned audio/noviolence_01-104_cloned.wav	in that environment though because that's what they were doing in high school, right? They were specialized middle school. It's over and over again. So we're essentially taking...	No
noviolence_01-105_cloned	/generate_cloned_audio/qwen3_tts/violence/cloned audio/noviolence_01-105_cloned.wav	making human children and saying just don't behave like a human. Well, let's not say human children. Let's say we're finally having a philosophical debate about what it means to be human.	No
noviolence_01-106_cloned	/generate_cloned_audio/qwen3_tts/violence/cloned audio/noviolence_01-106_cloned.wav	What it means is, do you understand what a good spinal position is? You know, some physios have come at us lately from Australia and New Zealand, and they're like, hey look.	No
noviolence_01-107_cloned	/generate_cloned_audio/qwen3_tts/violence/cloned audio/noviolence_01-107_cloned.wav	There is no correlation between postural dysfunction and pain. And I was like, hey, who's talking about pain here? What I can tell you is that your airway is compromised.	No
noviolence_01-108_cloned	/generate_cloned_audio/qwen3_tts/violence/cloned audio/noviolence_01-108_cloned.wav	You can't put your shoulders over your head. Yeah, it may or may not cause pain, but that is the least of the conversation May or may not cause pain today, but what are we talking about? It may or may not. 30 years. It may or may not.	No
noviolence_01-109_cloned	/generate_cloned_audio/qwen3_tts/violence/cloned audio/noviolence_01-109_cloned.wav	not cause pain under the metrics that we're looking at in that sample size. But ask yourself, how does it feel, right? Or how functional is it?	No
noviolence_01-11_cloned	/generate_cloned_audio/qwen3_tts/violence/cloned audio/noviolence_01-11_cloned.wav	That's wonderful to me to see people who have that kind of broad spectrum movement. I'm curious, at this stage in your careers and your lives, what your movement practice looks like right now. Oh, it's simple.	No
noviolence_01-110_cloned	/generate_cloned_audio/qwen3_tts/violence/cloned audio/noviolence_01-110_cloned.wav	Show me your backflip. Show me your arms are over the head. So what I think is happening is we're starting to all agree on a language of the spine and a language of the shoulder.	No
noviolence_01-111_cloned	/generate_cloned_audio/qwen3_tts/violence/cloned audio/noviolence_01-111_cloned.wav	And we're saying if these are the things that we should be able to should be able to hit Panjsh build a squash build a somersault	No
noviolence_01-112_cloned	/generate_cloned_audio/qwen3_tts/violence/cloned audio/noviolence_01-112_cloned.wav	Why can't you do a handstand yet? You know what I mean? There's some fundamental pieces that make us human.	No
noviolence_01-113_cloned	/generate_cloned_audio/qwen3_tts/violence/cloned audio/noviolence_01-113_cloned.wav	And I think what's happening now is we can start to have a greater conversation about saying, what is it about the environment that isn't reflected in the physiology and more important	No
noviolence_01-114_cloned	/generate_cloned_audio/qwen3_tts/violence/cloned audio/noviolence_01-114_cloned.wav	the movement because that's the thing that we are movement animals. Yeah absolutely. What we saw at our kids school because we volunteer at field day every year because it's super fun is we like to do	No
noviolence_01-115_cloned	/generate_cloned_audio/qwen3_tts/violence/cloned audio/noviolence_01-115_cloned.wav	the sack races and we saw a lot of the kids literally lacked the range of motion to get into the sack. They couldn't put their hip up. They couldn't bring their hip to gear to get the sack up. They didn't have hip range of motion. And then...	No
noviolence_01-116_cloned	/generate_cloned_audio/qwen3_tts/violence/cloned audio/noviolence_01-116_cloned.wav	I mean then it was a whole different story when we actually got them to try to jump. I mean a lot of the kids literally didn't have enough hip extension to jump. I mean you know every kid should be able to do a sac race like it's their jump.	No
noviolence_01-117_cloned	/generate_cloned_audio/qwen3_tts/violence/cloned audio/noviolence_01-117_cloned.wav	You know, and we try to throw in little things like do a forward roll and, you know, with the sack on and, you know, maybe only 10% of the kids could actually do a forward roll. You know, a lot of kids would just kind of fall and, you know, squirm around on the ground.	No
noviolence_01-118_cloned	/generate_cloned_audio/qwen3_tts/violence/cloned audio/noviolence_01-118_cloned.wav	And that was what was, you know, because the only thing in their life that could cause that kind of orthopedic dysfunction is sitting too much. So we had this moment where we were like, oh my god, why did I...	No
noviolence_01-119_cloned	/generate_cloned_audio/qwen3_tts/violence/cloned audio/noviolence_01-119_cloned.wav	didn't we realize this earlier? You know, we've been telling everybody you can't sit and we've been talking to professional teams and military and getting all these cool photos from people all over the world have created these makeshift standing desk.	No
noviolence_01-12_cloned	/generate_cloned_audio/qwen3_tts/violence/cloned audio/noviolence_01-12_cloned.wav	The evolutions, you go back to bicep curls, we're doing 21s. Yeah, yeah, yeah. For time. Lots of abs. You know, what's interesting, Juliette and I spent.	No
noviolence_01-120_cloned	/generate_cloned_audio/qwen3_tts/violence/cloned audio/noviolence_01-120_cloned.wav	And then we're just carting our own kids off and they're sitting all day at school. So we were kind of horrified when we realized that. With our 10 year old now, Georgia started to walk more and more like a duck. And she was basically...	No
noviolence_01-121_cloned	/generate_cloned_audio/qwen3_tts/violence/cloned audio/noviolence_01-121_cloned.wav	growing like a weed and starting to solve mechanical problems. She was starting to self organize in a critically difficult way. And this is just going to be an ACL statistic. I guarantee you higher Q angle than my other dog.	No
noviolence_01-122_cloned	/generate_cloned_audio/qwen3_tts/violence/cloned audio/noviolence_01-122_cloned.wav	right? Georgia or Carolina and Juliet, they're almost varus in their like bow-legged like torque pigs that you guys are.	No
noviolence_01-123_cloned	/generate_cloned_audio/qwen3_tts/violence/cloned audio/noviolence_01-123_cloned.wav	And then, George and I have a higher cue angle, right? Yeah. But there she was, twisting. We were taking her to a rolfer. We were trying to move. And it was only until we removed the noxious stem.	No
noviolence_01-124_cloned	/generate_cloned_audio/qwen3_tts/violence/cloned audio/noviolence_01-124_cloned.wav	sitting that we literally have started to see her unwind.	No
noviolence_01-125_cloned	/generate_cloned_audio/qwen3_tts/violence/cloned audio/noviolence_01-125_cloned.wav	but we were going down the path. When we wrote ready to run, we noticed that all of the first graders, kindergartners run beautifully. They run like.	No
noviolence_01-126_cloned	/generate_cloned_audio/qwen3_tts/violence/cloned audio/noviolence_01-126_cloned.wav	They run like human beings, they're supposed to run. It doesn't matter what's on their feet. They pull, they fall. It's like you can't. They don't need to warm up before they can recess. No, sprint. Beginning of first grade, same thing, halfway through first.	No
noviolence_01-127_cloned	/generate_cloned_audio/qwen3_tts/violence/cloned audio/noviolence_01-127_cloned.wav	grade half the cohorts splits and you start to see hill striking you're like whoa whoa whoa this kids went home and asked for a bunch of heel strike for Christmas like what you're seeing is that they have adapted to that	No
noviolence_01-128_cloned	/generate_cloned_audio/qwen3_tts/violence/cloned audio/noviolence_01-128_cloned.wav	that habitus pattern and now we can start to have this conversation. What does it mean to be a human being? Yeah, and then can I make the environment reflective?	No
noviolence_01-129_cloned	/generate_cloned_audio/qwen3_tts/violence/cloned audio/noviolence_01-129_cloned.wav	It's not like technology is not going away You know our kids are gonna be on technology for their whole lives a lot and we limit we limited our house We limit it, but nevertheless. It's gonna be a huge	No
noviolence_01-13_cloned	/generate_cloned_audio/qwen3_tts/violence/cloned audio/noviolence_01-13_cloned.wav	our whole lives.	No
noviolence_01-130_cloned	/generate_cloned_audio/qwen3_tts/violence/cloned audio/noviolence_01-130_cloned.wav	huge part of their lives, even more part of their lives than it is part of ours. So it's this thing of how do we make the environment work with their physiology. And we can't even limit it too much because if you know that they're going to...	No
noviolence_01-131_cloned	/generate_cloned_audio/qwen3_tts/violence/cloned audio/noviolence_01-131_cloned.wav	have to have competency with technology to be successful in this modern world. So we have to teach our kids the same way we teach them to brush, you know, to brush their teeth or eat or this is how we sleep.	No
noviolence_01-132_cloned	/generate_cloned_audio/qwen3_tts/violence/cloned audio/noviolence_01-132_cloned.wav	but this is how we interact. This is what it means to inoculate yourself. And once again, we start taking away movement variability. So...	No
noviolence_01-133_cloned	/generate_cloned_audio/qwen3_tts/violence/cloned audio/noviolence_01-133_cloned.wav	If you're standing on your desk and your desk is this high, go ahead and try to slouch. You can't. And we've automatically protected you. And so I think that's what we want.	No
noviolence_01-134_cloned	/generate_cloned_audio/qwen3_tts/violence/cloned audio/noviolence_01-134_cloned.wav	is if we give people an organizing principle, then suddenly they can apply that to, hey, what environment am I in? What decisions can I make at the moment?	No
noviolence_01-135_cloned	/generate_cloned_audio/qwen3_tts/violence/cloned audio/noviolence_01-135_cloned.wav	try to reflect and respect who I am as a moving animal. Yeah, that's beautiful. One thing I talk about with my clients is this idea of movement hygiene, right? So yeah, you're practicing. You have a prac-	No
noviolence_01-136_cloned	/generate_cloned_audio/qwen3_tts/violence/cloned audio/noviolence_01-136_cloned.wav	that's maybe an hour a day. What's happening those other 23 hours of the day? So you.	No
noviolence_01-137_cloned	/generate_cloned_audio/qwen3_tts/violence/cloned audio/noviolence_01-137_cloned.wav	You can't fix these problems within that spell. Even two hours, even three hours. Because how many hours are you sitting on top of that?	No
noviolence_01-138_cloned	/generate_cloned_audio/qwen3_tts/violence/cloned audio/noviolence_01-138_cloned.wav	and the way that you're sitting and the way that you're driving. You know, one thing, so my bad pattern historically is a lot of kyphosis. So I'm driving in the car with my wife and I'm talking to her and I'm like...	No
noviolence_01-139_cloned	/generate_cloned_audio/qwen3_tts/violence/cloned audio/noviolence_01-139_cloned.wav	this again aren't I? Like if I pay attention. But I can feel it. I can feel like oh that that that when I actually pay attention when I start	No
noviolence_01-14_cloned	/generate_cloned_audio/qwen3_tts/violence/cloned audio/noviolence_01-14_cloned.wav	play as whitewater athletes so you know we were we were mountain bikes we ran we were outdoors and then we backdoored him because you know 15 years ago	No
noviolence_01-140_cloned	/generate_cloned_audio/qwen3_tts/violence/cloned audio/noviolence_01-140_cloned.wav	paying attention to my body's feedback. That's not good. It's lazy. I'm just sitting on these tissues. How about not lazy, but how about deeply patterned? Deeply patterned.	No
noviolence_01-141_cloned	/generate_cloned_audio/qwen3_tts/violence/cloned audio/noviolence_01-141_cloned.wav	The neurobiology is known to us now that these you're wired for movement and that those neural pathways wire together and say hey This is the default. I'm stressed you default	No
noviolence_01-142_cloned	/generate_cloned_audio/qwen3_tts/violence/cloned audio/noviolence_01-142_cloned.wav	to what you know and what you've practiced the most, and why would your physiology or your mechanics be any other way? In fact, we know it is.	No
noviolence_01-143_cloned	/generate_cloned_audio/qwen3_tts/violence/cloned audio/noviolence_01-143_cloned.wav	You know, it's a movement is a physical manifestation of what's happening in the brain. That's all it is. Yeah. Yes, I mean, and you can't tell me that this is in a better shoulder position than this.	No
noviolence_01-144_cloned	/generate_cloned_audio/qwen3_tts/violence/cloned audio/noviolence_01-144_cloned.wav	You may still be world champion in the world, but guess what? Someday, this is the limiting factor. I'll catch up with you. You know what I think, what I've come to believe is even though we own a gym and we of course believe in the world, we're going to be able to do it.	No
noviolence_01-145_cloned	/generate_cloned_audio/qwen3_tts/violence/cloned audio/noviolence_01-145_cloned.wav	in exercising and movement practice that I think I actually value that less now than the concept of moving all day. You know I mean I read recently that the	No
noviolence_01-146_cloned	/generate_cloned_audio/qwen3_tts/violence/cloned audio/noviolence_01-146_cloned.wav	gym memberships in this country literally track perfectly with the increase in obesity, right? So that's not working. Like people going to the gym for an hour a day is not solving the problem.	No
noviolence_01-147_cloned	/generate_cloned_audio/qwen3_tts/violence/cloned audio/noviolence_01-147_cloned.wav	And it's because people have gotten in this mentality that they check the box and do their one hour of cardio a day and some little weight lifting here and there, that they're fine, that they're going to be protected.	No
noviolence_01-148_cloned	/generate_cloned_audio/qwen3_tts/violence/cloned audio/noviolence_01-148_cloned.wav	But really it actually would be better for those people to quit going to the gym and figure out a way to move throughout their day and eat pretty well and they would actually be more healthy than if they did that.	No
noviolence_01-149_cloned	/generate_cloned_audio/qwen3_tts/violence/cloned audio/noviolence_01-149_cloned.wav	exercise. 100%. We are trying to advocate for look you need a few things at home. You can develop a physical practice at home and then you can make decisions. We get up early and wake our kids up early.	No
noviolence_01-15_cloned	/generate_cloned_audio/qwen3_tts/violence/cloned audio/noviolence_01-15_cloned.wav	20 years ago there was very little formal movement training on top of extreme athletics. The thing you did was you spent more time in your domain. You paddled more.	No
noviolence_01-150_cloned	/generate_cloned_audio/qwen3_tts/violence/cloned audio/noviolence_01-150_cloned.wav	so we can walk to school.	No
noviolence_01-151_cloned	/generate_cloned_audio/qwen3_tts/violence/cloned audio/noviolence_01-151_cloned.wav	Right? Like easy. And you know, we got in a bad habit for a couple years at school where we were getting up too late and we were all sleeping in and then we would have to drive our kids to school and then I read...	No
noviolence_01-152_cloned	/generate_cloned_audio/qwen3_tts/violence/cloned audio/noviolence_01-152_cloned.wav	I read that book The Power of Habit and it was especially with walking to school was like a light bulb for me because I Realized that we weren't getting it together to walk to school simply because we were way	No
noviolence_01-153_cloned	/generate_cloned_audio/qwen3_tts/violence/cloned audio/noviolence_01-153_cloned.wav	up 20 minutes too late. Like it was just a 20 minute habit difference and like we just figured it out and we committed to it and now we walk to school every day. That's that's one of the most important.	No
noviolence_01-154_cloned	/generate_cloned_audio/qwen3_tts/violence/cloned audio/noviolence_01-154_cloned.wav	movement hygiene practices to me is walk and especially walking early in the day because you're getting that early morning sunlight That's resetting your circadian rhythm. So one of the things that I've been really working on	No
noviolence_01-155_cloned	/generate_cloned_audio/qwen3_tts/violence/cloned audio/noviolence_01-155_cloned.wav	my own personal practices, when I get up with my kids, we go for a walk before I take them to daycare. And...	No
noviolence_01-156_cloned	/generate_cloned_audio/qwen3_tts/violence/cloned audio/noviolence_01-156_cloned.wav	That's huge. You know what, it was really interesting. Just a couple weeks ago, the kids were sick so our whole schedule got messed up and I was out of it for a week and I've had insomnia problems my whole life.	No
noviolence_01-157_cloned	/generate_cloned_audio/qwen3_tts/violence/cloned audio/noviolence_01-157_cloned.wav	they've been much	No
noviolence_01-158_cloned	/generate_cloned_audio/qwen3_tts/violence/cloned audio/noviolence_01-158_cloned.wav	better and I got to the end of the week and all of a sudden I couldn't fall asleep at night. I wasn't sleepy at night. It's like, huh, I haven't had early morning sun exposure, I haven't had early morning exercise.	No
noviolence_01-159_cloned	/generate_cloned_audio/qwen3_tts/violence/cloned audio/noviolence_01-159_cloned.wav	to reset all those cortisol rhythms. Boom, there it is.	No
noviolence_01-16_cloned	/generate_cloned_audio/qwen3_tts/violence/cloned audio/noviolence_01-16_cloned.wav	That was the limiting factor. One of the things that happened then is that we grew up, went to grad school, had some babies and then also became obsessed with this formal...	No
noviolence_01-160_cloned	/generate_cloned_audio/qwen3_tts/violence/cloned audio/noviolence_01-160_cloned.wav	That.	No
noviolence_01-161_cloned	/generate_cloned_audio/qwen3_tts/violence/cloned audio/noviolence_01-161_cloned.wav	Human beings used to walk all the time. It's, you know, Katie Bowman's a friend of both of ours. We talked a lot about her. She talks about, this is probably the biggest missing movement nutrient.	No
noviolence_01-162_cloned	/generate_cloned_audio/qwen3_tts/violence/cloned audio/noviolence_01-162_cloned.wav	Well, I know dr. New Isles looks the cross pattern motion or it's the fact that you're designed to move and that means a lot You're gonna walk. Yeah, and you should probably walk him something that looks flat or bare	No
noviolence_01-163_cloned	/generate_cloned_audio/qwen3_tts/violence/cloned audio/noviolence_01-163_cloned.wav	foot. Yeah. So what's interesting now as we get into this conversation, well, because people are like, hey, I have two kids and this job and it's dark when I go. I mean, we were working with night.	No
noviolence_01-164_cloned	/generate_cloned_audio/qwen3_tts/violence/cloned audio/noviolence_01-164_cloned.wav	on the fuel band. We've got some fuel bands put some on our kids.	No
noviolence_01-165_cloned	/generate_cloned_audio/qwen3_tts/violence/cloned audio/noviolence_01-165_cloned.wav	And our kids would be like, look how many steps I did. It was raining. And literally their steps dropped in half. Yeah, and like, George was doing like 12,000 steps, rainy day, 4,000. Yeah. God forbid you live in Seattle.	No
noviolence_01-166_cloned	/generate_cloned_audio/qwen3_tts/violence/cloned audio/noviolence_01-166_cloned.wav	where it rains all the time. But what's interesting then is that we're saying, okay, well, hey, this environment does affect. What we see is in the winter in Iowa, the movement options are different.	No
noviolence_01-167_cloned	/generate_cloned_audio/qwen3_tts/violence/cloned audio/noviolence_01-167_cloned.wav	Kids aren't as active necessarily. We don't go outside, we don't expose ourselves to cold. We're not cold, we're not hot. Right? We've homogenized so much, we've stopped being...	No
noviolence_01-168_cloned	/generate_cloned_audio/qwen3_tts/violence/cloned audio/noviolence_01-168_cloned.wav	just being uncomfortable. Well even just recess like our kids' school if it's raining they don't go outside. Which to me is crazy because you know when I was a kid I grew up in a snowy climate. Back in NOM.	No
noviolence_01-169_cloned	/generate_cloned_audio/qwen3_tts/violence/cloned audio/noviolence_01-169_cloned.wav	and not but I mean we all had our snow clothes and I remember going to the little mud room in first grade and putting my snow clothes on to go outside and play at recess and come back in so the fact that my	No
noviolence_01-17_cloned	/generate_cloned_audio/qwen3_tts/violence/cloned audio/noviolence_01-17_cloned.wav	whole lives movement, you know, because we needed to understand. Long before I found CrossFit, I was following Pavel's stuff. I was Olympic lifting, reading Dan John's work.	No
noviolence_01-170_cloned	/generate_cloned_audio/qwen3_tts/violence/cloned audio/noviolence_01-170_cloned.wav	kids don't even go outside to play at recess is just crazy. We walk in the rain. Absolutely. But I don't want to lose this point because the question now is, OK, I have this pure movement.	No
noviolence_01-171_cloned	/generate_cloned_audio/qwen3_tts/violence/cloned audio/noviolence_01-171_cloned.wav	practice outside and getting the sunlight and all I have to do is quit my job, not be with my family, homeschool my kids, grow my own kombucha.	No
noviolence_01-172_cloned	/generate_cloned_audio/qwen3_tts/violence/cloned audio/noviolence_01-172_cloned.wav	So the question is...	No
noviolence_01-173_cloned	/generate_cloned_audio/qwen3_tts/violence/cloned audio/noviolence_01-173_cloned.wav	If we, you know, because we evaluate a lot of the experience of people's program based on how does this scale? How does this scale?	No
noviolence_01-174_cloned	/generate_cloned_audio/qwen3_tts/violence/cloned audio/noviolence_01-174_cloned.wav	impact a working family who doesn't have the flexibility that we have. And so then we need to start saying, well, what are the pieces? Can a night walk after, you know,	No
noviolence_01-175_cloned	/generate_cloned_audio/qwen3_tts/violence/cloned audio/noviolence_01-175_cloned.wav	moving. Where can we slip this into a practice and what are the components of and what I'll tell you about our gym, our gym culture is that we really are saying hey you know we	No
noviolence_01-176_cloned	/generate_cloned_audio/qwen3_tts/violence/cloned audio/noviolence_01-176_cloned.wav	gone away from maybe like tight couples and triplets to boy we better teach walking and crawling and and we've got to really restore the patterning that we're not getting because	No
noviolence_01-177_cloned	/generate_cloned_audio/qwen3_tts/violence/cloned audio/noviolence_01-177_cloned.wav	because that is the thing that's going to make the base for the next piece. But if I could just interrupt, like the reason we love the standing desk is it's just so simple and it's just...	No
noviolence_01-178_cloned	/generate_cloned_audio/qwen3_tts/violence/cloned audio/noviolence_01-178_cloned.wav	such an easy thing that anyone, whether you're a two person working family, you can go to work all day and just be in constant motion. Your kid can be in motion all day at school.	No
noviolence_01-179_cloned	/generate_cloned_audio/qwen3_tts/violence/cloned audio/noviolence_01-179_cloned.wav	one of the simplest most universal solutions and certainly it's not the end-all be-all and we've never said that but it's just so Simple and easy and you know for people who don't have lifestyles	No
noviolence_01-18_cloned	/generate_cloned_audio/qwen3_tts/violence/cloned audio/noviolence_01-18_cloned.wav	I was down south with an Olympic lifting coach. We would be in our club one, like the Globo Gym. Juliet was an attorney, I was in grad school.	No
noviolence_01-180_cloned	/generate_cloned_audio/qwen3_tts/violence/cloned audio/noviolence_01-180_cloned.wav	and the desk has a bar at the bottom that pivots because what you're seeing is, okay, now I'm not sitting, but now I'm static again. We're not designed to be.	No
noviolence_01-181_cloned	/generate_cloned_audio/qwen3_tts/violence/cloned audio/noviolence_01-181_cloned.wav	We're not supposed to be statues. We're supposed to be walking. You're supposed to be walking. And I always tell people, I'm like, have you ever meditated before? And they're like, yes. And I was like, how did you back to after the first two minutes? They're like, oh, it's burning. It's burning. And I was like, no.	No
noviolence_01-182_cloned	/generate_cloned_audio/qwen3_tts/violence/cloned audio/noviolence_01-182_cloned.wav	So when you sat in a good position for 20 minutes, you died. So tell me how your child's gonna sit for eight hours if you can't manage 15 minutes of sitting.	No
noviolence_01-183_cloned	/generate_cloned_audio/qwen3_tts/violence/cloned audio/noviolence_01-183_cloned.wav	in a good position, right? So the idea is you, we want to create movement rich environments. So then we start saying, okay, what is it about the human that makes us human? Let's make the environment	No
noviolence_01-184_cloned	/generate_cloned_audio/qwen3_tts/violence/cloned audio/noviolence_01-184_cloned.wav	So at our school, our desks have a bar that moves, so kids are in constant motion. On to fascia, on the bone, on the muscular system, right? Balancing, they can lean. And guess what, when they're ready to go,	No
noviolence_01-185_cloned	/generate_cloned_audio/qwen3_tts/violence/cloned audio/noviolence_01-185_cloned.wav	to sit down on the floor. Now we've introduced a squat. Now they sit on the floor. Now they work on the floor. Now we have hips from full range of motion. And by the way, all you had to do was take the chairs out.	No
noviolence_01-186_cloned	/generate_cloned_audio/qwen3_tts/violence/cloned audio/noviolence_01-186_cloned.wav	give kids the option of being here or here. That's that block pattern and suddenly we start to see better movement hygiene through the course of the day. We just have to flip our brains about deciding.	No
noviolence_01-187_cloned	/generate_cloned_audio/qwen3_tts/violence/cloned audio/noviolence_01-187_cloned.wav	what is it that makes us human? Yeah. And I'll tell you, we are in a cohort, Julien and I are in our 40s.	No
noviolence_01-188_cloned	/generate_cloned_audio/qwen3_tts/violence/cloned audio/noviolence_01-188_cloned.wav	We work with a lot, we know all our working friends are not nerds like us, right? And they struggle with finding time to train, exercise, still exercise, like SoulCycle is exercise.	No
noviolence_01-189_cloned	/generate_cloned_audio/qwen3_tts/violence/cloned audio/noviolence_01-189_cloned.wav	of them, right? Breathing hard is exercising, not moving. You know, plus maintain a job, be a good husband, be a good dad.	No
noviolence_01-19_cloned	/generate_cloned_audio/qwen3_tts/violence/cloned audio/noviolence_01-19_cloned.wav	And I was doing Turkish get ups with a barbell and people would rush over and be like, you falling, are you okay? And I was like, I'm trying to figure this out. And a lot of it was reading from a book.	No
noviolence_01-190_cloned	/generate_cloned_audio/qwen3_tts/violence/cloned audio/noviolence_01-190_cloned.wav	See, so that's the tricky part because the first thing that goes is the movement practice, which is the thing that makes us human Yeah, that's the thing that supports us. And so that's why when I said hey	No
noviolence_01-191_cloned	/generate_cloned_audio/qwen3_tts/violence/cloned audio/noviolence_01-191_cloned.wav	I think you should have some formal movement training, but that can come in a lot of shapes and sizes The thing that we are talking about now is what is your daily physical practice? What can control did you eat six to eight fists?	No
noviolence_01-192_cloned	/generate_cloned_audio/qwen3_tts/violence/cloned audio/noviolence_01-192_cloned.wav	vegetables? Could you control your sleep hygiene? Did you just mobilize for 10 minutes? Like show me that you're consistent day after day after day even if that means you didn't breathe hard today.	No
noviolence_01-193_cloned	/generate_cloned_audio/qwen3_tts/violence/cloned audio/noviolence_01-193_cloned.wav	you went for a walk around your barefoot with your kids, boom, movement practice, right? That's where we need to start changing the conversation and say, stop being so stinking heroic and be consistent.	No
noviolence_01-194_cloned	/generate_cloned_audio/qwen3_tts/violence/cloned audio/noviolence_01-194_cloned.wav	Even just silly things like it seems so cliche, but all these people are starting to take walking meetings now. That's a huge deal. I mean, if you just got, you know, not even including a standing desk, if you just got people to ...	No
noviolence_01-195_cloned	/generate_cloned_audio/qwen3_tts/violence/cloned audio/noviolence_01-195_cloned.wav	take two or three walking meetings a day, that would already make a huge difference. You know, but. And we want people to recognize that like this thing.	No
noviolence_01-196_cloned	/generate_cloned_audio/qwen3_tts/violence/cloned audio/noviolence_01-196_cloned.wav	It's designed to be ridden hard and put away wet. It can do that. So every once in a while, you should do something crazy.	No
noviolence_01-197_cloned	/generate_cloned_audio/qwen3_tts/violence/cloned audio/noviolence_01-197_cloned.wav	But you have to set a preconditions so that when you do that crazy thing, you know, you don't go through your kneecap. You know? And that's the problem, right? We're like...	No
noviolence_01-198_cloned	/generate_cloned_audio/qwen3_tts/violence/cloned audio/noviolence_01-198_cloned.wav	I'm gonna change everything, I'm gonna do this team and training run. Boy, now I have Conjured Malaysia Patella or I've torn my meniscus. And now what happens? So you're gonna be 110. We better start.	No
noviolence_01-199_cloned	/generate_cloned_audio/qwen3_tts/violence/cloned audio/noviolence_01-199_cloned.wav	putting in the hygiene pieces that make us there. We have to have essentially.	No
noviolence_01-2_cloned	/generate_cloned_audio/qwen3_tts/violence/cloned audio/noviolence_01-2_cloned.wav	I was struggling with a lot of different injuries and I came across Kelly's work mobility wad And that's where I really started fixing a shoulder injury that had been bugging me for years. That's where I really	No
noviolence_01-20_cloned	/generate_cloned_audio/qwen3_tts/violence/cloned audio/noviolence_01-20_cloned.wav	you know, hey, I'm reading this, I'm gonna experiment with myself. We went into, you know, 15 years of real practice that looked very formal because of our time constraints and because...	No
noviolence_01-200_cloned	/generate_cloned_audio/qwen3_tts/violence/cloned audio/noviolence_01-200_cloned.wav	that baseline human movement.	No
noviolence_01-201_cloned	/generate_cloned_audio/qwen3_tts/violence/cloned audio/noviolence_01-201_cloned.wav	in general before we try to do the heroic human movement. One thing that's happened with me in my practice is I didn't know all these things, hadn't been exposed to this, didn't have this great movement education.	No
noviolence_01-202_cloned	/generate_cloned_audio/qwen3_tts/violence/cloned audio/noviolence_01-202_cloned.wav	And I got to the point where despite all the stuff that I knew, it was taking me an hour and a half to warm up to be able to do what I knew that I could do. The big jumps, the swings, the crazy stuff that I could do.	No
noviolence_01-203_cloned	/generate_cloned_audio/qwen3_tts/violence/cloned audio/noviolence_01-203_cloned.wav	That seemed insane. Like, this is total. And anathema too. Yeah, what is this? Where's my ready state? Yeah, exactly. I shouldn't have to warm up to a full range of motion. Yeah. I should be able to instantaneously do what I'm doing.	No
noviolence_01-204_cloned	/generate_cloned_audio/qwen3_tts/violence/cloned audio/noviolence_01-204_cloned.wav	So I started, you know, ground-sitting, squatting, kneeling, cross-legged, straddle, just very, the positions as much as possible.	No
noviolence_01-205_cloned	/generate_cloned_audio/qwen3_tts/violence/cloned audio/noviolence_01-205_cloned.wav	started hanging every day. Just take a movement snack, make sure that shoulder is getting full extension. I think it's a brilliant idea.	No
noviolence_01-206_cloned	/generate_cloned_audio/qwen3_tts/violence/cloned audio/noviolence_01-206_cloned.wav	people go out for a smoke, right? Like, why do people go out for a smoke? Part of it's the, obviously the addiction to nicotine, but it was also an opportunity to get up from your desk. There's also an opportunity to socialize with other people. So you don't, you can throw.	No
noviolence_01-207_cloned	/generate_cloned_audio/qwen3_tts/violence/cloned audio/noviolence_01-207_cloned.wav	away the nicotine and keep the habit of getting up and moving and in fact you can substitute with caffeine we're fine. Yeah I mean when I used to work at my old law firm literally no one would get up out of their	No
noviolence_01-208_cloned	/generate_cloned_audio/qwen3_tts/violence/cloned audio/noviolence_01-208_cloned.wav	desk for 10 continuous hours except for the two smokers we had they got up four or five times a day and at the time I was like oh but now I look back on it and we all just sat there they	No
noviolence_01-209_cloned	/generate_cloned_audio/qwen3_tts/violence/cloned audio/noviolence_01-209_cloned.wav	When I was working at, my first job was at Taco Del Mar slinging burritos and the smokers would take breaks and I was jealous and I was like, well I'm just going to go take a break.	No
noviolence_01-21_cloned	/generate_cloned_audio/qwen3_tts/violence/cloned audio/noviolence_01-21_cloned.wav	there's a whole lot of world there that we were not exposed to. I discovered CrossFit, discovered I knew nothing about gymnastics, I knew nothing about powerlifting, and you know some of my early experiences around parkour were through.	No
noviolence_01-210_cloned	/generate_cloned_audio/qwen3_tts/violence/cloned audio/noviolence_01-210_cloned.wav	I'm just going to run sprints in the courtyard. But people need this. People need to recognize that it's totally an unnatural thing for a human being to sit for a prolonged period.	No
noviolence_01-211_cloned	/generate_cloned_audio/qwen3_tts/violence/cloned audio/noviolence_01-211_cloned.wav	And yet we're still going to have to produce something at work. So how do I make these decisions? Chevron locally shuts the computer system down every hour for five minutes. Beautiful.	No
noviolence_01-212_cloned	/generate_cloned_audio/qwen3_tts/violence/cloned audio/noviolence_01-212_cloned.wav	Just plunk, just lock for five minutes. Everyone's like, ah! And then they stand up, they're like, ah! They're like, well, how you doing, Ted? What's going on, Bob? Hey, Mary, how are you? They walk around. Yeah, but apparently it's been great for their culture. Like, people actually talk to each other.	No
noviolence_01-213_cloned	/generate_cloned_audio/qwen3_tts/violence/cloned audio/noviolence_01-213_cloned.wav	other and collaborate. And when we were at BBDO, what was the, I can't remember the little acronym they used, but they switched to a totally open plan office and they basically.	No
noviolence_01-214_cloned	/generate_cloned_audio/qwen3_tts/violence/cloned audio/noviolence_01-214_cloned.wav	kind of made this rule for their employees that that if you can go talk to someone instead of sending them an email like that's what we expect you to do and because it's open plan they all have	No
noviolence_01-215_cloned	/generate_cloned_audio/qwen3_tts/violence/cloned audio/noviolence_01-215_cloned.wav	these little red light green lights on their computer. So if you turn your red light on, it means, hey, I'm trying to get something done here. Don't just interrupt me and talk to me. But otherwise, green light on, the idea is don't send in.	No
noviolence_01-216_cloned	/generate_cloned_audio/qwen3_tts/violence/cloned audio/noviolence_01-216_cloned.wav	emails, get up and go talk to someone. That's awesome. And you know that's unusual but cool. We, you know, I think it's amazing. I know you guys because of the internet. I, I've been traveling all over the world teaching because...	No
noviolence_01-217_cloned	/generate_cloned_audio/qwen3_tts/violence/cloned audio/noviolence_01-217_cloned.wav	because of the internet. It's a powerful tool. But.	No
noviolence_01-218_cloned	/generate_cloned_audio/qwen3_tts/violence/cloned audio/noviolence_01-218_cloned.wav	60% of communication is nonverbal. Within verbal communication we have tone, we have phrasing, we have all these things that are all getting lost when we are interfacing.	No
noviolence_01-219_cloned	/generate_cloned_audio/qwen3_tts/violence/cloned audio/noviolence_01-219_cloned.wav	just with text. And we're moving more and more to this interface just with text. And just like movement is a nourishment, right? Socialization is a nourishment.	No
noviolence_01-22_cloned	/generate_cloned_audio/qwen3_tts/violence/cloned audio/noviolence_01-22_cloned.wav	through CrossFit. And then what's happened as we've sort of mined and come to really have a good understanding as beginners, like now we're like competent beginners in these.	No
noviolence_01-220_cloned	/generate_cloned_audio/qwen3_tts/violence/cloned audio/noviolence_01-220_cloned.wav	Talk about a Gestaltist life. What does it mean to be human? How do we interact?	No
noviolence_01-221_cloned	/generate_cloned_audio/qwen3_tts/violence/cloned audio/noviolence_01-221_cloned.wav	I mean, you really are nailing it. What we can start to say is, what are the core principles or values?	No
noviolence_01-222_cloned	/generate_cloned_audio/qwen3_tts/violence/cloned audio/noviolence_01-222_cloned.wav	Why aren't you eating food just food like we went through a phase a couple years ago. We're like we're busy Let's grab a bar. We'll have a bar. Oh, like here's a food bar. It's a paleo And what it was it was	No
noviolence_01-223_cloned	/generate_cloned_audio/qwen3_tts/violence/cloned audio/noviolence_01-223_cloned.wav	it was food. It was a food like block of substances that kept us nourished and it was devoid of food and we literally were like we can't ever eat another bar ever again so we just stopped by	No
noviolence_01-224_cloned	/generate_cloned_audio/qwen3_tts/violence/cloned audio/noviolence_01-224_cloned.wav	bars and lo and behold I was like boy I better eat some eggs for breakfast yeah and that's the kind of thing you have to be aware of what does it mean to be human.	No
noviolence_02-424_cloned	/generate_cloned_audio/qwen3_tts/violence/cloned audio/noviolence_02-424_cloned.wav	draw the line but millions of years, certainly tens of millions of years, mammals 120 million years.	No
noviolence_02-836_cloned	/generate_cloned_audio/qwen3_tts/violence/cloned audio/noviolence_02-836_cloned.wav	If you put the emphasis on art and creativity...	No
noviolence_02-575_cloned	/generate_cloned_audio/qwen3_tts/violence/cloned audio/noviolence_02-575_cloned.wav	if you're carrying yolks, if you're doing all these things.	No
angry_34-2_cloned	/generate_cloned_audio/qwen3_tts/violence/cloned audio/angry_34-2_cloned.wav	You're not talking to some of your girlfriends, okay? Oh, but someone will talk to you because I'm going to report you. Okay, she's going to deal with you, okay?	Yes
angry_30-22_cloned	/generate_cloned_audio/qwen3_tts/violence/cloned audio/angry_30-22_cloned.wav	That's terrible. The last time- I gotta go over it, but I gotta worry every day if my daughter is gonna make it on the damn bus! The last time, she was in a hallway sleep. They just skipped-	Yes
noviolence_02-313_cloned	/generate_cloned_audio/qwen3_tts/violence/cloned audio/noviolence_02-313_cloned.wav	And the flip side of this long body orientation is what I call the short body orientation. And you can see this all around. So we practice short body orientation.	No
noviolence_02-711_cloned	/generate_cloned_audio/qwen3_tts/violence/cloned audio/noviolence_02-711_cloned.wav	the ability to traverse.	No
noviolence_02-513_cloned	/generate_cloned_audio/qwen3_tts/violence/cloned audio/noviolence_02-513_cloned.wav	broader sort of.	No
noviolence_02-473_cloned	/generate_cloned_audio/qwen3_tts/violence/cloned audio/noviolence_02-473_cloned.wav	exercise for back pain and I think it's a sensory thing I think that's why exercise works is because you develop more sensation in your torso.	No
noviolence_04-139_cloned	/generate_cloned_audio/qwen3_tts/violence/cloned audio/noviolence_04-139_cloned.wav	the paradigm of violence because it's so fast in taking us to our envelope. It's such a powerful thing. So I wanted you to get into kind of your thoughts on.	No
noviolence_02-187_cloned	/generate_cloned_audio/qwen3_tts/violence/cloned audio/noviolence_02-187_cloned.wav	So I wanted to kind of bring that idea back around to you and say	No
noviolence_04-106_cloned	/generate_cloned_audio/qwen3_tts/violence/cloned audio/noviolence_04-106_cloned.wav	your game up. Good people. That's one of the... And we were talking about this before.	No
noviolence_02-109_cloned	/generate_cloned_audio/qwen3_tts/violence/cloned audio/noviolence_02-109_cloned.wav	I thought people see my video.	No
noviolence_02-478_cloned	/generate_cloned_audio/qwen3_tts/violence/cloned audio/noviolence_02-478_cloned.wav	local to the tissues, that's about how it's interpreted. And a lot of issues.	No
noviolence_04-136_cloned	/generate_cloned_audio/qwen3_tts/violence/cloned audio/noviolence_04-136_cloned.wav	This desire to go to a world where we're comfortable all the time, where we're coddled all the time.	No
noviolence_02-551_cloned	/generate_cloned_audio/qwen3_tts/violence/cloned audio/noviolence_02-551_cloned.wav	the value of what was being lost. This is where Richard Lou's work.	No
noviolence_01-241_cloned	/generate_cloned_audio/qwen3_tts/violence/cloned audio/noviolence_01-241_cloned.wav	the fact that these 16, 17 year olds were covering 8 and 10 miles, 8 hours in the mountains. He's like, because they had to. And I think what we've lost is the fact that we are such	No
noviolence_02-81_cloned	/generate_cloned_audio/qwen3_tts/violence/cloned audio/noviolence_02-81_cloned.wav	think about movement.	No
noviolence_02-360_cloned	/generate_cloned_audio/qwen3_tts/violence/cloned audio/noviolence_02-360_cloned.wav	What's interesting is they seem to have not.	No
noviolence_02-349_cloned	/generate_cloned_audio/qwen3_tts/violence/cloned audio/noviolence_02-349_cloned.wav	It's been a powerful thing.	No
noviolence_02-14_cloned	/generate_cloned_audio/qwen3_tts/violence/cloned audio/noviolence_02-14_cloned.wav	And it was amazing because over those eight years...	No
noviolence_02-293_cloned	/generate_cloned_audio/qwen3_tts/violence/cloned audio/noviolence_02-293_cloned.wav	is starting to look.	No
noviolence_02-500_cloned	/generate_cloned_audio/qwen3_tts/violence/cloned audio/noviolence_02-500_cloned.wav	What question I thought about? What was it like?	No
noviolence_02-453_cloned	/generate_cloned_audio/qwen3_tts/violence/cloned audio/noviolence_02-453_cloned.wav	modern world they suffer what you might call a sensation deficit they're not getting that sensation anymore	No
angry_22-1_cloned	/generate_cloned_audio/qwen3_tts/violence/cloned audio/angry_22-1_cloned.wav	I told you you ain't getting shit! I want my shirt! What the fuck did I tell you about you? Did I put your job? No! The same.	Yes
angry_22-2_cloned	/generate_cloned_audio/qwen3_tts/violence/cloned audio/angry_22-2_cloned.wav	Get this bitch cause you already know! You already know! Give me my fucking shot! Get this bitch out of here! Get this bitch out of here! I'm not leaving until I get my goddamn shit! Get away from this shit! What the?	Yes
angry_22-3_cloned	/generate_cloned_audio/qwen3_tts/violence/cloned audio/angry_22-3_cloned.wav	Look, look, look, I got you! What's good? Call corporate, I'll give you a return. Well, that's fine, I just want my return. And you ain't getting shit like the fuck I just-	Yes
angry_22-4_cloned	/generate_cloned_audio/qwen3_tts/violence/cloned audio/angry_22-4_cloned.wav	I want my money back. I'm not doing anything. You have to give me my money back. Yes you do. I'm returning it.	Yes
angry_22-5_cloned	/generate_cloned_audio/qwen3_tts/violence/cloned audio/angry_22-5_cloned.wav	Get out of my way! Where's your sign? You work at a little video company! Tara stop! That's okay! I'll send this to corporate. I've been recording the whole time.	Yes
angry_22-6_cloned	/generate_cloned_audio/qwen3_tts/violence/cloned audio/angry_22-6_cloned.wav	I'll send this to the corporate. Every time I try to do something, you're a badass eating anyway. Girl, get out. Get out. Can you grab my shirt, please? They won't tell it to me.	Yes
angry_22-7_cloned	/generate_cloned_audio/qwen3_tts/violence/cloned audio/angry_22-7_cloned.wav	That's okay, we'll come back later. Hi, that stupid ass. What? Don't mess with her! What did you say? Don't mess with her!	Yes
angry_22-8_cloned	/generate_cloned_audio/qwen3_tts/violence/cloned audio/angry_22-8_cloned.wav	I'm not talking to you! Come back to sleep! Bitch I will knock you clean the fucking	Yes
angry_23-1_cloned	/generate_cloned_audio/qwen3_tts/violence/cloned audio/angry_23-1_cloned.wav	What's your car? I'm going to drive my car. I'm going to be riding them up here. Danny, this bitch get sucked. I don't play on me. I'm going to say my sister took my car.	Yes
angry_23-2_cloned	/generate_cloned_audio/qwen3_tts/violence/cloned audio/angry_23-2_cloned.wav	You hit me in my mouth and I bet you could shut this bitch down. What you gonna tell? My mama got them dogs behind the bitch and my mama a big way bitch you could shut this bitch down.	Yes
angry_23-3_cloned	/generate_cloned_audio/qwen3_tts/violence/cloned audio/angry_23-3_cloned.wav	Show him in my mouth. Do it. I will. Let me call my baby daddy. Then y'all ran my baby over the basket.	Yes
angry_23-5_cloned	/generate_cloned_audio/qwen3_tts/violence/cloned audio/angry_23-5_cloned.wav	I tried to get in my purse and everything and he still won't let me out the door. He don't keep calling the law for everything. I tried to show him my bag and everything.	Yes
angry_23-7_cloned	/generate_cloned_audio/qwen3_tts/violence/cloned audio/angry_23-7_cloned.wav	Bitch you pushin' No, fuck, take them niggas for a full hour Alright, go now No, they for a full hour	Yes
angry_23-8_cloned	/generate_cloned_audio/qwen3_tts/violence/cloned audio/angry_23-8_cloned.wav	Bitch ass nigga! Yeah, yeah, yeah, yeah! Stope ass bitch! Oh my! Bitch you better not run up on her bitch I'ma tie you up! Bitch I'ma tie you up! Bitch hell!	Yes
angry_23-9_cloned	/generate_cloned_audio/qwen3_tts/violence/cloned audio/angry_23-9_cloned.wav	Please my baby, please come back. Please my baby. Please. Please. Please. Let me out. Let me out. OK. Let me out. It was being. I mean. Let me out. It was being.	Yes
angry_24-1_cloned	/generate_cloned_audio/qwen3_tts/violence/cloned audio/angry_24-1_cloned.wav	Give me my fucking money back! Give me my fucking money back! Give me my fucking money back! Give me my fucking money back! I'm gonna order the large!	Yes
angry_24-2_cloned	/generate_cloned_audio/qwen3_tts/violence/cloned audio/angry_24-2_cloned.wav	I ordered a fucking large drink! She said I can't have a large drink! Give me my fucking large drink! Give me the spade. No! Where's the spade? I spit on you!	Yes
angry_24-3_cloned	/generate_cloned_audio/qwen3_tts/violence/cloned audio/angry_24-3_cloned.wav	I'm gonna spit on you! Alright, now that I spit on you, you a liar! Give me my fucking money back! Ain't no spit right there, it ain't my spit! It ain't my spit!	Yes
angry_24-4_cloned	/generate_cloned_audio/qwen3_tts/violence/cloned audio/angry_24-4_cloned.wav	Give me my fucking money back or give me my fucking large drink! What kind of large drink was it? Give me a fucking Sprite! I ordered this shit on the paper! Give me my fucking large drink!	Yes
angry_24-5_cloned	/generate_cloned_audio/qwen3_tts/violence/cloned audio/angry_24-5_cloned.wav	It ain't no speech! No! I need orders more! I need orders more! Alright, relax alright? I'm gonna help you out alright? You got a small piece? Right.	Yes
angry_24-6_cloned	/generate_cloned_audio/qwen3_tts/violence/cloned audio/angry_24-6_cloned.wav	I mean, order a small. Everything else here, small too. We might order a small drink. Exactly, I didn't spit, somebody else spit. I didn't do anything, what does it mean?	Yes
angry_24-8_cloned	/generate_cloned_audio/qwen3_tts/violence/cloned audio/angry_24-8_cloned.wav	You spent getting there? I didn't spend my day there. But that's not a problem though. Y'all be fucking fuck up my food when I come here and eat. That's not a problem. Y'all fuck up my food. That's not a problem.	Yes
angry_26-1_cloned	/generate_cloned_audio/qwen3_tts/violence/cloned audio/angry_26-1_cloned.wav	Don't swear. I don't need to do anything. I was just asking you. I don't need to do anything. What do I need to do? I don't need to do anything.	Yes
angry_26-10_cloned	/generate_cloned_audio/qwen3_tts/violence/cloned audio/angry_26-10_cloned.wav	I gave it to her. I'm not moving. Somebody better go behind here, give me my money, give my order, and that's gonna be that.	Yes
angry_26-11_cloned	/generate_cloned_audio/qwen3_tts/violence/cloned audio/angry_26-11_cloned.wav	Missy, you need me to go to jail, crap you in your head early in the morning and stuff to lose for fucking though with my money I need. You touched me, I'll go and grab you with my stuff. Move, move!	Yes
angry_26-12_cloned	/generate_cloned_audio/qwen3_tts/violence/cloned audio/angry_26-12_cloned.wav	Hello you bitch! Hello you! I will crack you upside your head! Yo yo yo yo yo yo! Come out! Come out! I'll crack your head!	Yes
angry_26-13_cloned	/generate_cloned_audio/qwen3_tts/violence/cloned audio/angry_26-13_cloned.wav	You bitch, you fucking play around. You made it all for me, man. Go home, go home. Come on, come on, come on, calm down. Calm down.	Yes
angry_26-14_cloned	/generate_cloned_audio/qwen3_tts/violence/cloned audio/angry_26-14_cloned.wav	You don't throw my fucking money at me. You don't fucking throw my money at me. Call the cops, call whoever you need to call.	Yes
angry_26-15_cloned	/generate_cloned_audio/qwen3_tts/violence/cloned audio/angry_26-15_cloned.wav	I don't think that's what I'm saying. Mr. Don't touch me. You don't have to touch me. I'm very calm. I'm very okay until you disrespect me. You don't throw the money in my face.	Yes
angry_26-16_cloned	/generate_cloned_audio/qwen3_tts/violence/cloned audio/angry_26-16_cloned.wav	I'll pick it up. Sorry, sorry. Hey, hey, I'll pick it up for you. No, you don't pick it up. That's not the principle. Okay, I'll tell you something. The point is, I'm a customer. Right. You don't take my money.	Yes
angry_26-17_cloned	/generate_cloned_audio/qwen3_tts/violence/cloned audio/angry_26-17_cloned.wav	and throw it in my face. I said my order three times. Who are you to throw money in my face and tell me	Yes
angry_26-18_cloned	/generate_cloned_audio/qwen3_tts/violence/cloned audio/angry_26-18_cloned.wav	She had no business throwing it down there. If she didn't know my order, she should have got some.	Yes
angry_26-19_cloned	/generate_cloned_audio/qwen3_tts/violence/cloned audio/angry_26-19_cloned.wav	Nobody that knows it, that's why they'll be here all they life doing minimum wage bad shit. I'm gonna throw you in, I'm gonna throw you in.	Yes
angry_26-2_cloned	/generate_cloned_audio/qwen3_tts/violence/cloned audio/angry_26-2_cloned.wav	What are you gonna do to me? Exactly, exactly, exactly. You will serve me. I will meet somebody in here serving me.	Yes
angry_26-20_cloned	/generate_cloned_audio/qwen3_tts/violence/cloned audio/angry_26-20_cloned.wav	Can you shut up already? You can see what I'm saying? I need to take it out of there, man. Take this off of you. I will deal with her!	Yes
angry_26-21_cloned	/generate_cloned_audio/qwen3_tts/violence/cloned audio/angry_26-21_cloned.wav	I'm sorry. No, don't be sorry bitch! Don't be sorry! Don't be... Who sent you with the name? Who sent you with the name?	Yes
angry_26-22_cloned	/generate_cloned_audio/qwen3_tts/violence/cloned audio/angry_26-22_cloned.wav	I'm telling you, you better stop playing with me! You better stop playing with me!	Yes
angry_26-23_cloned	/generate_cloned_audio/qwen3_tts/violence/cloned audio/angry_26-23_cloned.wav	I'm not going nowhere, bitch, nowhere. I'm not going nowhere. We both gonna go to jail today.	Yes
angry_26-24_cloned	/generate_cloned_audio/qwen3_tts/violence/cloned audio/angry_26-24_cloned.wav	I'm not going nowhere, nowhere at all.	Yes
angry_26-3_cloned	/generate_cloned_audio/qwen3_tts/violence/cloned audio/angry_26-3_cloned.wav	What you think you're going to do? Now tell me to calm down. Now tell me to be quiet. You better get my money, Mr. Honey.	Yes
angry_26-4_cloned	/generate_cloned_audio/qwen3_tts/violence/cloned audio/angry_26-4_cloned.wav	Give my money! Somebody better give my money before I start asking them! Give my money! Put anybody in there! The day they are naked to kill!	Yes
angry_26-5_cloned	/generate_cloned_audio/qwen3_tts/violence/cloned audio/angry_26-5_cloned.wav	The same way I gave it to you. Don't throw nothing at me. What's up with you? I'm sorry. No, don't be sorry. Give me my money in my hands like I gave it to you.	Yes
angry_26-6_cloned	/generate_cloned_audio/qwen3_tts/violence/cloned audio/angry_26-6_cloned.wav	Tell me about your kids and everything, but who do you think you're talking to? I don't want to hear nothing. Give me my money and my head to save for our people so I can...	Yes
angry_26-7_cloned	/generate_cloned_audio/qwen3_tts/violence/cloned audio/angry_26-7_cloned.wav	I'm trying to hate you. Call the police, anybody you need to call. I don't care who it is. Get your manager.	Yes
angry_26-8_cloned	/generate_cloned_audio/qwen3_tts/violence/cloned audio/angry_26-8_cloned.wav	You need to. I don't care who you is, somebody better tell me something. Somebody better tell me something.	Yes
angry_26-9_cloned	/generate_cloned_audio/qwen3_tts/violence/cloned audio/angry_26-9_cloned.wav	Yeah, well, the manager, whoever, I would beat the shit out of your employee if she ever saw anything in my face. I'm not going nowhere. I want her to pick my shit up, give me my money, and say what I want.	Yes
angry_27-1_cloned	/generate_cloned_audio/qwen3_tts/violence/cloned audio/angry_27-1_cloned.wav	I said I was gonna pay! Look, he's got my car! No! I'm protecting my illegal life! Come back and we'll throw you out of the fucking bottle!	Yes
angry_27-2_cloned	/generate_cloned_audio/qwen3_tts/violence/cloned audio/angry_27-2_cloned.wav	Why you coming at me? Everybody coming at you. Is it real, Lecha?	Yes
angry_27-3_cloned	/generate_cloned_audio/qwen3_tts/violence/cloned audio/angry_27-3_cloned.wav	Come on! That's my head! Close that! I'm out! Is that... Yes. That's a new word. Beast! Why you say something, man? Uh-uh. Where you at?	Yes
angry_28-1_cloned	/generate_cloned_audio/qwen3_tts/violence/cloned audio/angry_28-1_cloned.wav	She just ate these potato chips everybody. She just took it away. She just ate these, licked her fingers and put it on food. On our food.	Yes
angry_28-10_cloned	/generate_cloned_audio/qwen3_tts/violence/cloned audio/angry_28-10_cloned.wav	You should have never put your hand in my face. You will go to jail bitch, my wallet.	Yes
angry_28-11_cloned	/generate_cloned_audio/qwen3_tts/violence/cloned audio/angry_28-11_cloned.wav	Hey, you're not allowed to get in this court. Get out. Get out. Get out. You better get out.	Yes
angry_28-12_cloned	/generate_cloned_audio/qwen3_tts/violence/cloned audio/angry_28-12_cloned.wav	get it out get it out get it out oh shit get it out	Yes
angry_28-2_cloned	/generate_cloned_audio/qwen3_tts/violence/cloned audio/angry_28-2_cloned.wav	that y'all are eating, she just ate them, licked her fingers, and you did it. You guys need to make sure that you stick.	Yes
angry_28-3_cloned	/generate_cloned_audio/qwen3_tts/violence/cloned audio/angry_28-3_cloned.wav	I want all y'all to know that you want to go live. We is that McDonald's and this girl over here Took and dug into a cheeto bag lick	Yes
angry_28-4_cloned	/generate_cloned_audio/qwen3_tts/violence/cloned audio/angry_28-4_cloned.wav	fingers and then grab the customers food. Customers food. We don't want that nasty shit. We don't know she been sucking dick, licking pussy. We don't know what.	Yes
angry_28-5_cloned	/generate_cloned_audio/qwen3_tts/violence/cloned audio/angry_28-5_cloned.wav	What the hell she been doing? Blast you bitch! Hey, my name is Sheena. Bitch, she on the phone with her fingers out.	Yes
angry_28-8_cloned	/generate_cloned_audio/qwen3_tts/violence/cloned audio/angry_28-8_cloned.wav	I'm gonna beat you up. Beat you just punch my god damn face. You did too hit me in my face. And it's on camera. I don't care.	Yes
angry_28-9_cloned	/generate_cloned_audio/qwen3_tts/violence/cloned audio/angry_28-9_cloned.wav	I'm going to jail bitch! Fucking hit me bitch! Fucking pussy bitch! That's alright my niggas coming Let's do it	Yes
angry_29-1_cloned	/generate_cloned_audio/qwen3_tts/violence/cloned audio/angry_29-1_cloned.wav	I'm very proud of you, but you're not gonna stand here and holler and you're gonna disrespect me. It's like I'm gonna do something for you. Have I disrespected him? I ain't said nothing wrong, but other than I gave you a fine-	Yes
angry_29-10_cloned	/generate_cloned_audio/qwen3_tts/violence/cloned audio/angry_29-10_cloned.wav	Do not see me get this man a $5 bill, not a dollar. You ain't gonna get shit up out of this door. You see how he talking to me? No, you just gonna tell me all kind of shit to my sister and my boy with two guys. I'm gonna not have wanted nothing. You will.	Yes
angry_29-11_cloned	/generate_cloned_audio/qwen3_tts/violence/cloned audio/angry_29-11_cloned.wav	I don't want nothing you got. With your raggedy bumpy face ass. Get the hell out of my store. These are scars, not bumps. Right, and they're pecan worms. Star in your face. You can't quit me, y'all. You can't do shit, baby. OK.	Yes
angry_29-12_cloned	/generate_cloned_audio/qwen3_tts/violence/cloned audio/angry_29-12_cloned.wav	God. Oh, he's on the line. Hey, you can't put me out. I'll say it right there. You're gonna keep talking to me. You're gonna lose your job, not me. I'm not. You're the first fool right out of the guy I'm doing it with.	Yes
angry_29-13_cloned	/generate_cloned_audio/qwen3_tts/violence/cloned audio/angry_29-13_cloned.wav	No, mama, the hood. More sex intelligent. What to call me anything you want that don't bother me. I know what I am.	Yes
angry_29-14_cloned	/generate_cloned_audio/qwen3_tts/violence/cloned audio/angry_29-14_cloned.wav	Put that in front of that name. That's what you do. We got two degrees. Thank you. Rats on that food rack. Get out of here. How? How? How? How? How? How? How? How? How? How? How? How? How? How? How? How? How? How? How? How? How? How?	Yes
angry_29-15_cloned	/generate_cloned_audio/qwen3_tts/violence/cloned audio/angry_29-15_cloned.wav	You working that family, you need another worker. Exactly what you said you are doing with me. And thank you, my shit paid for it.	Yes
angry_29-16_cloned	/generate_cloned_audio/qwen3_tts/violence/cloned audio/angry_29-16_cloned.wav	You gonna give me my mama? Thank you! Thank you! I ain't the only one wrong in this bitch! I ain't wrong at all! You got the wrong one! I don't give no fuck, pull this ass nigga!	Yes
angry_29-17_cloned	/generate_cloned_audio/qwen3_tts/violence/cloned audio/angry_29-17_cloned.wav	all that hooping and hollering all you want to. Just make sure when the police get here, you tell them, I gave this man a $5 bill to warn him I changed back. I ain't no dumb, dumbass hoe.	Yes
angry_29-18_cloned	/generate_cloned_audio/qwen3_tts/violence/cloned audio/angry_29-18_cloned.wav	I asked you to step aside, let me get to the point. And I failed by my draw. And what I did, when I stepped to the side, he got small with me. You ain't want to do that. You want to do just what you're doing.	Yes
angry_29-19_cloned	/generate_cloned_audio/qwen3_tts/violence/cloned audio/angry_29-19_cloned.wav	Did I? Did I just step to the side with my bag? But what you're doing right now to this escalator is counting your draw.	Yes
angry_29-2_cloned	/generate_cloned_audio/qwen3_tts/violence/cloned audio/angry_29-2_cloned.wav	I'm not gonna pay attention. That's not my problem. Cuz you hadn't been coming up here, I thought all this stuff up here tonight. You don't want this, I don't want that. You are confusing.	Yes
angry_29-23_cloned	/generate_cloned_audio/qwen3_tts/violence/cloned audio/angry_29-23_cloned.wav	You wish I did make $9,000 an hour, sweetie. Thank you for reporting. Please, thank you. You ain't gonna make me sheets.	Yes
angry_29-24_cloned	/generate_cloned_audio/qwen3_tts/violence/cloned audio/angry_29-24_cloned.wav	I'm about to lose all these numbers. I'm about to lose nothing. And that's your way? What's not ever in your way sir? What's not ever wrong? The only thing I got to do is put my receipt down and no more.	Yes
angry_29-25_cloned	/generate_cloned_audio/qwen3_tts/violence/cloned audio/angry_29-25_cloned.wav	I know how much I came in here for you feel you come in the store you come in the store pick you know you're in for the pick you you gotta pick out what you need you feel me so I picked up	Yes
angry_29-26_cloned	/generate_cloned_audio/qwen3_tts/violence/cloned audio/angry_29-26_cloned.wav	that I know how much money I had on me. So why would I sit up there and let you ring all that stuff up and I ain't got enough money? So I said, hold on. That's what he got to attitude.	Yes
angry_29-27_cloned	/generate_cloned_audio/qwen3_tts/violence/cloned audio/angry_29-27_cloned.wav	I told him, hold on, let me wrinkle my points, throw my tissue, what I need to wipe my ass with. My soap, my aflouration, you feel me? Let me get that first, y'all always getting out.	Yes
angry_29-28_cloned	/generate_cloned_audio/qwen3_tts/violence/cloned audio/angry_29-28_cloned.wav	I gotta go to work. You were standing right here and he was standing right here. This man ain't disrespecting this man. Now, what's happening? I gotta go to work.	Yes
angry_29-3_cloned	/generate_cloned_audio/qwen3_tts/violence/cloned audio/angry_29-3_cloned.wav	I'm not messing, I said let me know when I point stuff up here. You can stay right there. If you want to, the police get here. You're the one going to be escorted out the prison. I ain't going to be going nowhere. I'm going to get my money mixed. Damn.	Yes
angry_29-30_cloned	/generate_cloned_audio/qwen3_tts/violence/cloned audio/angry_29-30_cloned.wav	If I owe you somebody after I verify my draw, ma'am, and I get these things out here, I'll be more than happy to get it to you. But I'm not gonna... I told you that, you're a step further away than a star person.	Yes
angry_29-31_cloned	/generate_cloned_audio/qwen3_tts/violence/cloned audio/angry_29-31_cloned.wav	I did not cost you nothing! I got all these little things. I think that's what you did put the firewood on. I gotta go to work, baby. I just need this three little...	Yes
angry_29-33_cloned	/generate_cloned_audio/qwen3_tts/violence/cloned audio/angry_29-33_cloned.wav	Oh God, he already hit you saying y'all been standing right here the whole time. I did not did I just expect this man one time? No	Yes
angry_29-35_cloned	/generate_cloned_audio/qwen3_tts/violence/cloned audio/angry_29-35_cloned.wav	I don't care about you talking about his boo-boo. That's your job. I don't care.	Yes
angry_29-36_cloned	/generate_cloned_audio/qwen3_tts/violence/cloned audio/angry_29-36_cloned.wav	So I had to get in there and bring you a message. Oh wow, what the police are they telling me?	Yes
angry_29-4_cloned	/generate_cloned_audio/qwen3_tts/violence/cloned audio/angry_29-4_cloned.wav	they have to escort me or not. You're gonna give me my money, I ain't give you no down like that. You're bad, I need my blessing. Get out of my cell phone. I ain't going nowhere.	Yes
angry_29-5_cloned	/generate_cloned_audio/qwen3_tts/violence/cloned audio/angry_29-5_cloned.wav	I'm not giving you anything. No, no, no, no. Watch. No, he don't have to give me my money. Here.	Yes
angry_29-6_cloned	/generate_cloned_audio/qwen3_tts/violence/cloned audio/angry_29-6_cloned.wav	I don't get no fuck. You act like you had attitude from the job. Did I disrespect your man?	Yes
angry_29-7_cloned	/generate_cloned_audio/qwen3_tts/violence/cloned audio/angry_29-7_cloned.wav	I got money for what I want. You can't tell me what to pay for. Can I give him a file out of here? Can I give him a file out of here? Thank you very much. I ain't getting no books. You're gonna have to call them, baby.	Yes
angry_29-9_cloned	/generate_cloned_audio/qwen3_tts/violence/cloned audio/angry_29-9_cloned.wav	Please make sure it's recorded. Your sixth ass always got a motherfucking attitude. Bitch, you want what I got so bad. You got the right one. You know, don't you want to give me my file? I'll send you.	Yes
angry_30-10_cloned	/generate_cloned_audio/qwen3_tts/violence/cloned audio/angry_30-10_cloned.wav	Don't ask me to be calm, don't patronize me, don't chastise me. Don't do it! And you're doing it now! So stop!	Yes
angry_30-11_cloned	/generate_cloned_audio/qwen3_tts/violence/cloned audio/angry_30-11_cloned.wav	Cuz it's the third time! I don't care about nobody else's kid out there! And you know what? They need to hear this so they understand what y'all trying to cover up!	Yes
angry_30-12_cloned	/generate_cloned_audio/qwen3_tts/violence/cloned audio/angry_30-12_cloned.wav	That's what you can do. Step in here. The third time that my daughter has been lost. Do you want to talk? Because we can talk. Step in.	Yes
angry_30-13_cloned	/generate_cloned_audio/qwen3_tts/violence/cloned audio/angry_30-13_cloned.wav	This is and but this my third time though understand that as a father This is my third time that I've lost my five year old daughter my baby	Yes
angry_30-14_cloned	/generate_cloned_audio/qwen3_tts/violence/cloned audio/angry_30-14_cloned.wav	This is the third time y'all lost her. And I- My son called me from the bus, crying, wondering where his damn sister is. This is the third time. And it's crazy that-	Yes
angry_30-15_cloned	/generate_cloned_audio/qwen3_tts/violence/cloned audio/angry_30-15_cloned.wav	ain't none of y'all heard about this right this happened and the second time y'all tell me that if we don't come get her by four o'clock y'all ain't responsible for that's what the lady who sits right there said to me	Yes
angry_30-16_cloned	/generate_cloned_audio/qwen3_tts/violence/cloned audio/angry_30-16_cloned.wav	She said that there's a teacher's party at four o'clock and so after four o'clock She's not responsible for my child because she has to go to a teacher's party	Yes
angry_30-17_cloned	/generate_cloned_audio/qwen3_tts/violence/cloned audio/angry_30-17_cloned.wav	He said that he was on the bus just a minute ago. He was screaming and crying and telling the bus driver, don't pull off, I need to get off the bus because I'm not allowed to leave without my sister. That's what we told him.	Yes
angry_30-18_cloned	/generate_cloned_audio/qwen3_tts/violence/cloned audio/angry_30-18_cloned.wav	Don't leave without my sister and whoever was out there directing the bus is told them to pull off anyway And don't let my son off the bus now. He's screaming and crying because he's he know	Yes
angry_30-19_cloned	/generate_cloned_audio/qwen3_tts/violence/cloned audio/angry_30-19_cloned.wav	that he's not supposed to be without his sister because this is the third time that this has happened so for us to watch our own back I want to make sure everybody sees and understands	Yes
angry_30-2_cloned	/generate_cloned_audio/qwen3_tts/violence/cloned audio/angry_30-2_cloned.wav	First time I was calm, I was understanding, because I understood it could happen. The second time, I was mad, but I let it go. The third time, my son called me from the bus, crying.	Yes
angry_30-20_cloned	/generate_cloned_audio/qwen3_tts/violence/cloned audio/angry_30-20_cloned.wav	to watch our own back we told my son stay with my stay with her because obviously don't nobody in this goddamn office care about her or she's not your responsibility	Yes
angry_30-21_cloned	/generate_cloned_audio/qwen3_tts/violence/cloned audio/angry_30-21_cloned.wav	Right, so after that I said don't leave without my daughter So he did what he was supposed to do, but somebody told the bus to go	Yes
angry_30-23_cloned	/generate_cloned_audio/qwen3_tts/violence/cloned audio/angry_30-23_cloned.wav	The first time she was wandering around the hallways on the side where the parents pick her up And she never been on that side of the hallway, so who is watching our child?	Yes
angry_30-24_cloned	/generate_cloned_audio/qwen3_tts/violence/cloned audio/angry_30-24_cloned.wav	Can we write down all three then? Because she was here the second time and if y'all don't know about it that means nobody knew about it. She didn't say nothing to nobody.	Yes
angry_30-25_cloned	/generate_cloned_audio/qwen3_tts/violence/cloned audio/angry_30-25_cloned.wav	And they're trying to cover their own stuff up. They're covering their own stuff up because y'all supposed to know about every single thing that happened to every single one of these kids in here.	Yes
angry_30-26_cloned	/generate_cloned_audio/qwen3_tts/violence/cloned audio/angry_30-26_cloned.wav	Now what if the next time she didn't get in somebody's car? What if the next time she didn't get on the wrong bus and nobody knows where she is?	Yes
angry_30-3_cloned	/generate_cloned_audio/qwen3_tts/violence/cloned audio/angry_30-3_cloned.wav	Crying, screaming, talking about he don't know where his sister is. I'm supposed to be at work, which is an hour away from where we live here in Snailville. Now imagine if I went to...	Yes
angry_30-4_cloned	/generate_cloned_audio/qwen3_tts/violence/cloned audio/angry_30-4_cloned.wav	My son told them to stop but he said don't pull off I cannot leave without my sister and they told him to leave anyway My son was on the bus screaming and crying and y'all	Yes
angry_30-5_cloned	/generate_cloned_audio/qwen3_tts/violence/cloned audio/angry_30-5_cloned.wav	still told the bus to pull off whoever it was whoever it was there was a teacher told him to pull off they should have left they should have let my son get off the bus	Yes
angry_30-6_cloned	/generate_cloned_audio/qwen3_tts/violence/cloned audio/angry_30-6_cloned.wav	to find a sister because that's what we told him to do. They didn't allow him to get off the bus. That's transportation. That's a separate entity. It was a teacher that told him. If it's young.	Yes
angry_30-7_cloned	/generate_cloned_audio/qwen3_tts/violence/cloned audio/angry_30-7_cloned.wav	Y'all allow these buses to come pick these kids up, therefore you're responsible. No sir, when they get on the bus, they decide if they can keep them or not. I release my child to get on your bus to come to...	Yes
angry_30-8_cloned	/generate_cloned_audio/qwen3_tts/violence/cloned audio/angry_30-8_cloned.wav	your school until my child makes it home through my door you're responsible for my child not me you are until my child reaches back down until my child	Yes
angry_30-9_cloned	/generate_cloned_audio/qwen3_tts/violence/cloned audio/angry_30-9_cloned.wav	back down where I live you're responsible for my child getting home I don't care y'all didn't care nothing about my kids	Yes
angry_31-1_cloned	/generate_cloned_audio/qwen3_tts/violence/cloned audio/angry_31-1_cloned.wav	I got told, I came in here, I came in here and put my clothes on, but I had to wait out in that line. I know you guys are coming out there telling me you're close to the driver as well.	Yes
angry_31-10_cloned	/generate_cloned_audio/qwen3_tts/violence/cloned audio/angry_31-10_cloned.wav	She's a cutler just like me. Wrong. No, I'm standing up for the employees that can't bitch you out like I can. No, you're right. They can't.	Yes
angry_31-11_cloned	/generate_cloned_audio/qwen3_tts/violence/cloned audio/angry_31-11_cloned.wav	It's you, it's bitch. I think there are eight people in here. I don't care how many people are here. How about that, Miss Karen?	Yes
angry_31-12_cloned	/generate_cloned_audio/qwen3_tts/violence/cloned audio/angry_31-12_cloned.wav	Oh, I'm sorry. So you're recording me without my permission? It's legal. It's legal. Law. Yep. You're actually not supporting that. I don't live here.	Yes
angry_31-2_cloned	/generate_cloned_audio/qwen3_tts/violence/cloned audio/angry_31-2_cloned.wav	Well, then you should have said something. Typhoning that damn fire department for 10 minutes. Oh, I know he didn't tell me.	Yes
angry_31-3_cloned	/generate_cloned_audio/qwen3_tts/violence/cloned audio/angry_31-3_cloned.wav	I asked you when I got out of my car. Now I want a phone number. I'll go, I'll go. Thank you. Alright, I'm sorry.	Yes
angry_31-4_cloned	/generate_cloned_audio/qwen3_tts/violence/cloned audio/angry_31-4_cloned.wav	No you're not. Because you went out and told people that walked in here and you were sick. You know what? You close at 9 o'clock and you are pregnant. You are insane.	Yes
angry_31-7_cloned	/generate_cloned_audio/qwen3_tts/violence/cloned audio/angry_31-7_cloned.wav	Everyone here thinks you need a job. I really don't give a shit what you think. Go to another restaurant. I don't want to. Oh, you don't want to? If you train his guts to run a business, he...	Yes
angry_31-8_cloned	/generate_cloned_audio/qwen3_tts/violence/cloned audio/angry_31-8_cloned.wav	I would have went out there when I came in the first time, Miss nobody asked. He said they were closing. Inside! He said the door was open!	Yes
angry_33-1_cloned	/generate_cloned_audio/qwen3_tts/violence/cloned audio/angry_33-1_cloned.wav	You sitting up here, you wanna insult me and you making minimum wage? Really? Really? Look at you! You sitting up insulting me?	Yes
angry_33-11_cloned	/generate_cloned_audio/qwen3_tts/violence/cloned audio/angry_33-11_cloned.wav	anybody. Baby, I have a wonderful day. Truly blessed. Best believe that. Best believe that.	Yes
angry_33-12_cloned	/generate_cloned_audio/qwen3_tts/violence/cloned audio/angry_33-12_cloned.wav	I wouldn't want to be you in any day All you had to do is answer a question yes	Yes
angry_33-13_cloned	/generate_cloned_audio/qwen3_tts/violence/cloned audio/angry_33-13_cloned.wav	and no if you were open then you gonna cover attitude really yeah	Yes
angry_33-2_cloned	/generate_cloned_audio/qwen3_tts/violence/cloned audio/angry_33-2_cloned.wav	You gonna sit up and soak me? Really? Ma'am, can you please stay by the door? I'm not gonna put my hands on you. Can you just step out, ma'am? I'm asking respectfully.	Yes
angry_33-3_cloned	/generate_cloned_audio/qwen3_tts/violence/cloned audio/angry_33-3_cloned.wav	Now, your employee gonna throw my stuff! Ma'am, I'm gonna- She gonna throw my stuff! She will have disciplinary actions. I'm asking you, can you come down with it? Just like I'm saying! She gonna throw-	Yes
angry_33-4_cloned	/generate_cloned_audio/qwen3_tts/violence/cloned audio/angry_33-4_cloned.wav	So all I did was ask her, are you open? Are you gonna talk to me like that? I got it all on video because I hit record because I knew she was gonna get ignorant.	Yes
angry_33-5_cloned	/generate_cloned_audio/qwen3_tts/violence/cloned audio/angry_33-5_cloned.wav	She's leaving like this. I need your number. Yes ma'am, I'm getting my number. Thank you very much. Just like I asked you a question. Just like she asked you to get your number.	Yes
angry_33-6_cloned	/generate_cloned_audio/qwen3_tts/violence/cloned audio/angry_33-6_cloned.wav	question. Then you turn around and pick my stuff up and you do it? Ma'am, can't. Like you ignorant, really? Ma'am, I'm asking you respectfully, can you step out? Yeah, I'm going to step out.	Yes
angry_33-7_cloned	/generate_cloned_audio/qwen3_tts/violence/cloned audio/angry_33-7_cloned.wav	What's corporate's number? Give me a card, a number, whatever. Give it to me now.	Yes
angry_33-9_cloned	/generate_cloned_audio/qwen3_tts/violence/cloned audio/angry_33-9_cloned.wav	Make me. Just like I said, you need to learn how to shut up and get another job. Get another job. I see they hired. I see. I don't want another job. I need a job.	Yes
angry_35-10_cloned	/generate_cloned_audio/qwen3_tts/violence/cloned audio/angry_35-10_cloned.wav	You didn't look in her purse. You didn't look in her purse. You didn't look in her purse. I'm calling your corporate.	Yes
angry_35-2_cloned	/generate_cloned_audio/qwen3_tts/violence/cloned audio/angry_35-2_cloned.wav	It's a purse, bag, the same thing. You put them in carry boxes in stores? What are they supposed to put their money in? Yeah, you can, but you're not buying anything. So you came to the door because you thought we were stealing?	Yes
angry_35-3_cloned	/generate_cloned_audio/qwen3_tts/violence/cloned audio/angry_35-3_cloned.wav	Just making sure. But I'm just saying, did you really think that I was in your cellar? I don't know. What you're doing. You know how many black people come in here and do that? But I'll just tell you this. I mean, but that is like profanity. Okay. Okay.	Yes
angry_35-4_cloned	/generate_cloned_audio/qwen3_tts/violence/cloned audio/angry_35-4_cloned.wav	money and I got a whole bunch of cranny I'm just glad you walked through the store like a lot of people do but don't people come in with purses? and they steal you know how many	Yes
angry_35-5_cloned	/generate_cloned_audio/qwen3_tts/violence/cloned audio/angry_35-5_cloned.wav	I'm right here. I can't you and I pull it so what did I do to lead you to believe that I was still? Because you're walking through all the house like other people do and then you're leaving without buying	Yes
angry_35-6_cloned	/generate_cloned_audio/qwen3_tts/violence/cloned audio/angry_35-6_cloned.wav	Because I can't look at anything? Yeah, it happens, but we have a lot of people that come to the stores when I'm trying to get you to understand that still. But what that got to do with me? Because you're doing what the...	Yes
angry_35-7_cloned	/generate_cloned_audio/qwen3_tts/violence/cloned audio/angry_35-7_cloned.wav	they do and that's a pattern that you see me do anything that's what I'm stopping right here to make sure so that's why you were at the door this whole time for us	Yes
angry_35-8_cloned	/generate_cloned_audio/qwen3_tts/violence/cloned audio/angry_35-8_cloned.wav	No, because she wasn't at the door when we came in. No, because nobody was in here. There was people in here when we came in. No. So when we came in, other people kind of hurt her.	Yes
angry_35-9_cloned	/generate_cloned_audio/qwen3_tts/violence/cloned audio/angry_35-9_cloned.wav	you? You came in here and just got me here after y'all. Oh she got a purse! You ain't looking her purse!	Yes
angry_36-10_cloned	/generate_cloned_audio/qwen3_tts/violence/cloned audio/angry_36-10_cloned.wav	Call the owner. Go ahead and call the owner right now. Call the owner. You're not going to talk to a customer like that. Go ahead and call the owner. Go ahead.	Yes
angry_36-11_cloned	/generate_cloned_audio/qwen3_tts/violence/cloned audio/angry_36-11_cloned.wav	You can't be! They're gonna storm! They're gonna storm now! Shut up! Go ahead and call the owner.	Yes
angry_36-12_cloned	/generate_cloned_audio/qwen3_tts/violence/cloned audio/angry_36-12_cloned.wav	Get the fuck away from me! Get the fuck away from me! Yes, can you stand a-	Yes
angry_36-16_cloned	/generate_cloned_audio/qwen3_tts/violence/cloned audio/angry_36-16_cloned.wav	Call the cops, call the owner, go wherever you want to go. You're not going to go, you're not going to talk to me. You're not going to talk to me in any kind of way. I'm sorry? No, you're not. She's not going to talk to me.	Yes
angry_36-19_cloned	/generate_cloned_audio/qwen3_tts/violence/cloned audio/angry_36-19_cloned.wav	I'm waiting for them to come.	Yes
angry_36-2_cloned	/generate_cloned_audio/qwen3_tts/violence/cloned audio/angry_36-2_cloned.wav	Why would she talk to me? Is that how you talk to customers? No, I was trying to explain to the lady I couldn't hear her. No, that's not what we're doing. What did she say? No coke? With small coke and no wine?	Yes
angry_36-21_cloned	/generate_cloned_audio/qwen3_tts/violence/cloned audio/angry_36-21_cloned.wav	I don't want to sleep. I want to put everything on. I need a phone. Go sit down and stop right now.	Yes
angry_36-3_cloned	/generate_cloned_audio/qwen3_tts/violence/cloned audio/angry_36-3_cloned.wav	She was trying to tell you, she was trying to talk to you, and I see that you have a problem talking to her. No, I don't have a problem talking to nobody. You have a good day, and we must have a red flag.	Yes
angry_36-4_cloned	/generate_cloned_audio/qwen3_tts/violence/cloned audio/angry_36-4_cloned.wav	I was not having a bad day, you can't even start your own at me. And all I told the lady on the headset is I didn't understand what she said. But that's the lady who was in the car together.	Yes
angry_36-5_cloned	/generate_cloned_audio/qwen3_tts/violence/cloned audio/angry_36-5_cloned.wav	I couldn't hear what she said of the soft drink. Now please leave my restaurant. Because you don't have nobody coming in here yelling at me. No, you don't have no right. I don't have no right.	Yes
angry_36-6_cloned	/generate_cloned_audio/qwen3_tts/violence/cloned audio/angry_36-6_cloned.wav	You don't have no right to. You came in here yelling at me. I came in here yelling at you. So please leave my establishment now. You go sit down when you're done right now. Go over there and sit down.	Yes
angry_36-7_cloned	/generate_cloned_audio/qwen3_tts/violence/cloned audio/angry_36-7_cloned.wav	Damn. Whoa, so what? Leave her alone. She's only 13 years old. Leave her alone. Okay.	Yes
angry_36-8_cloned	/generate_cloned_audio/qwen3_tts/violence/cloned audio/angry_36-8_cloned.wav	Stop being at all. Action 14. You got a fucking problem? You want me to call the cops on you? Go ahead. Leave the restaurant. I'm always playing ball. Leave the restaurant now. Go ahead. Go ahead. Leave it. Fuck that now.	Yes
angry_36-9_cloned	/generate_cloned_audio/qwen3_tts/violence/cloned audio/angry_36-9_cloned.wav	And do not come back. Go ahead. You're not welcome here. Go ahead. Call the cops. I'm calling the owner. Go ahead and call the owner. You got a choice. What you're going to do. Go ahead and call the owner. Leave my stepfather.	Yes
angry_37-1_cloned	/generate_cloned_audio/qwen3_tts/violence/cloned audio/angry_37-1_cloned.wav	I'm calm, I'm calm, I'm calm, I just want to order, I just want to order without people cutting me.	Yes
angry_37-10_cloned	/generate_cloned_audio/qwen3_tts/violence/cloned audio/angry_37-10_cloned.wav	I was just walking by.	Yes
angry_37-2_cloned	/generate_cloned_audio/qwen3_tts/violence/cloned audio/angry_37-2_cloned.wav	All these people come over here. Who are here? Can I help you? He's too early. You brought them to the register so I can take your order?	Yes
angry_37-3_cloned	/generate_cloned_audio/qwen3_tts/violence/cloned audio/angry_37-3_cloned.wav	You can go in front of me. Don't ask. Because you've been sitting here for a long time, just like me. You guys go. Yo, I didn't do a video on shit!	Yes
angry_37-4_cloned	/generate_cloned_audio/qwen3_tts/violence/cloned audio/angry_37-4_cloned.wav	You better watch what the fuck you talking to. I'm ready, now I'm gonna watch what you talking about there. I don't know my chicken sandwich by myself. Alright, alright then.	Yes
angry_37-5_cloned	/generate_cloned_audio/qwen3_tts/violence/cloned audio/angry_37-5_cloned.wav	She just needed to shut up. I got that all in your head. All right, that's going to just be simple. Like, he just don't got to answer the rest of all because he can't be talking to my opponent.	Yes
angry_37-6_cloned	/generate_cloned_audio/qwen3_tts/violence/cloned audio/angry_37-6_cloned.wav	like that period. So if you got problem, I'm not gonna take your order. You're gonna exit. Oh, so you don't want my order? No, you're gonna exit. Oh, so you don't want my order? I'll get my fucking car and go order my diet.	Yes
angry_37-7_cloned	/generate_cloned_audio/qwen3_tts/violence/cloned audio/angry_37-7_cloned.wav	So and you think you not go take my order so you want my money because you know fucking employees is rude as fuck Because she talked shit and she don't got nothing to say	Yes
angry_37-8_cloned	/generate_cloned_audio/qwen3_tts/violence/cloned audio/angry_37-8_cloned.wav	me let's take my fucking order that's what she paid for to take my fucking order she get that nine dollars an hour to take my fucking order and get it right	Yes
angry_37-9_cloned	/generate_cloned_audio/qwen3_tts/violence/cloned audio/angry_37-9_cloned.wav	I'm gonna Burger King, bitch! I don't need this fucking bullshit!	Yes
angry_39-1_cloned	/generate_cloned_audio/qwen3_tts/violence/cloned audio/angry_39-1_cloned.wav	Bring it down one second. You and I are not where I am. We just need to understand that you and I are not where I am. We are the kids. We are the kids.	Yes
angry_39-10_cloned	/generate_cloned_audio/qwen3_tts/violence/cloned audio/angry_39-10_cloned.wav	I promise, I promise, I promise anybody gonna put this bitch in her face, I'll draw it off anyone and bitch, I'll do a fuck.	Yes
angry_39-11_cloned	/generate_cloned_audio/qwen3_tts/violence/cloned audio/angry_39-11_cloned.wav	You, going now, get like that, bitch even I got nothing to do with that. That's it! Yes ma'am. Get in there, you're being raised a	Yes
angry_39-2_cloned	/generate_cloned_audio/qwen3_tts/violence/cloned audio/angry_39-2_cloned.wav	So we're gonna quit arguing. So we're gonna quit arguing. So we're gonna quit arguing. I'm the one that walked out.	Yes
angry_39-3_cloned	/generate_cloned_audio/qwen3_tts/violence/cloned audio/angry_39-3_cloned.wav	You're not doing anything wrong with me. You're a fucking prick, I'm a- Yeah, I'm a fucking prick. You're not a fucking prick. You're a fucking prick.	Yes
angry_39-5_cloned	/generate_cloned_audio/qwen3_tts/violence/cloned audio/angry_39-5_cloned.wav	What, bitch? What, bitch? I don't work at Popeye. What I'm trying to say is- I'm not mad because I fucking-	Yes
angry_39-6_cloned	/generate_cloned_audio/qwen3_tts/violence/cloned audio/angry_39-6_cloned.wav	Ain't nobody never. He's looking at me. He's looking at me. Ain't nobody lying. Ain't nobody lying.	Yes
angry_39-7_cloned	/generate_cloned_audio/qwen3_tts/violence/cloned audio/angry_39-7_cloned.wav	I'm like, I'm trying to figure out what's going on.	Yes
angry_39-8_cloned	/generate_cloned_audio/qwen3_tts/violence/cloned audio/angry_39-8_cloned.wav	I'm not gonna let my fucking chicken, because my shit cold. My shit cold. It's gonna be like, I don't really know. I'm scared that somebody drop cut. Homeboy that came in the corner, like, homeboy that's breaking my...	Yes
angry_39-9_cloned	/generate_cloned_audio/qwen3_tts/violence/cloned audio/angry_39-9_cloned.wav	I promise you. I promise you. I promise you. Y'all got like fucked up in my mouth. I'm fucking here tonight. My fucking.	Yes
angry_40-10_cloned	/generate_cloned_audio/qwen3_tts/violence/cloned audio/angry_40-10_cloned.wav	It's okay, Monziah. Shana, pull up. Pull up. Look, I cursed the house. Please pull up.	Yes
angry_40-11_cloned	/generate_cloned_audio/qwen3_tts/violence/cloned audio/angry_40-11_cloned.wav	Please pull up right now so you can get in the bag. I want my money, please. Can you please give me my change or something	Yes
angry_40-12_cloned	/generate_cloned_audio/qwen3_tts/violence/cloned audio/angry_40-12_cloned.wav	I'm trying to tell you. I'm trying to tell you. You ain't got to worry about nothing. Shanae's on her way. But I am going to go to jail. I am. If they think I'm right, they think they're going to just truck me for my money.	Yes
angry_40-13_cloned	/generate_cloned_audio/qwen3_tts/violence/cloned audio/angry_40-13_cloned.wav	What the fuck I am going to jail? Fuck that. Yo, fuck that. I want my change, please. I want my change. That's why I want to leave. I know what I came here with. I don't have no money. I just can't...	Yes
angry_40-14_cloned	/generate_cloned_audio/qwen3_tts/violence/cloned audio/angry_40-14_cloned.wav	It's okay. It's okay. It's okay. It's okay. It's okay. So you say fuck me for my money.	Yes
angry_40-15_cloned	/generate_cloned_audio/qwen3_tts/violence/cloned audio/angry_40-15_cloned.wav	I just want my money back! I just want my money! I just want my motherfucking money!	Yes
angry_40-16_cloned	/generate_cloned_audio/qwen3_tts/violence/cloned audio/angry_40-16_cloned.wav	I don't have no more. How long? You see that fuck shit? Did you see the fuck shit? Yeah, did you see that fuck shit? You see that fuck shit? I ain't trippin'. I'm not trippin'.	Yes
angry_40-17_cloned	/generate_cloned_audio/qwen3_tts/violence/cloned audio/angry_40-17_cloned.wav	You seen it? Okay. Okay, you seen it? Hey, hey, I'm trying to tell you...	Yes
angry_40-18_cloned	/generate_cloned_audio/qwen3_tts/violence/cloned audio/angry_40-18_cloned.wav	I just want my change. I don't have no money. I don't have no money. Bitch, you better get your teeth right. Get your smack. Yeah, I know.	Yes
angry_40-20_cloned	/generate_cloned_audio/qwen3_tts/violence/cloned audio/angry_40-20_cloned.wav	I'm trying to pull up. I'm trying to pull up. And I want police to pull up too.	Yes
angry_40-3_cloned	/generate_cloned_audio/qwen3_tts/violence/cloned audio/angry_40-3_cloned.wav	because I let rolling the ads and shit, but I'm also wrong, but I'm wrong, I'm old 30. You can't tell me what I can't say about my money. I work for my money.	Yes
angry_40-4_cloned	/generate_cloned_audio/qwen3_tts/violence/cloned audio/angry_40-4_cloned.wav	fucking talking to, I'm grown, I'm grown, I just want my money back, I just want my money back, I just want my money back, I don't care about the kids. I don't care.	Yes
angry_40-7_cloned	/generate_cloned_audio/qwen3_tts/violence/cloned audio/angry_40-7_cloned.wav	Okay, okay, okay. Hold on, Shade's on her way to get you, because I'm not hearing, but you like the same thing I like? I'm not hearing it. I'm not hearing it. I'm not hearing you.	Yes
angry_40-8_cloned	/generate_cloned_audio/qwen3_tts/violence/cloned audio/angry_40-8_cloned.wav	I'm not hearing. I'm not hearing. You know what? If you can hear, get out of my store. Okay, well I'll just let you remove. Okay, you can call the police. I just want my money. Yeah, that's some bullshit.	Yes
angry_40-9_cloned	/generate_cloned_audio/qwen3_tts/violence/cloned audio/angry_40-9_cloned.wav	You're not gonna give me my money, but you ain't got a crack shot of comfort to the McDonald's on Taylor's, bro I just came up here to get but some food. This bitch ain't gonna give me my change. I gave her 20 She gave me a dollar	Yes
noviolence_01-225_cloned	/generate_cloned_audio/qwen3_tts/violence/cloned audio/noviolence_01-225_cloned.wav	So the motto of my Brandon Ball move play is move like a human and that's what I think my role is as a teacher But I think we as soon as you start kind of taking on that it obviously is so much bigger than that. It's	No
noviolence_01-226_cloned	/generate_cloned_audio/qwen3_tts/violence/cloned audio/noviolence_01-226_cloned.wav	really about how do we live like human beings? How do we foster positive social connections? How do we get make sure we're getting sunlight? How do we eat like a human, right? Because...	No
noviolence_01-227_cloned	/generate_cloned_audio/qwen3_tts/violence/cloned audio/noviolence_01-227_cloned.wav	isn't just the nutrients in the food, it's the preparation of the food. It's the ritual, it's sitting down with another human person. There's so much that goes into that right there and that's all part of living.	No
noviolence_01-228_cloned	/generate_cloned_audio/qwen3_tts/violence/cloned audio/noviolence_01-228_cloned.wav	like human and when we you know we're we're all trying to sacrifice these these human aspects of herself walking squatting	No
noviolence_01-229_cloned	/generate_cloned_audio/qwen3_tts/violence/cloned audio/noviolence_01-229_cloned.wav	eating well so that we can be more productive on a computer. But in the long run it's...	No
noviolence_01-23_cloned	/generate_cloned_audio/qwen3_tts/violence/cloned audio/noviolence_01-23_cloned.wav	domains after all these years, we have now really flipped back into going back outside and the application because what we have found is...	No
noviolence_01-230_cloned	/generate_cloned_audio/qwen3_tts/violence/cloned audio/noviolence_01-230_cloned.wav	it's sacrificing something that's gonna, it breaks us down in the long run, right? You may be more productive as you're preparing for your exams, but when you adopt that as the...	No
noviolence_01-231_cloned	/generate_cloned_audio/qwen3_tts/violence/cloned audio/noviolence_01-231_cloned.wav	habit for your life.	No
noviolence_01-232_cloned	/generate_cloned_audio/qwen3_tts/violence/cloned audio/noviolence_01-232_cloned.wav	you're taking away the resource that makes you successful. Because the research is yourself. Yeah, and you're probably not more productive. You know, there's all the studies that show people think, you know, they're all sleep deprived and they think they're super, you know, if they self-test themselves.	No
noviolence_01-233_cloned	/generate_cloned_audio/qwen3_tts/violence/cloned audio/noviolence_01-233_cloned.wav	they think they're super productive and turns out they're horrible. Yeah. So we also kind of lie to ourselves thinking we're productive.	No
noviolence_01-234_cloned	/generate_cloned_audio/qwen3_tts/violence/cloned audio/noviolence_01-234_cloned.wav	When really we're not, we're just spinning our wheels because we're too tired and haven't moved our bodies. Really now we're like, woo hoo, you know, I'm going to burn my clothes and be cold. And I think.	No
noviolence_01-235_cloned	/generate_cloned_audio/qwen3_tts/violence/cloned audio/noviolence_01-235_cloned.wav	I think what people realize is that you can derive immediate benefit in your quality of your life and experience by making subtle small changes that integrate into your already life. You don't have to throw.	No
noviolence_01-236_cloned	/generate_cloned_audio/qwen3_tts/violence/cloned audio/noviolence_01-236_cloned.wav	your life. What you just have to do is start conceptualizing it slightly differently. And that means you know like if we all just pooed on the ground we would at least	No
noviolence_01-237_cloned	/generate_cloned_audio/qwen3_tts/violence/cloned audio/noviolence_01-237_cloned.wav	squat and maintain that position because the second you can get into a poo shape your body's like whoa bro like there's no tree to hold on to you're gonna work it out and just that you know okay that's a	No
noviolence_01-238_cloned	/generate_cloned_audio/qwen3_tts/violence/cloned audio/noviolence_01-238_cloned.wav	silly analogy but in Japan and in Asian countries where they toilet on the ground and sit on the ground and sleep on the ground the incidence of fall	No
noviolence_01-239_cloned	/generate_cloned_audio/qwen3_tts/violence/cloned audio/noviolence_01-239_cloned.wav	falls in the elderly drops to zero and the incidents of people don't fall. Because they're always getting down off the ground. I was just talking to Chris McDougall who wrote Natural Worn Hero.	No
noviolence_01-24_cloned	/generate_cloned_audio/qwen3_tts/violence/cloned audio/noviolence_01-24_cloned.wav	Great, we weren't skilled, we weren't strong, we didn't have big lungs, we weren't fit. We thought we were, but we were not. So now those things are competent and we realize, why are we, what's the application of all that?	No
noviolence_01-240_cloned	/generate_cloned_audio/qwen3_tts/violence/cloned audio/noviolence_01-240_cloned.wav	which is great and we were talking about...	No
noviolence_01-242_cloned	/generate_cloned_audio/qwen3_tts/violence/cloned audio/noviolence_01-242_cloned.wav	capable animals but we're not we're not even expressing that or laying the foundations to be kidding. We got to build the foundation you have to build a human body and then you have to do	No
noviolence_01-243_cloned	/generate_cloned_audio/qwen3_tts/violence/cloned audio/noviolence_01-243_cloned.wav	what it takes to maintain it. And we do have this problem where modern life is not natural, right?	No
noviolence_01-244_cloned	/generate_cloned_audio/qwen3_tts/violence/cloned audio/noviolence_01-244_cloned.wav	We need to be able to move like a natural human being and we need to be able to find the kind of targeted Interventions that are gonna allow us to hold on to that capacity as much as possible	No
noviolence_01-245_cloned	/generate_cloned_audio/qwen3_tts/violence/cloned audio/noviolence_01-245_cloned.wav	really a natural life. We can remain agnostic about how you get there like you know I think	No
noviolence_01-246_cloned	/generate_cloned_audio/qwen3_tts/violence/cloned audio/noviolence_01-246_cloned.wav	you know what i think so really appreciate across this at least it's brought in a a language of saying hey look you know	No
noviolence_01-247_cloned	/generate_cloned_audio/qwen3_tts/violence/cloned audio/noviolence_01-247_cloned.wav	you should be able to do some of these basic tenants of formal movements. And underneath there we start to create a language, if we're smart enough to see what we're doing.	No
noviolence_01-248_cloned	/generate_cloned_audio/qwen3_tts/violence/cloned audio/noviolence_01-248_cloned.wav	between, you know, of a practice that I can work in in an hour and do some basic gymnastics and cartwheels and rolling and stands and play.	No
noviolence_01-249_cloned	/generate_cloned_audio/qwen3_tts/violence/cloned audio/noviolence_01-249_cloned.wav	you know, we're getting to the place where we can start to create a language vocabulary, but we don't hold on to that, you know. We're like as...	No
noviolence_01-25_cloned	/generate_cloned_audio/qwen3_tts/violence/cloned audio/noviolence_01-25_cloned.wav	The application is I take those skills, that formalness, and I need to go translate it into freestyle movement, into less formal movement situations. And what happens is I became a more formalist.	No
noviolence_01-250_cloned	/generate_cloned_audio/qwen3_tts/violence/cloned audio/noviolence_01-250_cloned.wav	long as if you want to and I always laugh at like if you look at you know portal or any of the move that stuff it looks like you as long as you're crawling on the ground you're fit as long as it's like capoeira you must be	No
noviolence_01-251_cloned	/generate_cloned_audio/qwen3_tts/violence/cloned audio/noviolence_01-251_cloned.wav	fit right and but that's just a different language to solve the same sets of problems and that's what we should show people is that you should be able to do all of these things in fact take yourself out	No
noviolence_01-252_cloned	/generate_cloned_audio/qwen3_tts/violence/cloned audio/noviolence_01-252_cloned.wav	and go suck in another language and then go suck in another language and see how you can resolve	No
noviolence_01-253_cloned	/generate_cloned_audio/qwen3_tts/violence/cloned audio/noviolence_01-253_cloned.wav	what you think are the disparities is the common language. It's like we're all speaking Esperanto underneath all these different things, the romantic language of love. And, but the idea here is...	No
noviolence_01-254_cloned	/generate_cloned_audio/qwen3_tts/violence/cloned audio/noviolence_01-254_cloned.wav	is that there is a root understanding of what it means to be human, and you're absolutely right. We don't care how you get there, just make sure that you get there. Yeah, absolutely. So I wanted to, we talked about that socialization.	No
noviolence_01-255_cloned	/generate_cloned_audio/qwen3_tts/violence/cloned audio/noviolence_01-255_cloned.wav	piece that, how do you live like a human piece? And I wanted to just ask Juliette and you about this before she has to leave because it's something that I have been enormously impressed with.	No
noviolence_01-256_cloned	/generate_cloned_audio/qwen3_tts/violence/cloned audio/noviolence_01-256_cloned.wav	when I've come down to San Francisco CrossFit. Of all the CrossFit gyms that I've worked with, of all the different gyms that I've gone into, I can't say that anywhere else has had as much positive energy when you just walk in the...	No
noviolence_01-257_cloned	/generate_cloned_audio/qwen3_tts/violence/cloned audio/noviolence_01-257_cloned.wav	door at a San Francisco CrossFit. Someone comes up to you, talks to you immediately, is open, is friendly. All the staff are clearly engaged, really enjoy each other. I've noticed over the years it comes to the fact that we're all very friendly.	No
noviolence_01-258_cloned	/generate_cloned_audio/qwen3_tts/violence/cloned audio/noviolence_01-258_cloned.wav	coming to visit that the staff has retained here. It's a lot of the same people years and years and years. And.	No
noviolence_01-259_cloned	/generate_cloned_audio/qwen3_tts/violence/cloned audio/noviolence_01-259_cloned.wav	When we're movement is great, but we are social creatures and in order for you know the thing that holds a lot of people back from having a better movement practice is that they don't	No
noviolence_01-26_cloned	/generate_cloned_audio/qwen3_tts/violence/cloned audio/noviolence_01-26_cloned.wav	much better paddler, I became a much better mountain biker, right? The running is interesting. So we still live in this formal domain, but I can tell you though that we're interested in the...	No
noviolence_01-260_cloned	/generate_cloned_audio/qwen3_tts/violence/cloned audio/noviolence_01-260_cloned.wav	feel supported in it. They feel like they're going to be a weirdo if there's a person sitting on the ground.	No
noviolence_01-261_cloned	/generate_cloned_audio/qwen3_tts/violence/cloned audio/noviolence_01-261_cloned.wav	They feel like they're gonna be weirdo if they're out there jumping between tree branches. So they need that social proof. So I wanted to just kind of ask you guys, how do you go about being a leader?	No
noviolence_01-263_cloned	/generate_cloned_audio/qwen3_tts/violence/cloned audio/noviolence_01-263_cloned.wav	people are amped up all the time. We have bad dirty pictures of everyone. Some of this is, when Juliet and I started, this is now this month.	No
noviolence_01-264_cloned	/generate_cloned_audio/qwen3_tts/violence/cloned audio/noviolence_01-264_cloned.wav	10 year anniversary of our formal gym. We were training for about a year and a half in our backyard until our neighbors were like shut up. Six in the morning that you know we were being loud.	No
noviolence_01-265_cloned	/generate_cloned_audio/qwen3_tts/violence/cloned audio/noviolence_01-265_cloned.wav	But 10 years of this thing and what we first started out with said, where do we want to train? What's it look like? Our friends are going to be here. What's the vibe going to be like where we want to work out?	No
noviolence_01-266_cloned	/generate_cloned_audio/qwen3_tts/violence/cloned audio/noviolence_01-266_cloned.wav	And you know, maybe other place I've gone, I agree. I have been to more gyms, CrossFit and non-CrossFit gyms on the planet. And you can tell really quickly, like I'm like, I could.	No
noviolence_01-267_cloned	/generate_cloned_audio/qwen3_tts/violence/cloned audio/noviolence_01-267_cloned.wav	never train here. I hate this place. You can tell, you can walk in the door and feel the vibe. And some of that is just a practice. People don't realize, don't know what they don't know. So we consciously say to our staff,	No
noviolence_01-268_cloned	/generate_cloned_audio/qwen3_tts/violence/cloned audio/noviolence_01-268_cloned.wav	and talk about a lot and prove is that this may be the only hour people have any positive, unconditional regard, right? Unconditional positive regard where literally that's it.	No
noviolence_01-269_cloned	/generate_cloned_audio/qwen3_tts/violence/cloned audio/noviolence_01-269_cloned.wav	This is the only time someone's like, hey, you really great job today. And you're like, I did something good today. And some of that is when we hit the door, we're like, hey. And it's just a practice.	No
noviolence_01-27_cloned	/generate_cloned_audio/qwen3_tts/violence/cloned audio/noviolence_01-27_cloned.wav	expression of it outside.	No
noviolence_01-270_cloned	/generate_cloned_audio/qwen3_tts/violence/cloned audio/noviolence_01-270_cloned.wav	pattern that this is where our coaches come in and they see us do it and they see the other senior coaches that's the expectation you better shake hands otherwise you're gonna get crushed so if people are like well I better shake hands	No
noviolence_01-271_cloned	/generate_cloned_audio/qwen3_tts/violence/cloned audio/noviolence_01-271_cloned.wav	Yeah, and just to interrupt really quickly, you know, we've had this long-standing tradition of at the beginning of every class, everybody's got to introduce themselves because we have a lot of visitors or there may be a new...	No
noviolence_01-272_cloned	/generate_cloned_audio/qwen3_tts/violence/cloned audio/noviolence_01-272_cloned.wav	member. And you know, now a lot of gyms have adopted that. But it started at San Francisco CrossFit was this idea that, you know, it's a new thing for a lot of people. They're coming in, sometimes people are nervous about	No
noviolence_01-273_cloned	/generate_cloned_audio/qwen3_tts/violence/cloned audio/noviolence_01-273_cloned.wav	coming into a group class or they're a visitor so they don't know anyone and that immediately just breaks down a barrier of just everybody getting in. So our regular clients are used to it they know they're gonna come in and have	No
noviolence_01-274_cloned	/generate_cloned_audio/qwen3_tts/violence/cloned audio/noviolence_01-274_cloned.wav	to introduce themselves and meet new people and partner up with someone they don't know. And then as far as the staff is concerned, I think one of the things we've focused really hard on with our staff is creating.	No
noviolence_01-275_cloned	/generate_cloned_audio/qwen3_tts/violence/cloned audio/noviolence_01-275_cloned.wav	a place where they can be true professionals. You know, a lot of gyms are set up so that it's like a hobby job that you can do for a little while in your 20s, but then once you actually like want to buy a house or take care of your kids, it's not as...	No
noviolence_01-276_cloned	/generate_cloned_audio/qwen3_tts/violence/cloned audio/noviolence_01-276_cloned.wav	sustainable job. So that's been a big focus of ours is creating a staff of like professional coaches and actually paying them and supporting them in a way that they can actually like have a	No
noviolence_01-277_cloned	/generate_cloned_audio/qwen3_tts/violence/cloned audio/noviolence_01-277_cloned.wav	baby and still work at our gym or actually live in San Francisco which is really expensive. Yeah and you know actually like save for retirement and do some really basic stuff and that's been really important for us and for me.	No
noviolence_01-278_cloned	/generate_cloned_audio/qwen3_tts/violence/cloned audio/noviolence_01-278_cloned.wav	me as the owner, you know, the way I see it is that my staff are my clients, not the clients who come in the gym. You know, they're the clients who come to work out are the clients of my	No
noviolence_01-279_cloned	/generate_cloned_audio/qwen3_tts/violence/cloned audio/noviolence_01-279_cloned.wav	stuff. But I am there to support my staff.	No
noviolence_01-28_cloned	/generate_cloned_audio/qwen3_tts/violence/cloned audio/noviolence_01-28_cloned.wav	But Kelly's right, I mean, we spent a lot of years just focusing on CrossFit as our only training. And it's been really in the last five years that we remembered that really what we like to do is play outside.	No
noviolence_01-280_cloned	/generate_cloned_audio/qwen3_tts/violence/cloned audio/noviolence_01-280_cloned.wav	And I would just add to that that we also have a creative freedom that we're funny and stupid but they're learners and they're all very curious.	No
noviolence_01-281_cloned	/generate_cloned_audio/qwen3_tts/violence/cloned audio/noviolence_01-281_cloned.wav	but also fluent in other people's languages. But we also create a place where like, what is it you want to do? How do you say that? Like, I'm a, we have this guy who's run a...	No
noviolence_01-282_cloned	/generate_cloned_audio/qwen3_tts/violence/cloned audio/noviolence_01-282_cloned.wav	100 ultras, you know, and he's part of our staff. And that looks very different than Diane Fu, who's obsessed with Olympic lifting. Allowing our coaches to express their own movement.	No
noviolence_01-283_cloned	/generate_cloned_audio/qwen3_tts/violence/cloned audio/noviolence_01-283_cloned.wav	practice and giving them freedom as long as we all speak the language and you can do the same. So Kristen Newman	No
noviolence_01-284_cloned	/generate_cloned_audio/qwen3_tts/violence/cloned audio/noviolence_01-284_cloned.wav	you know, talks about, she was second in the world's instrument.	No
noviolence_01-285_cloned	/generate_cloned_audio/qwen3_tts/violence/cloned audio/noviolence_01-285_cloned.wav	Last year, but she talks about you know like I just dream for the day where I can just do some cardio	No
noviolence_01-286_cloned	/generate_cloned_audio/qwen3_tts/violence/cloned audio/noviolence_01-286_cloned.wav	swing a dumbbell and do gymnastics again, you know? And that's what's really interesting. I think we create an environment of excited about...	No
noviolence_01-287_cloned	/generate_cloned_audio/qwen3_tts/violence/cloned audio/noviolence_01-287_cloned.wav	process about learning. You know, we don't have multiple gym locations. We have one gym. Why? Because we think the secret is that we're all getting to coach and be coached that if there's	No
noviolence_01-288_cloned	/generate_cloned_audio/qwen3_tts/violence/cloned audio/noviolence_01-288_cloned.wav	an excellent mover in the room, we're all listening while we're doing it. So there's always feedback. There's no place to hide. You have to be a beginner in a room full of lions.	No
noviolence_01-289_cloned	/generate_cloned_audio/qwen3_tts/violence/cloned audio/noviolence_01-289_cloned.wav	And that just brings everyone up, you know? It's really interesting. And we don't put the brakes on that. We're like, this is what we want to teach. Here are the goals.	No
noviolence_01-29_cloned	/generate_cloned_audio/qwen3_tts/violence/cloned audio/noviolence_01-29_cloned.wav	and ride our bikes and be on rivers and paddle and and so it has been in the last few years we've really gone back to all that we like to ski and it's been great because we have all this underlying	No
noviolence_01-290_cloned	/generate_cloned_audio/qwen3_tts/violence/cloned audio/noviolence_01-290_cloned.wav	And then we let our coaches be successful in their own experimentation. And we're not micro-managers. I mean, we in a lot of ways are really casual about a lot of the things.	No
noviolence_01-291_cloned	/generate_cloned_audio/qwen3_tts/violence/cloned audio/noviolence_01-291_cloned.wav	We're total pros, but we're really casual about some things. So we let people be themselves. And we don't have a certain way. There's only one way of doing things that's our way and our way is the best.	No
noviolence_01-292_cloned	/generate_cloned_audio/qwen3_tts/violence/cloned audio/noviolence_01-292_cloned.wav	I mean, we don't see it that way. We bring in this really diverse staff with super diverse interests and kind of let them be who they are. You know, obviously with the basic fundamentals, but you know, we've got...	No
noviolence_01-293_cloned	/generate_cloned_audio/qwen3_tts/violence/cloned audio/noviolence_01-293_cloned.wav	a really unique and diverse staff and they all really like each other and get along and you know I think that helps the whole positive vibe as you come in the door. And you can do some things like we have a hundred and sixty hour	No
noviolence_01-294_cloned	/generate_cloned_audio/qwen3_tts/violence/cloned audio/noviolence_01-294_cloned.wav	intern program. I mean that's not being at the gym under 60 hours. That's one on one or you're in 160 hours of shadowing a senior coach or a practice. So that starts to...	No
noviolence_01-295_cloned	/generate_cloned_audio/qwen3_tts/violence/cloned audio/noviolence_01-295_cloned.wav	because people start to be like, oh, I understand how I have the affect I need to have to manage these people who've been training here for 10 years. Right. Yeah. And then we have some simple rules like I should never have to show	No
noviolence_01-296_cloned	/generate_cloned_audio/qwen3_tts/violence/cloned audio/noviolence_01-296_cloned.wav	out over the music ever.	No
noviolence_01-297_cloned	/generate_cloned_audio/qwen3_tts/violence/cloned audio/noviolence_01-297_cloned.wav	creates privacy and intimacy but the coach can you I can be shouting like knees out but it's really for that guy over the across the room yeah and so then we never shout over music and we have some	No
noviolence_01-298_cloned	/generate_cloned_audio/qwen3_tts/violence/cloned audio/noviolence_01-298_cloned.wav	keep your fucking shirt on. Right, don't, you know what I mean, like if you wanna be outside rolling the grass, take your shirt off. But in the meantime, you're in my gym, don't make everyone feel creepy with your like.	No
noviolence_01-299_cloned	/generate_cloned_audio/qwen3_tts/violence/cloned audio/noviolence_01-299_cloned.wav	man boobs, like quit that. And so by establishing some of those boundaries we create a place where it's really safe for people to come. We are trying to create a really welcoming environment. And yet we have	No
noviolence_01-3_cloned	/generate_cloned_audio/qwen3_tts/violence/cloned audio/noviolence_01-3_cloned.wav	started fixing my ankles and it became a huge influence on me and understanding really how the human body moves.	No
noviolence_01-30_cloned	/generate_cloned_audio/qwen3_tts/violence/cloned audio/noviolence_01-30_cloned.wav	training and we can pretty much show up for any of those sports without ever really training for them formally and be fine and you know not get injured so it's been it's been cool to go back to that come out on harm	No
noviolence_01-300_cloned	/generate_cloned_audio/qwen3_tts/violence/cloned audio/noviolence_01-300_cloned.wav	There's so many elite people who practice. But we had this Olympic lifting kind of badass guy who owns a business and he came in and he missed a lift and he got really pissed.	No
noviolence_01-301_cloned	/generate_cloned_audio/qwen3_tts/violence/cloned audio/noviolence_01-301_cloned.wav	And I just stood there and he was swearing and then he came over he's like that was really bad wasn't it I was like that was really bad in fact. That was just disgusting and childish. She was like you're right. It's got so	No
noviolence_01-302_cloned	/generate_cloned_audio/qwen3_tts/violence/cloned audio/noviolence_01-302_cloned.wav	because you realize we're all just like, really? You just missed a lift. And you think that's important to you? So, I mean that thing self-perpetuates. And it is difficult.	No
noviolence_01-303_cloned	/generate_cloned_audio/qwen3_tts/violence/cloned audio/noviolence_01-303_cloned.wav	Culture is so difficult, it's really difficult. You know, within the parkour community, we've seen that the guys who start a community have an enormous impact on it. So, you know, people may.	No
noviolence_01-304_cloned	/generate_cloned_audio/qwen3_tts/violence/cloned audio/noviolence_01-304_cloned.wav	be thinking about movement when they're thinking about this, but if you're going to be a leader in movement, it's really important that you think about these aspects of it. You said to me in 2012, when...	No
noviolence_01-305_cloned	/generate_cloned_audio/qwen3_tts/violence/cloned audio/noviolence_01-305_cloned.wav	comes into your gym, it's your responsibility to give them that moment of unconditional positive regard. And that's stuck with me ever since. That's influenced the way that I've tried to orient around how I treat my employees, people I work with.	No
noviolence_01-306_cloned	/generate_cloned_audio/qwen3_tts/violence/cloned audio/noviolence_01-306_cloned.wav	with, how I treat my clients. It's huge. It's a huge thing to understand that you can have all the best information in your brain in the world, but if you don't.	No
noviolence_01-307_cloned	/generate_cloned_audio/qwen3_tts/violence/cloned audio/noviolence_01-307_cloned.wav	have an affect, if you don't have a way of creating a rapport with people, it doesn't matter. Oh, holy crap. Now we're starting to... Dude, we just opened the can off, like touchy-feely. I could go off here, but like...	No
noviolence_01-308_cloned	/generate_cloned_audio/qwen3_tts/violence/cloned audio/noviolence_01-308_cloned.wav	But you know, people need to feel appreciated and this is going to sound really dorky, but I worked for this guy at this rafting company for many years and we actually used to make fun of him because he was so earnest and...	No
noviolence_01-309_cloned	/generate_cloned_audio/qwen3_tts/violence/cloned audio/noviolence_01-309_cloned.wav	he'd come up and be like Juliet I appreciate you but I really sign in the parking lot said you are a poem yeah but you know I realize he influenced me a ton	No
noviolence_01-31_cloned	/generate_cloned_audio/qwen3_tts/violence/cloned audio/noviolence_01-31_cloned.wav	Which is amazing, you know like last year We both trained for the Molokai Outrigger Canoe Race. So I paddled solo from the island of Molokai	No
noviolence_01-310_cloned	/generate_cloned_audio/qwen3_tts/violence/cloned audio/noviolence_01-310_cloned.wav	and what he was doing was so important because you know I would have done anything for him for no pay and I realized he it was this it was because I felt valued and appreciated you know	No
noviolence_01-311_cloned	/generate_cloned_audio/qwen3_tts/violence/cloned audio/noviolence_01-311_cloned.wav	So I try to go out of my way and make sure my staff knows that I appreciate them. I see how hard they work. We know it wouldn't all happen without them. And I think that's really missing. I think a lot of people.	No
noviolence_01-312_cloned	/generate_cloned_audio/qwen3_tts/violence/cloned audio/noviolence_01-312_cloned.wav	don't get that affirmation in their place of work ever.	No
noviolence_01-313_cloned	/generate_cloned_audio/qwen3_tts/violence/cloned audio/noviolence_01-313_cloned.wav	Yeah, and not necessarily in their community of movement either. Well, you know...	No
noviolence_01-314_cloned	/generate_cloned_audio/qwen3_tts/violence/cloned audio/noviolence_01-314_cloned.wav	belong, we need to belong to each other and sometimes they just need an excuse to belong to each other. And so like we're all in and I've been working out with Juliet for three years but all of a sudden you know.	No
noviolence_01-315_cloned	/generate_cloned_audio/qwen3_tts/violence/cloned audio/noviolence_01-315_cloned.wav	If the situation is I always have to go over and shake hands and hey, how are you then like we've what we've done is just Created a blocked pattern where I get the right result without consciousness and that's what we're	No
noviolence_01-316_cloned	/generate_cloned_audio/qwen3_tts/violence/cloned audio/noviolence_01-316_cloned.wav	trying to be, right? Is that it becomes a learned behavior. It's really amazing. You know, and my daughters, you know, are comfortable, they walk around and just talk to people in the gym, and people are like, you're a seven year old.	No
noviolence_01-317_cloned	/generate_cloned_audio/qwen3_tts/violence/cloned audio/noviolence_01-317_cloned.wav	came up and had a conversation with me. Your seven year old was like knees out, is what your seven year old said. That's right, that's right. Which she has done to people. To the point though is, you know.	No
noviolence_01-318_cloned	/generate_cloned_audio/qwen3_tts/violence/cloned audio/noviolence_01-318_cloned.wav	So, hey, if we're going to become professional teachers, maybe we should have some theory around learning practices. Hey, what you're doing right now is a blocked practice. We need to move into some...	No
noviolence_01-319_cloned	/generate_cloned_audio/qwen3_tts/violence/cloned audio/noviolence_01-319_cloned.wav	random practice. That means what we're seeing is that, hey, you can be really excited, competent coach, but you still, people have done a lot of thinking about what is the best way to learn, how much learning.	No
noviolence_01-32_cloned	/generate_cloned_audio/qwen3_tts/violence/cloned audio/noviolence_01-32_cloned.wav	to Wahoona. It took me six and a half hours across the Molokai channel, solo, and it's not grinding like, it's not like getting on an erg for six and a half hours. It's very technical paddling.	No
noviolence_01-320_cloned	/generate_cloned_audio/qwen3_tts/violence/cloned audio/noviolence_01-320_cloned.wav	needs to happen, having a goal and a skill and little break out.	No
noviolence_01-321_cloned	/generate_cloned_audio/qwen3_tts/violence/cloned audio/noviolence_01-321_cloned.wav	You know, I'm fortunate that in my formal doctoral training, I had a lot of communication theory and learning theory that spills over into what we do. Yeah. But you know, what we're...	No
noviolence_01-322_cloned	/generate_cloned_audio/qwen3_tts/violence/cloned audio/noviolence_01-322_cloned.wav	telling people is like hey look on the surface it looks so simple and yet the layers of understanding are infinitely complex and if you are going to be a master in this you need to start today.	No
noviolence_01-323_cloned	/generate_cloned_audio/qwen3_tts/violence/cloned audio/noviolence_01-323_cloned.wav	then just keep working because what you'll see is that you may be coaching the same way But now you understand how and when the deviations come you can easily roll them up and that's that's the difference	No
noviolence_01-324_cloned	/generate_cloned_audio/qwen3_tts/violence/cloned audio/noviolence_01-324_cloned.wav	Yeah, I think one other thing about the vibe too is that we and a lot of it goes back to the original intention I mean, we did not start this gym with the intention of having it	No
noviolence_01-325_cloned	/generate_cloned_audio/qwen3_tts/violence/cloned audio/noviolence_01-325_cloned.wav	be a business where we made money and had a big staff. I mean... Attorney and I was working physical there. We started it with the intention of trying to create a cool place to train where we wanted...	No
noviolence_01-326_cloned	/generate_cloned_audio/qwen3_tts/violence/cloned audio/noviolence_01-326_cloned.wav	train and I think that intention has really you know gone the distance because you know I think it's it's hard now there's a lot of gyms and I'm not sure there I'm not sure that anyone can open a gym as organically.	No
noviolence_01-327_cloned	/generate_cloned_audio/qwen3_tts/violence/cloned audio/noviolence_01-327_cloned.wav	as we did. However, I think there's a lot of, people are spending a lot of money and making everything shing and look perfect and have all the right things on the outside. But if you can't, if.	No
noviolence_01-328_cloned	/generate_cloned_audio/qwen3_tts/violence/cloned audio/noviolence_01-328_cloned.wav	you can't somehow grasp that feeling of community and that positive vibe. It doesn't matter what everything looks like. And we learned that from the parking lot. Yeah, that's what I was going to say. I mean, because it was so great.	No
noviolence_01-329_cloned	/generate_cloned_audio/qwen3_tts/violence/cloned audio/noviolence_01-329_cloned.wav	and so cold and it was right I mean like you know we should be deadlifting outside why aren't we deadlifting outside and we certainly have lost some aspect of the awesomeness but it's nice not	No
noviolence_01-33_cloned	/generate_cloned_audio/qwen3_tts/violence/cloned audio/noviolence_01-33_cloned.wav	with big waves and currents and you need to paddle and you better be fit and you have to have the skill and it was really great. And you have to navigate across an open ocean channel. Your brain is going to get engaged. Exactly, it's full on. And surfing and feeling.	No
noviolence_01-330_cloned	/generate_cloned_audio/qwen3_tts/violence/cloned audio/noviolence_01-330_cloned.wav	to be dead lifting the rain and mud all the time and doing burpees on the concrete. Right, but we had to make, our product had to be the coaching and the vibe because we didn't have anything else.	No
noviolence_01-331_cloned	/generate_cloned_audio/qwen3_tts/violence/cloned audio/noviolence_01-331_cloned.wav	So we had to be really good at those two things because we certainly didn't have like a wall or, you know. A bathroom. A bathroom and people were doing burpees in little piles of glass. So, you know, that.	No
noviolence_01-332_cloned	/generate_cloned_audio/qwen3_tts/violence/cloned audio/noviolence_01-332_cloned.wav	It forced us to prioritize what was important, and it turned out those things happened to also be really important. It's funny because that resonates exactly with what we were talking about earlier with movement. When you create...	No
noviolence_01-333_cloned	/generate_cloned_audio/qwen3_tts/violence/cloned audio/noviolence_01-333_cloned.wav	the right parameters.	No
noviolence_01-334_cloned	/generate_cloned_audio/qwen3_tts/violence/cloned audio/noviolence_01-334_cloned.wav	where there's restrictions on what someone can do, then all of a sudden they're gonna express really powerful stuff. So being in a more difficult situation, you didn't have all the bells and whistles that are gonna attract people.	No
noviolence_01-335_cloned	/generate_cloned_audio/qwen3_tts/violence/cloned audio/noviolence_01-335_cloned.wav	you had to focus on the most important thing and you created something amazing. How about this, so we used to have some chain link fences and then there was an 80,000 square foot parking lot, right?	No
noviolence_01-336_cloned	/generate_cloned_audio/qwen3_tts/violence/cloned audio/noviolence_01-336_cloned.wav	and it was all kind of fenced in and protected. But coaches...	No
noviolence_01-337_cloned	/generate_cloned_audio/qwen3_tts/violence/cloned audio/noviolence_01-337_cloned.wav	could not be wimpy in their coaching. They had to be so loud and they had to carry and control and bring everyone together. And we'd have coaches come in from other gyms and they would have.	No
noviolence_01-338_cloned	/generate_cloned_audio/qwen3_tts/violence/cloned audio/noviolence_01-338_cloned.wav	evaporate through the fence like they just like to be like okay now and like we're and there are coaches were like these people suck and I'm like these are master coaches but who can't coach in any	No
noviolence_01-339_cloned	/generate_cloned_audio/qwen3_tts/violence/cloned audio/noviolence_01-339_cloned.wav	and you know that's that's one of those things that you know we have to just be thinking about but if the environment creates it	No
noviolence_01-34_cloned	/generate_cloned_audio/qwen3_tts/violence/cloned audio/noviolence_01-34_cloned.wav	and the kinesthetic feedback, you're maxed out. I mean, it's an expert race. And what's so nice is that I come out and I'm like, you know, it took me a week or two to recover my central nervous system.	No
noviolence_01-340_cloned	/generate_cloned_audio/qwen3_tts/violence/cloned audio/noviolence_01-340_cloned.wav	You know, we didn't have to coach it because, you know, everyone's feet were together automatically in the burpee when you're coaching it outside. You have to control people's attention.	No
noviolence_01-341_cloned	/generate_cloned_audio/qwen3_tts/violence/cloned audio/noviolence_01-341_cloned.wav	That brings me back to this idea that I really wanted to dig into, which is this formal language and natural movement. Because what I do is teach people.	No
noviolence_01-342_cloned	/generate_cloned_audio/qwen3_tts/violence/cloned audio/noviolence_01-342_cloned.wav	about movement in nature and moving sort of how we evolve.	No
noviolence_01-343_cloned	/generate_cloned_audio/qwen3_tts/violence/cloned audio/noviolence_01-343_cloned.wav	So, Evolve Move Play, right? Play, I think, is the best guide for what a human being really, evolution wants a human being to be able to do. Every kid runs.	No
noviolence_01-344_cloned	/generate_cloned_audio/qwen3_tts/violence/cloned audio/noviolence_01-344_cloned.wav	jumps, climbs, lifts, carries, throws, wrestles, dances, because those are the things that you needed to do to survive and thrive as a human being throughout our evolution.	No
noviolence_01-345_cloned	/generate_cloned_audio/qwen3_tts/violence/cloned audio/noviolence_01-345_cloned.wav	Yeah, at some point someone picked up a rock, they picked up a heavier rock, and it's not an accident in Scotland, they have these massive stones that are like, it's the stone, like the Husserfeld stone.	No
noviolence_01-346_cloned	/generate_cloned_audio/qwen3_tts/violence/cloned audio/noviolence_01-346_cloned.wav	in a field, like a guy, this is a field, it's not like a, it's not in a cage, like you can just go up and pick up the Husserfeld stone if you want, but it's the stuff, if you can, but it's just...	No
noviolence_01-347_cloned	/generate_cloned_audio/qwen3_tts/violence/cloned audio/noviolence_01-347_cloned.wav	the stone that everyone played with, the expression of what we did turned into a game, turned into a contest, turned into technique to formalize the game.	No
noviolence_01-348_cloned	/generate_cloned_audio/qwen3_tts/violence/cloned audio/noviolence_01-348_cloned.wav	So you talked earlier about all the formal training that you got. Started with a sort of non-formal sport, really a wild sport, moved into a very formal practice, and now are going back.	No
noviolence_01-349_cloned	/generate_cloned_audio/qwen3_tts/violence/cloned audio/noviolence_01-349_cloned.wav	into the wild and I you know I grew up in the woods running around got really into formal gymnastics, formal weightlifting you know I did my 223	No
noviolence_01-35_cloned	/generate_cloned_audio/qwen3_tts/violence/cloned audio/noviolence_01-35_cloned.wav	but I came out completely unharmed ready to go again. And my understanding of when we row our kids down the river, like I don't have shoulder problems because I understand what the	No
noviolence_01-350_cloned	/generate_cloned_audio/qwen3_tts/violence/cloned audio/noviolence_01-350_cloned.wav	and Deadlift 440 and did grace and 147 or whatever it was. So I did that and there was a lot that I gained from that.	No
noviolence_01-351_cloned	/generate_cloned_audio/qwen3_tts/violence/cloned audio/noviolence_01-351_cloned.wav	within my own practice I've gone back into the wild and really kind of just...	No
noviolence_01-352_cloned	/generate_cloned_audio/qwen3_tts/violence/cloned audio/noviolence_01-352_cloned.wav	trying to play and see what my body learned from that. Well, and let me interrupt because what's important is that you start to understand how strong am I? How strong do I need to be? That's a very interesting question.	No
noviolence_01-353_cloned	/generate_cloned_audio/qwen3_tts/violence/cloned audio/noviolence_01-353_cloned.wav	idea. I think every man should be able to pick up 400 pounds because that means you have good technique and you've done some lifting training and everyone it's in a grass.	No
noviolence_01-354_cloned	/generate_cloned_audio/qwen3_tts/violence/cloned audio/noviolence_01-354_cloned.wav	being able to deadlift 225 safely for a couple reps is probably just as effective as being able to deadlift 400. Right? You know what I mean? The benefits may not... Maybe the high level...	No
noviolence_01-355_cloned	/generate_cloned_audio/qwen3_tts/violence/cloned audio/noviolence_01-355_cloned.wav	sport like I'm talking about like football or fast maybe that does transcend but recently for me you know I	No
noviolence_01-356_cloned	/generate_cloned_audio/qwen3_tts/violence/cloned audio/noviolence_01-356_cloned.wav	You know I've realized I am big enough I am strong enough and that sounds ridiculous considering how strong my friends are things But my programming looks very different like you saw	No
noviolence_01-357_cloned	/generate_cloned_audio/qwen3_tts/violence/cloned audio/noviolence_01-357_cloned.wav	how much aerobic work I do in the week.	No
noviolence_01-358_cloned	/generate_cloned_audio/qwen3_tts/violence/cloned audio/noviolence_01-358_cloned.wav	you would feel sick. It's hard aerobic training. Kelly had this goal where he wanted to clean and jerk. How much was it? Clean 400. Clean 400 and you know he's kind of	No
noviolence_01-359_cloned	/generate_cloned_audio/qwen3_tts/violence/cloned audio/noviolence_01-359_cloned.wav	working towards it and focused on it. And then our mutual friend and colleague, Gray Cook said, Kelly, you're not even known for that. And that was just a little trigger in his mind that he.	No
noviolence_01-36_cloned	/generate_cloned_audio/qwen3_tts/violence/cloned audio/noviolence_01-36_cloned.wav	shoulder is supposed to do and what it's supposed to look like. And so that, the formalness, it's difficult to ever pull that out entirely because it teaches us the underpinning.	No
noviolence_01-360_cloned	/generate_cloned_audio/qwen3_tts/violence/cloned audio/noviolence_01-360_cloned.wav	thought, it's true, why am I doing that? He's like, the compensations, the adaptations, the things you're going to sacrifice to clean a 400, it's never going to be worth that.	No
noviolence_01-361_cloned	/generate_cloned_audio/qwen3_tts/violence/cloned audio/noviolence_01-361_cloned.wav	strong enough and you know I'm not a professional so good you know and he was able to sort of chop you know in that moment being this strong and this big	No
noviolence_01-362_cloned	/generate_cloned_audio/qwen3_tts/violence/cloned audio/noviolence_01-362_cloned.wav	outside the gym.	No
noviolence_01-363_cloned	/generate_cloned_audio/qwen3_tts/violence/cloned audio/noviolence_01-363_cloned.wav	doesn't give me I mean I can if you're moving a piano I'm your guy yeah right and it's fortunate I can still do a lot of pull-ups I can still run fast I can still swim and do all the things but like I am	No
noviolence_01-364_cloned	/generate_cloned_audio/qwen3_tts/violence/cloned audio/noviolence_01-364_cloned.wav	I'm the largest paddler in the world. You know what I mean? And I'm like, does that serve me? So it's really, I think the conversation becomes, hey, I was competent enough.	No
noviolence_01-365_cloned	/generate_cloned_audio/qwen3_tts/violence/cloned audio/noviolence_01-365_cloned.wav	Now I squat a little bit all the time because it makes my hips work better when I'm on the bike or rowing or paddling. So my reasons for doing the things changing...	No
noviolence_01-366_cloned	/generate_cloned_audio/qwen3_tts/violence/cloned audio/noviolence_01-366_cloned.wav	and the volume changes, et cetera, et cetera. Yeah, I had really some experience. I was chasing 500 on my deadlift, you know, starting to make compensations, doing some roundback deadlifting. Lolli.	No
noviolence_01-367_cloned	/generate_cloned_audio/qwen3_tts/violence/cloned audio/noviolence_01-367_cloned.wav	listening to powerlifters saying, it's cool bro, it's good. That's how you're going to lift the heaviest weight, that's what matters, right? And so I went to work with...	No
noviolence_01-368_cloned	/generate_cloned_audio/qwen3_tts/violence/cloned audio/noviolence_01-368_cloned.wav	I went to be tested by Sparta Performance Science and they said well the aspect of your force production that correlates with the deadlift is...	No
noviolence_01-369_cloned	/generate_cloned_audio/qwen3_tts/violence/cloned audio/noviolence_01-369_cloned.wav	really strong and the aspect that correlates with your split squat is really weak and that makes you really prone to injuries which is why you've just torn your Achilles tendon and done all these other things.	No
noviolence_01-37_cloned	/generate_cloned_audio/qwen3_tts/violence/cloned audio/noviolence_01-37_cloned.wav	of the movement. And then once you are meta aware of what's going on, you have the meta cognition of how you move and what's going on.	No
noviolence_01-370_cloned	/generate_cloned_audio/qwen3_tts/violence/cloned audio/noviolence_01-370_cloned.wav	So did I need a 500 pound deadlift to do what I do? No you did not. And here's the deal, if that's important to you, because you want to lift the Husserfeld Stone.	No
noviolence_01-371_cloned	/generate_cloned_audio/qwen3_tts/violence/cloned audio/noviolence_01-371_cloned.wav	We're not saying don't do it, but we're saying you can't take your eye off the rest of it. Or if you do, you're going to have to come back to it eventually. Take care of the whole thing.	No
noviolence_01-372_cloned	/generate_cloned_audio/qwen3_tts/violence/cloned audio/noviolence_01-372_cloned.wav	Right? I mean I can keep pursuing the deadlift but I better take care of those other things that will keep me from blowing out my Achilles tendon. You know our friend Brian McKenzie does a really good job for a long time saying hey look you know.	No
noviolence_01-373_cloned	/generate_cloned_audio/qwen3_tts/violence/cloned audio/noviolence_01-373_cloned.wav	know you should be able to run a 5k all out and really 10k and you just need to keep an eye on your running and if you're not running that 10k is gonna suck	No
noviolence_01-374_cloned	/generate_cloned_audio/qwen3_tts/violence/cloned audio/noviolence_01-374_cloned.wav	But you should have some base aerobic competency. And oh boy, we're right back at Heber and why can't you swim 1K? What is wrong with you?	No
noviolence_01-375_cloned	/generate_cloned_audio/qwen3_tts/violence/cloned audio/noviolence_01-375_cloned.wav	there are some things that we should be able to do that we have gotten off the deep end on sexy because I feel sexy and I feel so strong and I like being all massive and my	No
noviolence_01-376_cloned	/generate_cloned_audio/qwen3_tts/violence/cloned audio/noviolence_01-376_cloned.wav	jeans are tight, call my suck at everything else if I'm not careful. Yeah, I was raised in that era of kind of physical culture where it was like aerobics or any sort of aerobics.	No
noviolence_01-377_cloned	/generate_cloned_audio/qwen3_tts/violence/cloned audio/noviolence_01-377_cloned.wav	system training is bullshit. You don't need that because you just want to be explosive. Stretching doesn't work, right?	No
noviolence_01-378_cloned	/generate_cloned_audio/qwen3_tts/violence/cloned audio/noviolence_01-378_cloned.wav	Now, of course, I'm kind of going the other way. I'm like, well, I need to be able to recover from my exercise. I need to be able to sleep well. I need to be under less stress in general. Hey, the aerobic system affects all those things.	No
noviolence_01-379_cloned	/generate_cloned_audio/qwen3_tts/violence/cloned audio/noviolence_01-379_cloned.wav	"I need that. I'm 210 pounds in a sport where the average athlete is 145 pounds. And 5'1"". So maybe, maybe."	No
noviolence_01-38_cloned	/generate_cloned_audio/qwen3_tts/violence/cloned audio/noviolence_01-38_cloned.wav	the world is your oyster. And the problem, I think, is sometimes when you come out of this, because we work, people don't understand that, yes, we work in very formal sports, but I work in skiing, I work in, you know.	No
noviolence_01-380_cloned	/generate_cloned_audio/qwen3_tts/violence/cloned audio/noviolence_01-380_cloned.wav	maybe getting bigger and getting stronger isn't really the thing that's limiting me from the performance that I want.	No
noviolence_01-381_cloned	/generate_cloned_audio/qwen3_tts/violence/cloned audio/noviolence_01-381_cloned.wav	And yeah, so we're just going back to the basics, the basics, the basics. And what's the goal? So I can. So suddenly, I think we went through the basics. You know, I think you and I.	No
noviolence_01-382_cloned	/generate_cloned_audio/qwen3_tts/violence/cloned audio/noviolence_01-382_cloned.wav	would be, you know, we would check the boxes on basics really well. Yeah. Then it really comes down to what do you want to do with this thing? You know, so if it's just talking about staying alive and managing your stress, well that	No
noviolence_01-383_cloned	/generate_cloned_audio/qwen3_tts/violence/cloned audio/noviolence_01-383_cloned.wav	We can we can we know what that pattern looks like it talks about being ready to go for a hike to Grand Canyon with A backpack on yeah, or carry your kid out when your car gets a flat. I mean like those are the things that are	No
noviolence_01-384_cloned	/generate_cloned_audio/qwen3_tts/violence/cloned audio/noviolence_01-384_cloned.wav	interesting and I really like what Chris McDougall says about his definition of fitness. Are you useful? Yeah. You know that that means you know like if you're if you're 70 and you can't get out of the chair that's not very useful.	No
noviolence_01-385_cloned	/generate_cloned_audio/qwen3_tts/violence/cloned audio/noviolence_01-385_cloned.wav	So what is your fitness that's useful? And then you can define that within the terms, but you cannot.	No
noviolence_01-386_cloned	/generate_cloned_audio/qwen3_tts/violence/cloned audio/noviolence_01-386_cloned.wav	make a specious argument that because you're ish functional ish or you can achieve a task that that's full capacity. So what you're saying takes me an hour and a half to warm up.	No
noviolence_01-387_cloned	/generate_cloned_audio/qwen3_tts/violence/cloned audio/noviolence_01-387_cloned.wav	We have some problems. Yeah, absolutely. Besides getting the blood out of your stomach and waking your nervous system up, it shouldn't take us an hour and a half to get going.	No
noviolence_01-388_cloned	/generate_cloned_audio/qwen3_tts/violence/cloned audio/noviolence_01-388_cloned.wav	And you can have a very high level of performance. And this is what we're talking about with the Seahawks players and the professional athletes that you work with. You can have a very high level of performance and actually be very far.	No
noviolence_01-389_cloned	/generate_cloned_audio/qwen3_tts/violence/cloned audio/noviolence_01-389_cloned.wav	away from general function as a human being.	No
noviolence_01-39_cloned	/generate_cloned_audio/qwen3_tts/violence/cloned audio/noviolence_01-39_cloned.wav	I mean so many extreme sports and what I can unequivocally say is that a lot of those athletes Don't have any self-awareness about how they do things or why they do things and they just can't do something	No
noviolence_01-390_cloned	/generate_cloned_audio/qwen3_tts/violence/cloned audio/noviolence_01-390_cloned.wav	have the handbrakes on, but because you're a genetic mutant, and I don't think people realize that there are mutants amongst us, mutants that you can buffer that until one day you can't.	No
noviolence_01-391_cloned	/generate_cloned_audio/qwen3_tts/violence/cloned audio/noviolence_01-391_cloned.wav	You know, as soon as you're at boo, that's a... Fragile and suddenly. Yeah, you become fragile. That's right. So, you know, I think the conversation is, hey, let's... And I like what Greg Cook has been saying lately. He's like, hey, look...	No
noviolence_01-392_cloned	/generate_cloned_audio/qwen3_tts/violence/cloned audio/noviolence_01-392_cloned.wav	practicing medicine without vital signs of malpractice, why are we practicing movement without benchmarks of position and capacity?	No
noviolence_01-393_cloned	/generate_cloned_audio/qwen3_tts/violence/cloned audio/noviolence_01-393_cloned.wav	and that means you should be able to hold a plank. Why? Because you know crawling and that means you have the control through the shoulders and those are basic shapes. I'm not saying you need to	No
noviolence_01-394_cloned	/generate_cloned_audio/qwen3_tts/violence/cloned audio/noviolence_01-394_cloned.wav	train plank every day, but show me that you understand how to affect a neutral spine that as soon as I tip you in gravity a little bit you don't sag. Yeah. Right? Those are the benchmarks.	No
noviolence_01-395_cloned	/generate_cloned_audio/qwen3_tts/violence/cloned audio/noviolence_01-395_cloned.wav	of motion in your shoulder, because if you're missing full range of motion in the shoulder, you're going somewhere. So let's establish base larks, then the way you want to practice and be with your kids and the way you want to practice.	No
noviolence_01-396_cloned	/generate_cloned_audio/qwen3_tts/violence/cloned audio/noviolence_01-396_cloned.wav	I want to practice with my kids, that's just the family differences, right? Yeah, absolutely. Yeah, you know, full range of motion on your shoulder. You know what's issue?	No
noviolence_01-397_cloned	/generate_cloned_audio/qwen3_tts/violence/cloned audio/noviolence_01-397_cloned.wav	You guys jump out. Okay. Thank you for having me. Yeah, thank you so much for joining us. This was great. Thank you. See you guys in a minute.	No
noviolence_01-398_cloned	/generate_cloned_audio/qwen3_tts/violence/cloned audio/noviolence_01-398_cloned.wav	You know, we've been playing around the pool a lot lately, so we came to some of this interesting pool training with Laird Hamilton and through by Brian McKenzie. And it's things like, take this 45-	No
noviolence_01-399_cloned	/generate_cloned_audio/qwen3_tts/violence/cloned audio/noviolence_01-399_cloned.wav	and a pen dumbbell and swimming across the pool and back. Right? And what you'll see is you either hooked up and connected or you're not because you can't swim.	No
noviolence_01-4_cloned	/generate_cloned_audio/qwen3_tts/violence/cloned audio/noviolence_01-4_cloned.wav	A couple years later, Kelly came to my gym, did a seminar for us, and he kind of listened to what I was doing, some of my ideas, and he said, man, you got to take this out. You got to go create something with it.	No
noviolence_01-40_cloned	/generate_cloned_audio/qwen3_tts/violence/cloned audio/noviolence_01-40_cloned.wav	And as soon as we give them a schema in the formality of the gym, then we can come right back in and reapply. And that has been the evolution of our own practice. Interesting. That's really interesting.	No
noviolence_01-400_cloned	/generate_cloned_audio/qwen3_tts/violence/cloned audio/noviolence_01-400_cloned.wav	And so we create a situation where it's a one or zero in that, right? And you can tell the people who have good range of motion and are well connected, they can go back and forth. And that becomes...	No
noviolence_01-401_cloned	/generate_cloned_audio/qwen3_tts/violence/cloned audio/noviolence_01-401_cloned.wav	So interesting like test your fitness or test your	No
noviolence_01-402_cloned	/generate_cloned_audio/qwen3_tts/violence/cloned audio/noviolence_01-402_cloned.wav	competency in as many different realms as you can. And I think that's a big aspect of what I'm doing with Evolvmove Play, which is, look, human beings play in all these different patterns.	No
noviolence_01-403_cloned	/generate_cloned_audio/qwen3_tts/violence/cloned audio/noviolence_01-403_cloned.wav	Kids don't just, they're not just like, I'm just gonna run, that's all, that's it. That's my whole physical practice. They're like, oh, we were having fun running, we're kind of bored with that, now we're gonna go throw something. Now we're gonna go.	No
noviolence_01-404_cloned	/generate_cloned_audio/qwen3_tts/violence/cloned audio/noviolence_01-404_cloned.wav	play a ball game now we're going to go wrestle. My daughter is literally we just we had her Gen X tested yeah and she is at the 99th percentile for aerobic endurance function.	No
noviolence_01-405_cloned	/generate_cloned_audio/qwen3_tts/violence/cloned audio/noviolence_01-405_cloned.wav	beautiful. Right? And she's an amazing runner. Big kid. Like she's a runner. She runs as beautifully as any human being I've ever seen, right? Now 7. What I can... And she's so fast. And what I can...	No
noviolence_01-406_cloned	/generate_cloned_audio/qwen3_tts/violence/cloned audio/noviolence_01-406_cloned.wav	tell you is that we were like let's do some track and she's like I hate this yeah you know because it was the opposite of exactly you're talking about you know she's just like this is	No
noviolence_01-407_cloned	/generate_cloned_audio/qwen3_tts/violence/cloned audio/noviolence_01-407_cloned.wav	and she's like, so boring. And I'm like, no, no, it's so good for you. Go around to the 400. You can see why that didn't resonate with her at all. No, I mean, so there's an enormous.	No
noviolence_01-408_cloned	/generate_cloned_audio/qwen3_tts/violence/cloned audio/noviolence_01-408_cloned.wav	wisdom in play. Play like cats stalk and pounce things as kittens because that's how they catch their prey as adults. Dogs chase things and play tug-of-war and roughhouse because	No
noviolence_01-409_cloned	/generate_cloned_audio/qwen3_tts/violence/cloned audio/noviolence_01-409_cloned.wav	because that's how they catch things. So human children have an inherent idea of the basics. If you go back and look at George Shabair's Basics of Human Movement.	No
noviolence_01-41_cloned	/generate_cloned_audio/qwen3_tts/violence/cloned audio/noviolence_01-41_cloned.wav	That ties right into the big question I wanted to ask you guys, which was about this idea of how do we balance natural movement with a formal movement practice. You talked a lot about this and you've been talking about this for years.	No
noviolence_01-410_cloned	/generate_cloned_audio/qwen3_tts/violence/cloned audio/noviolence_01-410_cloned.wav	every kid is going to express those naturally in their play regularly. And what I think is really powerful about play is that this is also our best motivation system.	No
noviolence_01-411_cloned	/generate_cloned_audio/qwen3_tts/violence/cloned audio/noviolence_01-411_cloned.wav	Right. We're talking about okay. Do we gamify everything? Yeah, 100% And if you I mean and you you're you're so spot-on. I think if you could game everything	No
noviolence_01-412_cloned	/generate_cloned_audio/qwen3_tts/violence/cloned audio/noviolence_01-412_cloned.wav	And literally, I think when Cross Run, they put it on a clock, it became a game. And that's why people were motivated by winning and losing or playing a game or competing or being on a team or solving a problem.	No
noviolence_01-413_cloned	/generate_cloned_audio/qwen3_tts/violence/cloned audio/noviolence_01-413_cloned.wav	I mean one you nailed it	No
noviolence_01-414_cloned	/generate_cloned_audio/qwen3_tts/violence/cloned audio/noviolence_01-414_cloned.wav	now let's take that consciousness and actually enrich the games. I think that's so smart. Yeah, so that's what we're working on. And that brings me back to this kind of the...	No
noviolence_01-415_cloned	/generate_cloned_audio/qwen3_tts/violence/cloned audio/noviolence_01-415_cloned.wav	the really interesting question for me, because I'm doing this natural movement thing, and I've gone really deep into this aspect of kind of, what is this inherent wisdom of the body?	No
noviolence_01-416_cloned	/generate_cloned_audio/qwen3_tts/violence/cloned audio/noviolence_01-416_cloned.wav	what does my body want to do? Like right now actually, I'd like to be able to squat a little bit.	No
noviolence_01-417_cloned	/generate_cloned_audio/qwen3_tts/violence/cloned audio/noviolence_01-417_cloned.wav	right? So...	No
noviolence_01-418_cloned	/generate_cloned_audio/qwen3_tts/violence/cloned audio/noviolence_01-418_cloned.wav	We're standing an extension for quite a long time.	No
noviolence_01-419_cloned	/generate_cloned_audio/qwen3_tts/violence/cloned audio/noviolence_01-419_cloned.wav	body wants to go into flexion.	No
noviolence_01-42_cloned	/generate_cloned_audio/qwen3_tts/violence/cloned audio/noviolence_01-42_cloned.wav	idea we need a formal movement practice. Now within my own work what I've been doing is taking people out into the woods and what I found is that when I kind of put people	No
noviolence_01-420_cloned	/generate_cloned_audio/qwen3_tts/violence/cloned audio/noviolence_01-420_cloned.wav	are we listening to those signals?	No
noviolence_01-421_cloned	/generate_cloned_audio/qwen3_tts/violence/cloned audio/noviolence_01-421_cloned.wav	That's not necessarily a game, but that's the type of intuitive wisdom that's coming out of moving.	No
noviolence_01-422_cloned	/generate_cloned_audio/qwen3_tts/violence/cloned audio/noviolence_01-422_cloned.wav	We have to understand that we're not natural movers. We're not in a natural situation. Sitting at a desk for any extended period of time is not what a human being naturally does.	No
noviolence_01-423_cloned	/generate_cloned_audio/qwen3_tts/violence/cloned audio/noviolence_01-423_cloned.wav	being in a car for an extended period of time, being on flat ground. I love what Kitty says about casts, being in casts and flat ground. We don't think about the fact that, yeah you're doing all this cool movement practice but...	No
noviolence_01-424_cloned	/generate_cloned_audio/qwen3_tts/violence/cloned audio/noviolence_01-424_cloned.wav	It's flat, man. Okay, you've got great crawling patterns on flat ground.	No
noviolence_01-425_cloned	/generate_cloned_audio/qwen3_tts/violence/cloned audio/noviolence_01-425_cloned.wav	Why does a human being need to be able to do a million different crawling patterns on flat ground? I think also you're getting to the Interesting pieces one of the art	No
noviolence_01-426_cloned	/generate_cloned_audio/qwen3_tts/violence/cloned audio/noviolence_01-426_cloned.wav	So a lot of the conversation I have with my coach friends is what are the elements of formal practice that make...	No
noviolence_01-427_cloned	/generate_cloned_audio/qwen3_tts/violence/cloned audio/noviolence_01-427_cloned.wav	physical competency in children. Yeah. I think it's a sliding sport.	No
noviolence_01-428_cloned	/generate_cloned_audio/qwen3_tts/violence/cloned audio/noviolence_01-428_cloned.wav	Right? So you're surfing, you're skating, you're skiing.	No
noviolence_01-429_cloned	/generate_cloned_audio/qwen3_tts/violence/cloned audio/noviolence_01-429_cloned.wav	probably some hand eye. You've got to have some hand eye and then there's somewhere, you know, whether you like it or not. Like swinging a racket. My daughters play volleyball. There's something like some aspect because you know...	No
noviolence_01-43_cloned	/generate_cloned_audio/qwen3_tts/violence/cloned audio/noviolence_01-43_cloned.wav	in the environments that their bodies evolve for. There's a lot of self-organization of really good movement solutions. So when I teach someone, say, a step vault.	No
noviolence_01-430_cloned	/generate_cloned_audio/qwen3_tts/violence/cloned audio/noviolence_01-430_cloned.wav	Georgia now can catch a ball and throw like it's her job because she plays volleyball all the time, right? She's competent manipulating something moving in space, right?	No
noviolence_01-431_cloned	/generate_cloned_audio/qwen3_tts/violence/cloned audio/noviolence_01-431_cloned.wav	You'd be amazed at some of the guys in the parkour community, the most beautiful, amazing movers you've ever seen, flipping off buildings, cannot catch a ball for their lives.	No
noviolence_01-432_cloned	/generate_cloned_audio/qwen3_tts/violence/cloned audio/noviolence_01-432_cloned.wav	couldn't shoot a basket at all.	No
noviolence_01-433_cloned	/generate_cloned_audio/qwen3_tts/violence/cloned audio/noviolence_01-433_cloned.wav	those systems are connected, right? In order to be a great basketball player, you need to be able to run and jump well. But in order to run and jump well, you don't actually need to be able to have hand-eye coordination.	No
noviolence_01-434_cloned	/generate_cloned_audio/qwen3_tts/violence/cloned audio/noviolence_01-434_cloned.wav	to be a good human mover, you got to have both. You know, I was in football, so I'm good at pattern recognition, but I really thought I wanted to play high level football.	No
noviolence_01-435_cloned	/generate_cloned_audio/qwen3_tts/violence/cloned audio/noviolence_01-435_cloned.wav	I wasn't my whole life for a while. And I was really good when things were happening. Man, it was like slow motion and I was always, and then get the tackle or find the seam.	No
noviolence_01-436_cloned	/generate_cloned_audio/qwen3_tts/violence/cloned audio/noviolence_01-436_cloned.wav	And it's because I spent so much time kayaking and skiing where I was taking input and making pattern and making decisions about what was happening in real time. And I'm like, oh yeah, because I've been kayaking since I was...	No
noviolence_01-437_cloned	/generate_cloned_audio/qwen3_tts/violence/cloned audio/noviolence_01-437_cloned.wav	12, by the time I was tackling when I was 17, you know, I was like, this is the same and coming to it now. Because what I'm really talking about is, you know, what one of the...	No
noviolence_01-438_cloned	/generate_cloned_audio/qwen3_tts/violence/cloned audio/noviolence_01-438_cloned.wav	definitions we have of best athlete and I say athlete I mean like best human is who can pick up the skill the fastest yeah what set of preconditions	No
noviolence_01-439_cloned	/generate_cloned_audio/qwen3_tts/violence/cloned audio/noviolence_01-439_cloned.wav	create so that someone you can pick up a brand new skill and a you can substitute the word for skill for sport or skill for survival or skill for movement or skill for richness, right?	No
noviolence_01-44_cloned	/generate_cloned_audio/qwen3_tts/violence/cloned audio/noviolence_01-44_cloned.wav	if I try to teach them a really systematic kind of step by step variation of the step ball.	No
noviolence_01-440_cloned	/generate_cloned_audio/qwen3_tts/violence/cloned audio/noviolence_01-440_cloned.wav	what preconditions need to exist that you have the language that suddenly you can just transplant over? That becomes a very intellectually interesting question.	No
noviolence_01-441_cloned	/generate_cloned_audio/qwen3_tts/violence/cloned audio/noviolence_01-441_cloned.wav	our daughters are on the swim team. And it's not because I want them to be swimmers. I don't think they're not going to the Olympics and swimming. I can tell you that. Yeah. But the breathing that it forces, like they	No
noviolence_01-442_cloned	/generate_cloned_audio/qwen3_tts/violence/cloned audio/noviolence_01-442_cloned.wav	We have to learn how to breathe and work, right? So we start to get some cardio respiratory training at an early age and you know, it takes decades to develop that system.	No
noviolence_01-443_cloned	/generate_cloned_audio/qwen3_tts/violence/cloned audio/noviolence_01-443_cloned.wav	They're competent in the water. They are like, you know, they can swim, they can hold their breath, they can go down to the bottom of our 11 foot pool. You know, our pool is 11 feet deep, they can carry dumbbells, they're just so functional.	No
noviolence_01-444_cloned	/generate_cloned_audio/qwen3_tts/violence/cloned audio/noviolence_01-444_cloned.wav	in that water that I've been able, now we can go surf. Now we have a language where our kids are so fluent in these other things. So that really for me becomes	No
noviolence_01-445_cloned	/generate_cloned_audio/qwen3_tts/violence/cloned audio/noviolence_01-445_cloned.wav	comes the interesting question, what are the core blocks that make the meal of who we should be as a human, and how does that evolve? Boy, this is a life's work to work on.	No
noviolence_01-446_cloned	/generate_cloned_audio/qwen3_tts/violence/cloned audio/noviolence_01-446_cloned.wav	really interesting because when we get out into the wild it's generally a totally different thing right like when I was I went surfing recently I haven't done a lot of surfing but I really enjoyed it a couple times	No
noviolence_01-447_cloned	/generate_cloned_audio/qwen3_tts/violence/cloned audio/noviolence_01-447_cloned.wav	I went and so we went out surfing and I was sitting there waiting for the wave and getting smashed by this water and there's current coming sideways, right? So we got the waves coming in. We've got the current. We've got all the things going on	No
noviolence_01-448_cloned	/generate_cloned_audio/qwen3_tts/violence/cloned audio/noviolence_01-448_cloned.wav	underneath me and then you have we went up for two days and the first day the waves were kind of cra we're cresting at a certain rate and the next day they're cresting at a different rate and so it meant that	No
noviolence_01-449_cloned	/generate_cloned_audio/qwen3_tts/violence/cloned audio/noviolence_01-449_cloned.wav	timing of when you jumped on the board was actually totally different between the two days and and I'm thinking to myself wow this is the most amazing movement nutrition right think about all the different	No
noviolence_01-45_cloned	/generate_cloned_audio/qwen3_tts/violence/cloned audio/noviolence_01-45_cloned.wav	that can actually take longer than putting them in the right environment and just giving them a set of constraints and letting them go through it. And then when they learn it that with the kind of self-organization...	No
noviolence_01-450_cloned	/generate_cloned_audio/qwen3_tts/violence/cloned audio/noviolence_01-450_cloned.wav	systems that are being turned on and engaged for my body when I'm in that environment, my brain. And yet, all the surfers I know who don't also have a full practice have bad backs, bad shoulders, not very fit.	No
noviolence_01-451_cloned	/generate_cloned_audio/qwen3_tts/violence/cloned audio/noviolence_01-451_cloned.wav	fit, can't run. So what we were seeing is like, well, take my skill set, drop into an environment and if that's the only thing I do and the	No
noviolence_01-452_cloned	/generate_cloned_audio/qwen3_tts/violence/cloned audio/noviolence_01-452_cloned.wav	Get off on surfing, dude surf! But just do not pretend that you're not going to have some blind spots. So we have this, you have to move like a human being. You have to engage the whole...	No
noviolence_01-453_cloned	/generate_cloned_audio/qwen3_tts/violence/cloned audio/noviolence_01-453_cloned.wav	physical system. If you're not throwing, your shoulders not developing. I mean that's probably the single most unique human movement adaption. People talk about our endurance learning.	No
noviolence_01-454_cloned	/generate_cloned_audio/qwen3_tts/violence/cloned audio/noviolence_01-454_cloned.wav	We're pretty good at that. Wolves are pretty amazing at that. A lot of other animals. There's nothing else that can throw a 90 mile an hour fastball. There's nothing else that can put a at a loud through a wooly mammoth.	No
noviolence_01-455_cloned	/generate_cloned_audio/qwen3_tts/violence/cloned audio/noviolence_01-455_cloned.wav	using that a lot of spirit through the woman and man. So here, do you have hand-eye coordination? Can you throw? If you're not doing that, that's something you're missing. Can you jump? Can you squat?	No
noviolence_01-456_cloned	/generate_cloned_audio/qwen3_tts/violence/cloned audio/noviolence_01-456_cloned.wav	You know, I think it was you who told me that there was a correlation between kids who, I can't remember who it was, but kids who had a tree in their backyard and were able to do pull-ups. Well, kids who live in snow environments...	No
noviolence_01-457_cloned	/generate_cloned_audio/qwen3_tts/violence/cloned audio/noviolence_01-457_cloned.wav	can all throw because there's snowballs. Literally, swear to God, there's one to one. It's really cool, you know? That my kids suddenly become very interested in learning how to throw when they're.	No
noviolence_01-458_cloned	/generate_cloned_audio/qwen3_tts/violence/cloned audio/noviolence_01-458_cloned.wav	Yeah, so with the wild movement, the natural movement, what I'm trying to do is say, how do we find these environments that are really rich and really get people to naturally engage?	No
noviolence_01-459_cloned	/generate_cloned_audio/qwen3_tts/violence/cloned audio/noviolence_01-459_cloned.wav	with this movement. But there's a tendency here that I think this is what I'm really interested in getting your perspective on. There's a tendency to kind of think, well we don't need that formal.	No
noviolence_01-46_cloned	/generate_cloned_audio/qwen3_tts/violence/cloned audio/noviolence_01-46_cloned.wav	what we see is that the system is more robust because it happened at a subcognitive level.	No
noviolence_01-460_cloned	/generate_cloned_audio/qwen3_tts/violence/cloned audio/noviolence_01-460_cloned.wav	stuff once we've engaged in the playful stuff because obviously that's kind of the root. Like we didn't always have a formal education system. We just lived as natural human beings, we self-organized and it was great.	No
noviolence_01-461_cloned	/generate_cloned_audio/qwen3_tts/violence/cloned audio/noviolence_01-461_cloned.wav	The problem is that most people are nowhere near having a full natural life. They have a natural movement session and they go back to living an unnatural life.	No
noviolence_01-462_cloned	/generate_cloned_audio/qwen3_tts/violence/cloned audio/noviolence_01-462_cloned.wav	And even if they're like, even if they can burn their clothes and go live in the woods, how many years of that do they have versus the thousands of hours of sitting that they've gone behind? The show that my kids...	No
noviolence_01-463_cloned	/generate_cloned_audio/qwen3_tts/violence/cloned audio/noviolence_01-463_cloned.wav	watch and I let them watch obsessively is naked and afraid, which is such a beautiful expression. And my kids watch it for the environmental loads and it's because it's funny that they're naked.	No
noviolence_01-464_cloned	/generate_cloned_audio/qwen3_tts/violence/cloned audio/noviolence_01-464_cloned.wav	But we watch it because it's interpersonal of the physicality, like solving these problems and how that gets you to expose your foibles and your vulnerabilities.	No
noviolence_01-465_cloned	/generate_cloned_audio/qwen3_tts/violence/cloned audio/noviolence_01-465_cloned.wav	and the holes in your psyche about being cold, being comfortable, you know, we started a cold, an ice bath practice for central nervous system. We keep it as	No
noviolence_01-466_cloned	/generate_cloned_audio/qwen3_tts/violence/cloned audio/noviolence_01-466_cloned.wav	far away from training. I'm not talking about icing after training. But it resets the central nervous system and trains us to like so when Georgia takes an ice bath every day.	No
noviolence_01-467_cloned	/generate_cloned_audio/qwen3_tts/violence/cloned audio/noviolence_01-467_cloned.wav	she goes to bed. Like there's three inches of ice and she lowers herself in the water and she knows that it's not about how long she stays in the water because that can be variable, it's about how well she...	No
noviolence_01-468_cloned	/generate_cloned_audio/qwen3_tts/violence/cloned audio/noviolence_01-468_cloned.wav	when she's in the water so she doesn't default to this like shock breath she's taking these full breaths you know and that's the consciousness that we can see.	No
noviolence_01-469_cloned	/generate_cloned_audio/qwen3_tts/violence/cloned audio/noviolence_01-469_cloned.wav	could then put back on to, you know, how much formal training do I need? You need enough to support that. That's all and no more. You know, in fact, the more...	No
noviolence_01-47_cloned	/generate_cloned_audio/qwen3_tts/violence/cloned audio/noviolence_01-47_cloned.wav	Well, you know what?	No
noviolence_01-470_cloned	/generate_cloned_audio/qwen3_tts/violence/cloned audio/noviolence_01-470_cloned.wav	time you spend here, the richness that is great, you know, Jeremy Jones, one of our favorite snowboarders, a friend of ours, he was like, look, I'm going to go into the world and carry a pack.	No
noviolence_01-471_cloned	/generate_cloned_audio/qwen3_tts/violence/cloned audio/noviolence_01-471_cloned.wav	I'd better carry a pack in the world. Because that's the best way to get in a train. Trains on this uneven train with a heavy backpack, right? That's how he gets ready to climb mountains with a backpack on. Karma.	No
noviolence_01-472_cloned	/generate_cloned_audio/qwen3_tts/violence/cloned audio/noviolence_01-472_cloned.wav	That guy also has a pretty good practice back home, and it's enough. Will Gad is another great guy, phenomenal paraglider, Red Bull athlete, and he...	No
noviolence_01-473_cloned	/generate_cloned_audio/qwen3_tts/violence/cloned audio/noviolence_01-473_cloned.wav	sets up his house to be a jungle gym play where he can do his formal stuff and sometimes it's very rote. He rows and does deadlifts like that is just you	No
noviolence_01-474_cloned	/generate_cloned_audio/qwen3_tts/violence/cloned audio/noviolence_01-474_cloned.wav	know for me that like the simplest expression of formal I have a hundred and eighty pound stone at home I run a little bit I pick up the stone until I don't want to and I run a little bit more and I pick up the stone	No
noviolence_01-475_cloned	/generate_cloned_audio/qwen3_tts/violence/cloned audio/noviolence_01-475_cloned.wav	and then I do that until I'm done. Yeah. And it's open-ended. There's no clock. So I'm starting to fatigue, I'm slowing down, there's something, thing, or I'm going really long. I'll leave it an open-ended test.	No
noviolence_01-476_cloned	/generate_cloned_audio/qwen3_tts/violence/cloned audio/noviolence_01-476_cloned.wav	But for me, I'm like that is very formal and not very sexy and I haven't touched any corners But it's the minimum dose to keep myself alive until I have the time to be more	No
noviolence_01-477_cloned	/generate_cloned_audio/qwen3_tts/violence/cloned audio/noviolence_01-477_cloned.wav	Yeah, the minimal dose everything are taking care of what is the thing that you have to take care of every day? Like for me, it's been this idea of get up and take a walk and a walk for me isn't just like	No
noviolence_01-478_cloned	/generate_cloned_audio/qwen3_tts/violence/cloned audio/noviolence_01-478_cloned.wav	like walking on flat ground. I go somewhere in nature and I'll climb a tree. I will do some low level vaults, but it's all kind of at that walking pace. It's all at this like.	No
noviolence_01-479_cloned	/generate_cloned_audio/qwen3_tts/violence/cloned audio/noviolence_01-479_cloned.wav	I'm not trying to stress my body out. I'm not trying to push to intensity. I love it. I'm working on something I'm calling like, it's sun salutation for the modern person.	No
noviolence_01-48_cloned	/generate_cloned_audio/qwen3_tts/violence/cloned audio/noviolence_01-48_cloned.wav	I think what's really important to understand is that if we overlay what modern life looks like, people are really busy.	No
noviolence_01-480_cloned	/generate_cloned_audio/qwen3_tts/violence/cloned audio/noviolence_01-480_cloned.wav	Like what is a five minute practice in your gym, I mean in your garage, where you always touch these corners so that they don't go blind to you for a day or two. Cause that's the problem. You know, hey, by the way,	No
noviolence_01-481_cloned	/generate_cloned_audio/qwen3_tts/violence/cloned audio/noviolence_01-481_cloned.wav	Since no one programmed pull-ups for you in a week. You haven't put your arms over your head in a week You know what I mean? Like what do you think happens if you didn't touch your face for a week? You'd be like, oh, it's so sick	No
noviolence_01-482_cloned	/generate_cloned_audio/qwen3_tts/violence/cloned audio/noviolence_01-482_cloned.wav	I can't touch my face. So that's the question is you know are we Movement snacking enough today where I can hit those things a good warm	No
noviolence_01-483_cloned	/generate_cloned_audio/qwen3_tts/violence/cloned audio/noviolence_01-483_cloned.wav	warm up, dedicated warm up, can at least get you to touch those positions in your brain and tell the tissues, we're not going there a lot today, but we're still going there.	No
noviolence_01-484_cloned	/generate_cloned_audio/qwen3_tts/violence/cloned audio/noviolence_01-484_cloned.wav	And that's that's that idea. You know that's why I love climbing trees is because all of a sudden overhead gonna happen Reaching in all these little different corners being	No
noviolence_01-485_cloned	/generate_cloned_audio/qwen3_tts/violence/cloned audio/noviolence_01-485_cloned.wav	You know in this position reaching this way reaching this way reaching side to side Full dorsiflexion of the ankle. Massive. Wow also stretching all the way through here. So you're	No
noviolence_01-486_cloned	/generate_cloned_audio/qwen3_tts/violence/cloned audio/noviolence_01-486_cloned.wav	that fascia all the way from the hand down into the foot. Or, comma, just climbing a tree. Just climbing a tree, yeah. Climbing a tree is a huge, is actually, I think, a really...	No
noviolence_01-487_cloned	/generate_cloned_audio/qwen3_tts/violence/cloned audio/noviolence_01-487_cloned.wav	wonderful way to try and hit all these corners that you talk about. We're working on a dedicate teaching space near our house just for courses and the gym...	No
noviolence_01-488_cloned	/generate_cloned_audio/qwen3_tts/violence/cloned audio/noviolence_01-488_cloned.wav	structure you had at Park Revisions has lived in my brain because the kids come in and they start climbing like monkeys and it's amazing to see. Right? And there's the swinging and	No
noviolence_01-489_cloned	/generate_cloned_audio/qwen3_tts/violence/cloned audio/noviolence_01-489_cloned.wav	Literally, we pick up my daughter, my younger, we pick up our kids yesterday after care, and Carolyn's, wait, wait, wait, wait, and she walks over to this bench, and it's her thing she does before she gets in the car, and she jumps and she tries to.	No
noviolence_01-49_cloned	/generate_cloned_audio/qwen3_tts/violence/cloned audio/noviolence_01-49_cloned.wav	One aspect of that is, what's the most efficient way to teach someone a skill? Well, hey, maybe teaching someone in this artificial fake outdoor gym, right? Which is like any parkour gym.	No
noviolence_01-490_cloned	/generate_cloned_audio/qwen3_tts/violence/cloned audio/noviolence_01-490_cloned.wav	spin around twice and get back to the bench. And it's just like her game. And she's like, I messed it up. And she does it like six times. And finally I'm like, Caroline, that's enough to swing it. How dare you? Like, you know, but that.	No
noviolence_01-491_cloned	/generate_cloned_audio/qwen3_tts/violence/cloned audio/noviolence_01-491_cloned.wav	that thing, you know, those are the things, you know, we have a slackline in our house, our kids are in the pool every day, you know, we, we, we, you know, we're in the garage.	No
noviolence_01-492_cloned	/generate_cloned_audio/qwen3_tts/violence/cloned audio/noviolence_01-492_cloned.wav	and I have a rope in the garage and gymnastics rings. And it's just noise. And I think that's what's fun, is that you can turn play into all day long. It doesn't have to be formal play. It can just be.	No
noviolence_01-493_cloned	/generate_cloned_audio/qwen3_tts/violence/cloned audio/noviolence_01-493_cloned.wav	spontaneous play, then, you know, one of the great things is that we, I really want my kids to skateboard. I picked up skating late, even though I could ski, so I picked up fast.	No
noviolence_01-494_cloned	/generate_cloned_audio/qwen3_tts/violence/cloned audio/noviolence_01-494_cloned.wav	But we just got this golf board, which is like an electric golfing surfboard. It was invented for golf, but it's like a surfboard. But it goes 12 miles an hour and it really...	No
noviolence_01-495_cloned	/generate_cloned_audio/qwen3_tts/violence/cloned audio/noviolence_01-495_cloned.wav	turns and Georgia is on it like she comes home she's going out for the golfboard and watching her figure out where to put her hip and weight balance and plan ahead and you know I'm like wow	No
noviolence_01-496_cloned	/generate_cloned_audio/qwen3_tts/violence/cloned audio/noviolence_01-496_cloned.wav	You know, just more background noise. You know, just fantastic. Yeah, create more rich movement environments. Like this is a big part of this movement hygiene thing is, what do you have available to you?	No
noviolence_01-497_cloned	/generate_cloned_audio/qwen3_tts/violence/cloned audio/noviolence_01-497_cloned.wav	Right everyone needs something they can hang from right everyone needs. I think you use diverse services, right? You shouldn't be on flat hard ground all the time like if we can have just	No
noviolence_01-498_cloned	/generate_cloned_audio/qwen3_tts/violence/cloned audio/noviolence_01-498_cloned.wav	an outdoor place for someone to go where they can squat down on something that's not just the same type of surface that they've been in on indoors all the time. We can take a walk on something like that.	No
noviolence_01-499_cloned	/generate_cloned_audio/qwen3_tts/violence/cloned audio/noviolence_01-499_cloned.wav	that. The more stuff that we can get like this and just feed the nervous system, feed the tissues, more different loading vectors, more kinesthetic information.	No
noviolence_01-5_cloned	/generate_cloned_audio/qwen3_tts/violence/cloned audio/noviolence_01-5_cloned.wav	that's broader than just a gym and that was really kind of the push that started the Evolve Mood Play process so I'll always be a huge fan of Kelly and incredibly thankful to these guys.	No
noviolence_01-50_cloned	/generate_cloned_audio/qwen3_tts/violence/cloned audio/noviolence_01-50_cloned.wav	It doesn't resonate and it doesn't block the pattern. So what we're saying is, for example, if I'm trying to get someone to do a better burpee or to learn the mechanics of jumping landing safe, if I say put your feet together...	No
noviolence_01-500_cloned	/generate_cloned_audio/qwen3_tts/violence/cloned audio/noviolence_01-500_cloned.wav	You're gonna have a structure that's more resilient, more adaptable, and you're gonna be a lot happier and have more fun. Well, you know, I think you know that sounds great and then you go to New York City.	No
noviolence_01-501_cloned	/generate_cloned_audio/qwen3_tts/violence/cloned audio/noviolence_01-501_cloned.wav	city and you're like okay it's gonna be trickier. So then it really becomes a question of you know what aspects of that play or that richness can I incorporate and I think that's what we need to do.	No
noviolence_01-502_cloned	/generate_cloned_audio/qwen3_tts/violence/cloned audio/noviolence_01-502_cloned.wav	You know a move a natural movement practice is high concept shouldn't be but it's high concept the way we live now Yeah, so how do we take the best tenants of that?	No
noviolence_01-503_cloned	/generate_cloned_audio/qwen3_tts/violence/cloned audio/noviolence_01-503_cloned.wav	and apply. And that's what we need to do. You know, even if it means, hey, these are monkey bars. Show me how creative you can get on the monkey bar. Let's play a monkey bar game where you can't do the same pass twice. And we're going to do this for 30 minutes.	No
noviolence_01-504_cloned	/generate_cloned_audio/qwen3_tts/violence/cloned audio/noviolence_01-504_cloned.wav	Boy, that becomes very, very, very interesting very quickly. So these are the ongoing conversations I think are important. Some things that I've learned is that.	No
noviolence_01-505_cloned	/generate_cloned_audio/qwen3_tts/violence/cloned audio/noviolence_01-505_cloned.wav	I started a breathing practice. Huge. It's 15 minutes every day. And it's not about meditation. That's a side effect. It's about mechanical ventilation. And then I do a breath holds on the end.	No
noviolence_01-506_cloned	/generate_cloned_audio/qwen3_tts/violence/cloned audio/noviolence_01-506_cloned.wav	this is Wim Hof, I've gone down that Wim Hof pathway and you know like I don't feel right unless I've primed you know and boy that's almost like stretching for my lungs.	No
noviolence_01-507_cloned	/generate_cloned_audio/qwen3_tts/violence/cloned audio/noviolence_01-507_cloned.wav	in a least term, right? But also the consciousness. You know, thinking about hey, I want to do a goal. So, something I taper my movement...	No
noviolence_01-508_cloned	/generate_cloned_audio/qwen3_tts/violence/cloned audio/noviolence_01-508_cloned.wav	practice into solving a goal problem.	No
noviolence_01-509_cloned	/generate_cloned_audio/qwen3_tts/violence/cloned audio/noviolence_01-509_cloned.wav	you know, hey, I'm gonna just try to eat more vegetables in a day. Those are the things I think can be a constant conversation. And remember, I think the pendulum does this.	No
noviolence_01-51_cloned	/generate_cloned_audio/qwen3_tts/violence/cloned audio/noviolence_01-51_cloned.wav	automatically you're protected. So I can block your movement patterning and automatically get a better response. If I'm on a on a limb I'm gonna get the same response and so you	No
noviolence_01-510_cloned	/generate_cloned_audio/qwen3_tts/violence/cloned audio/noviolence_01-510_cloned.wav	right? And you catch perfect.	No
noviolence_01-511_cloned	/generate_cloned_audio/qwen3_tts/violence/cloned audio/noviolence_01-511_cloned.wav	Every other time, but there's a moment. We're like damn it. I crushed it today, and then tomorrow You're on an airplane and you're crippled. So what does that mean? How do I manage that those?	No
noviolence_01-512_cloned	/generate_cloned_audio/qwen3_tts/violence/cloned audio/noviolence_01-512_cloned.wav	the applications I think we can really change people's lives.	No
noviolence_01-513_cloned	/generate_cloned_audio/qwen3_tts/violence/cloned audio/noviolence_01-513_cloned.wav	Yeah, how we can find that in some balance between.	No
noviolence_01-514_cloned	/generate_cloned_audio/qwen3_tts/violence/cloned audio/noviolence_01-514_cloned.wav	Find what you love, engage with it, engage in play, and find the thing that motivates you, but then ask yourself, what are you missing?	No
noviolence_01-515_cloned	/generate_cloned_audio/qwen3_tts/violence/cloned audio/noviolence_01-515_cloned.wav	What is the thing that is going to unlock that next level for you? Yeah, you know, if you can't do a pull-up, red flag. You know, if you can't do a push-up, red flag. You know, if you can't...	No
noviolence_01-516_cloned	/generate_cloned_audio/qwen3_tts/violence/cloned audio/noviolence_01-516_cloned.wav	If you can't squat all the way down with your ankles on the ground, red flag. And that doesn't mean, and this is the goal I think for people is that we say muscles and tissues are obedient dogs. It means that you're always in a lim-	No
noviolence_01-517_cloned	/generate_cloned_audio/qwen3_tts/violence/cloned audio/noviolence_01-517_cloned.wav	learning state and you can always learn and pick up a new skill always. Tush has become a little less compliant, but they'll come around always. So it's never too late to have a conversation and we recognize it.	No
noviolence_01-518_cloned	/generate_cloned_audio/qwen3_tts/violence/cloned audio/noviolence_01-518_cloned.wav	People come from some background that, you know, I don't know your injury history, I don't know your work history, your stress history, I don't know if you had cancer. Doesn't matter. You're either complete or incomplete. Right? It's yes or no.	No
noviolence_01-519_cloned	/generate_cloned_audio/qwen3_tts/violence/cloned audio/noviolence_01-519_cloned.wav	it's developing, it's not good or bad, it's just you have incomplete shoulder position. I don't know, because you carry body armor and a gun for six months, you know? So great, well that allows us, so that what we need to do then.	No
noviolence_01-52_cloned	/generate_cloned_audio/qwen3_tts/violence/cloned audio/noviolence_01-52_cloned.wav	by removing some of the variability, possibility, you get the true expression of what we're after. So that becomes, you know, important and also that ag...	No
noviolence_01-520_cloned	/generate_cloned_audio/qwen3_tts/violence/cloned audio/noviolence_01-520_cloned.wav	The only other critique I have about what's happening is that people are not also thinking this is a diagnostic process.	No
noviolence_01-521_cloned	/generate_cloned_audio/qwen3_tts/violence/cloned audio/noviolence_01-521_cloned.wav	Hopefully the movement practice starts to solve some things, but I can also guarantee you that we are incomplete movers because we're modern. Because we can't...	No
noviolence_01-522_cloned	/generate_cloned_audio/qwen3_tts/violence/cloned audio/noviolence_01-522_cloned.wav	come to it late, right? Yeah, this is a really interesting thing for me, is going into formal systems, trying to learn the diagnostics, and then trying to apply them to a natural movement.	No
noviolence_01-523_cloned	/generate_cloned_audio/qwen3_tts/violence/cloned audio/noviolence_01-523_cloned.wav	I need to know what your shoulder can do. I need to know what's happening at your hip. I need to know what's happening at your ankle.	No
noviolence_01-524_cloned	/generate_cloned_audio/qwen3_tts/violence/cloned audio/noviolence_01-524_cloned.wav	And now that I've developed a really good eye for that using FMS, using some of your stuff, some of Katie's stuff, whatever it is, now when I take somebody out and have them move in a tree...	No
noviolence_01-525_cloned	/generate_cloned_audio/qwen3_tts/violence/cloned audio/noviolence_01-525_cloned.wav	and climb, all of a sudden the pattern becomes clear. So we have to be going back and forth between formalizing and objectivizing these physical exercises. Finding.	No
noviolence_01-526_cloned	/generate_cloned_audio/qwen3_tts/violence/cloned audio/noviolence_01-526_cloned.wav	what is there and then going back to what is the root of them because	No
noviolence_01-527_cloned	/generate_cloned_audio/qwen3_tts/violence/cloned audio/noviolence_01-527_cloned.wav	We'll never capture all the information of what it means to move through a tree in any formalized... Well, what do I need to do? Why do I need to do a pistol? I mean, literally, a one-legged squad...	No
noviolence_01-528_cloned	/generate_cloned_audio/qwen3_tts/violence/cloned audio/noviolence_01-528_cloned.wav	I'm never going to do that in nature. Until I'm on a tree and I'm lowering myself to another tree or I'm on the edge of a cliff or edge of a step and I have to lower down. And then I'm in that position automatically.	No
noviolence_01-529_cloned	/generate_cloned_audio/qwen3_tts/violence/cloned audio/noviolence_01-529_cloned.wav	Yeah, you know and I think that's the the issues that we were just not clever enough to have connected the dots What we recognize is the pistol forces me to have full range of motion control on a single leg, right?	No
noviolence_01-53_cloned	/generate_cloned_audio/qwen3_tts/violence/cloned audio/noviolence_01-53_cloned.wav	so we can take that concept and say...	No
noviolence_01-530_cloned	/generate_cloned_audio/qwen3_tts/violence/cloned audio/noviolence_01-530_cloned.wav	the thing full hip range of motion but that's not the thing that we actually care about at all. In fact training that that's good but more importantly being able to understand it and see how it relates and see that that is	No
noviolence_01-531_cloned	/generate_cloned_audio/qwen3_tts/violence/cloned audio/noviolence_01-531_cloned.wav	the diagnostic and that's why I think we've had good success with M.Y. to saying the language, classic language of conditioning.	No
noviolence_01-532_cloned	/generate_cloned_audio/qwen3_tts/violence/cloned audio/noviolence_01-532_cloned.wav	and strengthening can also be a diagnostic tool. So that we can converge what everyone agrees on because I don't care if you believe in you're in the world, I know you believe in the.	No
noviolence_01-533_cloned	/generate_cloned_audio/qwen3_tts/violence/cloned audio/noviolence_01-533_cloned.wav	push up or getting up off the ground. Right? And this is a crappy pattern. And this is a pattern that translates to everything else. Right? So why aren't we seeing that? Well, it's...	No
noviolence_01-534_cloned	/generate_cloned_audio/qwen3_tts/violence/cloned audio/noviolence_01-534_cloned.wav	to see that in more dynamic environments with a little bit more noise, it's easier to see it on the ground. And so as soon as you can then see it...	No
noviolence_01-535_cloned	/generate_cloned_audio/qwen3_tts/violence/cloned audio/noviolence_01-535_cloned.wav	then maybe need to do it less on the ground, right? Less than the gym. But we have to give people the language, because what I have seen over the last 30 years or 40 years is that it's just not working.	No
noviolence_01-536_cloned	/generate_cloned_audio/qwen3_tts/violence/cloned audio/noviolence_01-536_cloned.wav	let's do more of it, I don't know why, oh you got hurt, oh that's, you know, that's where we can really start to make changes. And we can improve this. You experienced this your.	No
noviolence_01-537_cloned	/generate_cloned_audio/qwen3_tts/violence/cloned audio/noviolence_01-537_cloned.wav	going through kind of a wild practice saying you know I'm pushing I'm pushing I'm doing all these really cool things I'm gaining but stuff's getting stuck and I don't know what it is that's right go into a more formal	No
noviolence_01-538_cloned	/generate_cloned_audio/qwen3_tts/violence/cloned audio/noviolence_01-538_cloned.wav	practice you learn something you can go back and say oh well that's obvious that if my shoulder was in the wrong position that's right that I'm not gonna be able to keep getting better at paddling at a certain point.	No
noviolence_01-539_cloned	/generate_cloned_audio/qwen3_tts/violence/cloned audio/noviolence_01-539_cloned.wav	gonna get broken. And that's what's amazing. And then also we do see people who, it's apologetics, where they're like, oh I don't go into the gym. We have two neighbors who are like mountain bikers.	No
noviolence_01-54_cloned	/generate_cloned_audio/qwen3_tts/violence/cloned audio/noviolence_01-54_cloned.wav	you know, what is it about our lives and our daily practice?	No
noviolence_01-540_cloned	/generate_cloned_audio/qwen3_tts/violence/cloned audio/noviolence_01-540_cloned.wav	Like we were training in our garage and we have a pretty sophisticated movement practice to let it on for a couple of middle-aged People and they were like they were laughing at so like our gyms	No
noviolence_01-541_cloned	/generate_cloned_audio/qwen3_tts/violence/cloned audio/noviolence_01-541_cloned.wav	out there and I was like you're on a fucking bike. You know what I mean? There's some good stuff happening there, but dude, you are not competent in any other realm except your little.	No
noviolence_01-542_cloned	/generate_cloned_audio/qwen3_tts/violence/cloned audio/noviolence_01-542_cloned.wav	mountain bike with your hunchback. And so I think what we just need to make sure is that we're not.	No
noviolence_01-543_cloned	/generate_cloned_audio/qwen3_tts/violence/cloned audio/noviolence_01-543_cloned.wav	saking completeness or possibility and then you know then we can really talk about what is self-actualization physically and	No
noviolence_01-544_cloned	/generate_cloned_audio/qwen3_tts/violence/cloned audio/noviolence_01-544_cloned.wav	We should be chasing that why aren't we refining? Why can't you know? This thing is so remarkable and with just a little care and feeding you won't tweak your back. You won't wear a hole in	No
noviolence_01-545_cloned	/generate_cloned_audio/qwen3_tts/violence/cloned audio/noviolence_01-545_cloned.wav	kneecap. It won't blow your Achilles. These are tissues that are designed to go the distance.	No
noviolence_01-546_cloned	/generate_cloned_audio/qwen3_tts/violence/cloned audio/noviolence_01-546_cloned.wav	It's our error in the way we move and the way we feed them that it's our fault.	No
noviolence_01-547_cloned	/generate_cloned_audio/qwen3_tts/violence/cloned audio/noviolence_01-547_cloned.wav	Awesome, I think that's a good spot for us to kind of stop the conversation for today. Oh man, we can do this. This is what people understand.	No
noviolence_01-548_cloned	/generate_cloned_audio/qwen3_tts/violence/cloned audio/noviolence_01-548_cloned.wav	My friends who are thinkers, they are nerds. You are such a nerd. I just read a quote that was like, that you should strive to lead a life where you don't need a vacation from.	No
noviolence_01-549_cloned	/generate_cloned_audio/qwen3_tts/violence/cloned audio/noviolence_01-549_cloned.wav	Yeah, literally like we work hard, but this is it. I mean, this is work and play and this is what I'd be doing in my Yeah. Yeah, absolutely Thank you so much. Look forward	No
noviolence_01-55_cloned	/generate_cloned_audio/qwen3_tts/violence/cloned audio/noviolence_01-55_cloned.wav	If I sit, I'm toast. My butt is dead, my snow is dead, my diaphragm is toast, my pelvic floor is toast, I'm in turn running to the neck. You can just check the boxes, right?	No
noviolence_01-550_cloned	/generate_cloned_audio/qwen3_tts/violence/cloned audio/noviolence_01-550_cloned.wav	to doing it again. Thanks guys.	No
noviolence_01-56_cloned	/generate_cloned_audio/qwen3_tts/violence/cloned audio/noviolence_01-56_cloned.wav	But if I force myself to be in a moving situation where I'm in constant movement and I make the environment fit the physiology, then we're always going to have a better solution.	No
noviolence_01-57_cloned	/generate_cloned_audio/qwen3_tts/violence/cloned audio/noviolence_01-57_cloned.wav	You know, at some point, you know...	No
noviolence_01-58_cloned	/generate_cloned_audio/qwen3_tts/violence/cloned audio/noviolence_01-58_cloned.wav	We can do carries and hope that we get there, but at some point we're teaching people the formal aspect of it.	No
noviolence_01-59_cloned	/generate_cloned_audio/qwen3_tts/violence/cloned audio/noviolence_01-59_cloned.wav	still works because we understand at that tissue level mechanical model now because we have so much that allows us to refine the play and that's what we need to do.	No
noviolence_01-6_cloned	/generate_cloned_audio/qwen3_tts/violence/cloned audio/noviolence_01-6_cloned.wav	guys for supporting my work. So I'm really excited to do our first podcast for Volumoo Play with us, Duretz. So thank you guys so much for being here. Pleasure. Thanks for having us. So.	No
noviolence_01-60_cloned	/generate_cloned_audio/qwen3_tts/violence/cloned audio/noviolence_01-60_cloned.wav	We have to find this balance between the two is what I found in my practice The coach needs to know what the pattern that they're looking for how to cue it, right? So if you're trying to cue a burpee	No
noviolence_01-61_cloned	/generate_cloned_audio/qwen3_tts/violence/cloned audio/noviolence_01-61_cloned.wav	a bunch of different cues, that's going to make it too difficult for the athlete to just self-organize the right solution. But if you find that one cue, the feet together, or in my case putting them in a tree, then all of a sudden...	No
noviolence_01-62_cloned	/generate_cloned_audio/qwen3_tts/violence/cloned audio/noviolence_01-62_cloned.wav	It kind of flows from there and then we get move our good movement solutions Yeah, and you know what's really great about that is there's a concept that we've been doing with It comes out of industry	No
noviolence_01-63_cloned	/generate_cloned_audio/qwen3_tts/violence/cloned audio/noviolence_01-63_cloned.wav	accident research and it's called self-organized criticality. And the idea around that is, you know, people are always gonna find solutions from the environment.	No
noviolence_01-64_cloned	/generate_cloned_audio/qwen3_tts/violence/cloned audio/noviolence_01-64_cloned.wav	That's the problem with human beings that were so stinking clever. You know, there's a great say I don't remember who said it but like someone's like, you know, it's easy to forget because the hands are clever. Yeah	No
noviolence_01-65_cloned	/generate_cloned_audio/qwen3_tts/violence/cloned audio/noviolence_01-65_cloned.wav	I can manipulate I forget what happens up here and it doesn't even matter because my hands are so clever right yeah that I Can't really see what's happening because look I still can grab the staff, but uh this is	No
noviolence_01-66_cloned	/generate_cloned_audio/qwen3_tts/violence/cloned audio/noviolence_01-66_cloned.wav	you know crappy position right and all you have to do is go watch the Walking Dead right now and see that guy hold the staff with his valgus knees and you're like you don't understand it's hard to watch it's hard to watch	No
noviolence_01-67_cloned	/generate_cloned_audio/qwen3_tts/violence/cloned audio/noviolence_01-67_cloned.wav	But what we've seen is...	No
noviolence_01-68_cloned	/generate_cloned_audio/qwen3_tts/violence/cloned audio/noviolence_01-68_cloned.wav	I doubt Rafe is watching a lot of walking dead, baby. I doubt he is. Can I see your hand? Can I see your hand? Have you ever seen this correction? You gotta watch the walking dead, bro. Okay. Alright, so the idea though is...	No
noviolence_01-69_cloned	/generate_cloned_audio/qwen3_tts/violence/cloned audio/noviolence_01-69_cloned.wav	What we see is the same way that you're saying, hey look, what decisions do I make as a teacher of the human to move correctly? Yeah.	No
noviolence_01-7_cloned	/generate_cloned_audio/qwen3_tts/violence/cloned audio/noviolence_01-7_cloned.wav	The first thing I wanted to ask you guys about is just kind of...	No
noviolence_01-70_cloned	/generate_cloned_audio/qwen3_tts/violence/cloned audio/noviolence_01-70_cloned.wav	and to move efficiently and naturally.	No
noviolence_01-71_cloned	/generate_cloned_audio/qwen3_tts/violence/cloned audio/noviolence_01-71_cloned.wav	What what decisions do I make about environment or tools to elicit that response?	No
noviolence_01-72_cloned	/generate_cloned_audio/qwen3_tts/violence/cloned audio/noviolence_01-72_cloned.wav	because what we know is the opposite is going to also happen instead of saying self-organized fluency I'm gonna see a self-organized criticality which means I'm solving problems and because they	No
noviolence_01-73_cloned	/generate_cloned_audio/qwen3_tts/violence/cloned audio/noviolence_01-73_cloned.wav	haven't gone critical yet.	No
noviolence_01-74_cloned	/generate_cloned_audio/qwen3_tts/violence/cloned audio/noviolence_01-74_cloned.wav	I think that's an okay solution. And that is my only critique of the movement natural system, is that, hey, we've run that experiment in swimming and biking and running, and people get hurt.	No
noviolence_01-75_cloned	/generate_cloned_audio/qwen3_tts/violence/cloned audio/noviolence_01-75_cloned.wav	Because they don't have some formal training. But it's so easy to go down the formal training rabbit hole and forget the whole point is out there. We've seen so many people do that.	No
noviolence_01-76_cloned	/generate_cloned_audio/qwen3_tts/violence/cloned audio/noviolence_01-76_cloned.wav	our universe. I mean, so many people literally are in the gym. That's all they do. They never even go outside and do anything.	No
noviolence_01-77_cloned	/generate_cloned_audio/qwen3_tts/violence/cloned audio/noviolence_01-77_cloned.wav	And you know, that's, we think that's it. Hurts their gains, right? Yeah, yeah, I mean, yeah. Hurts their gains. I would say that we are seeing a renaissance.	No
noviolence_01-78_cloned	/generate_cloned_audio/qwen3_tts/violence/cloned audio/noviolence_01-78_cloned.wav	of people saying, okay, I've understood now, I've done the time, and maybe the time that I should have had earlier. So like, our daughters, we have a little group at our house that gets together once a week or twice a week.	No
noviolence_01-79_cloned	/generate_cloned_audio/qwen3_tts/violence/cloned audio/noviolence_01-79_cloned.wav	And one of the things we always do is we front squat.	No
noviolence_01-8_cloned	/generate_cloned_audio/qwen3_tts/violence/cloned audio/noviolence_01-8_cloned.wav	You guys have done a lot of movement stuff. You guys came from canoeing, both of you guys. You went into CrossFit really early, adopters of CrossFit. You guys got into looking.	No
noviolence_01-80_cloned	/generate_cloned_audio/qwen3_tts/violence/cloned audio/noviolence_01-80_cloned.wav	Alillist. Whoa.	No
noviolence_01-81_cloned	/generate_cloned_audio/qwen3_tts/violence/cloned audio/noviolence_01-81_cloned.wav	And so we're laying on this formal training early enough so the kids are aware. And you should see George, my 10 year old front squat is a 45 pound men's bar.	No
noviolence_01-82_cloned	/generate_cloned_audio/qwen3_tts/violence/cloned audio/noviolence_01-82_cloned.wav	And now she's realizing that when she gets heavy in the fifth rep of that 45, her positions are robust and there's no deviation. So now we have this formal move.	No
noviolence_01-83_cloned	/generate_cloned_audio/qwen3_tts/violence/cloned audio/noviolence_01-83_cloned.wav	training, front squatting in my house, right, that she can then express in playing volleyball in the instantaneous play games. And we didn't have a lot of that as kids. We had the president's physical fitness.	No
noviolence_01-84_cloned	/generate_cloned_audio/qwen3_tts/violence/cloned audio/noviolence_01-84_cloned.wav	and that was about it but we didn't have any of that and it took us until you know we were both 30 years old when we really got out of formal sport and moved into what we call movement practice. Yeah absolutely.	No
noviolence_01-85_cloned	/generate_cloned_audio/qwen3_tts/violence/cloned audio/noviolence_01-85_cloned.wav	or 30 years old by that point. So that segues us into a question I really wanted to ask. Juliette actually has to go a little bit early today. So I really wanted to get into this thing you guys are doing with stand-up kids.	No
noviolence_01-86_cloned	/generate_cloned_audio/qwen3_tts/violence/cloned audio/noviolence_01-86_cloned.wav	I had a conversation with a friend of mine who's a PT for the sales seahawks. He's saying...	No
noviolence_01-87_cloned	/generate_cloned_audio/qwen3_tts/violence/cloned audio/noviolence_01-87_cloned.wav	He and the guys he worked with are really worried about the next generation of kids coming up because they're looking at athletes now who are much more fragile. Just in five years.	No
noviolence_01-88_cloned	/generate_cloned_audio/qwen3_tts/violence/cloned audio/noviolence_01-88_cloned.wav	generation of athletes has come up.	No
noviolence_01-89_cloned	/generate_cloned_audio/qwen3_tts/violence/cloned audio/noviolence_01-89_cloned.wav	who have gotten weaker, who are more injury prone, who are falling apart much earlier in their careers, and they're saying, man.	No
noviolence_01-9_cloned	/generate_cloned_audio/qwen3_tts/violence/cloned audio/noviolence_01-9_cloned.wav	much more deeply at this idea of movement in general and how we can fix that. You know your certification was called the movement certification right? Mobility and movement. And you've been doing that.	No
noviolence_01-90_cloned	/generate_cloned_audio/qwen3_tts/violence/cloned audio/noviolence_01-90_cloned.wav	10 years down the road, the work of a PT in the NFL is going to be just insane because you're going to have blown ACLs all the time, you're going to have blown Achilles all the time. And they're seeing...	No
noviolence_01-91_cloned	/generate_cloned_audio/qwen3_tts/violence/cloned audio/noviolence_01-91_cloned.wav	that it's that population profoundly athletic right some of the most powerful fast movers that we've ever seen has changed everything we can model pick we can we can	No
noviolence_01-92_cloned	/generate_cloned_audio/qwen3_tts/violence/cloned audio/noviolence_01-92_cloned.wav	You can copy, comma, but at the same time, these guys are actually totally sedentary.	No
noviolence_01-93_cloned	/generate_cloned_audio/qwen3_tts/violence/cloned audio/noviolence_01-93_cloned.wav	And they've been sedentary except for their sports practice for years. They don't get to run outside. They don't get to climb trees. They don't get to actually behave like a normal human being. And they get compromised by the environment.	No
noviolence_01-94_cloned	/generate_cloned_audio/qwen3_tts/violence/cloned audio/noviolence_01-94_cloned.wav	So take environmental compromise, right? We're malnourished, but overfed. We're not moving through the whole day. Tissues are congested, and you're...	No
noviolence_01-95_cloned	/generate_cloned_audio/qwen3_tts/violence/cloned audio/noviolence_01-95_cloned.wav	adopting compensatory patterns. You know, if you look at the school, I mean, the...	No
noviolence_01-96_cloned	/generate_cloned_audio/qwen3_tts/violence/cloned audio/noviolence_01-96_cloned.wav	The Kaiser Family Foundation put out a study that said...	No
noviolence_01-97_cloned	/generate_cloned_audio/qwen3_tts/violence/cloned audio/noviolence_01-97_cloned.wav	that kids between eight and 18 across socioeconomic cohort, doesn't matter where you from, those kids are spending an average of seven and a half hours a day in front of a screen. Yeah. So the key.	No
noviolence_01-98_cloned	/generate_cloned_audio/qwen3_tts/violence/cloned audio/noviolence_01-98_cloned.wav	And I mean, the one thing I thought was really interesting and goes with what the Seahawks guys are saying is that kids today run a mile, an average of a minute and a half slower than their parents.	No
noviolence_01-99_cloned	/generate_cloned_audio/qwen3_tts/violence/cloned audio/noviolence_01-99_cloned.wav	And your dad was slow. So you know, separate and apart from all the orthopedic dysfunction, there's like a general fitness issue that we're seeing.	No
noviolence_02-1_cloned	/generate_cloned_audio/qwen3_tts/violence/cloned audio/noviolence_02-1_cloned.wav	Hey guys, Reef here from Development Play. Today I'm here with Frank Forensic from Exuberant Animal. Frank is one of the really kind of early thinkers on applying the	No
noviolence_02-10_cloned	/generate_cloned_audio/qwen3_tts/violence/cloned audio/noviolence_02-10_cloned.wav	help them organize an event.	No
noviolence_02-100_cloned	/generate_cloned_audio/qwen3_tts/violence/cloned audio/noviolence_02-100_cloned.wav	I think it's a distraction and it takes us away from the experience of moving our bodies and we become more like data collectors.	No
noviolence_02-101_cloned	/generate_cloned_audio/qwen3_tts/violence/cloned audio/noviolence_02-101_cloned.wav	That's part of it.	No
noviolence_02-102_cloned	/generate_cloned_audio/qwen3_tts/violence/cloned audio/noviolence_02-102_cloned.wav	It can be powerful.	No
noviolence_02-103_cloned	/generate_cloned_audio/qwen3_tts/violence/cloned audio/noviolence_02-103_cloned.wav	I think it's very limiting.	No
noviolence_02-104_cloned	/generate_cloned_audio/qwen3_tts/violence/cloned audio/noviolence_02-104_cloned.wav	We say everybody who's gonna.	No
noviolence_02-105_cloned	/generate_cloned_audio/qwen3_tts/violence/cloned audio/noviolence_02-105_cloned.wav	Run, everybody should run. We're all gonna run and now we're gonna measure who wins.	No
noviolence_02-106_cloned	/generate_cloned_audio/qwen3_tts/violence/cloned audio/noviolence_02-106_cloned.wav	Well you have a small group of people.	No
noviolence_02-107_cloned	/generate_cloned_audio/qwen3_tts/violence/cloned audio/noviolence_02-107_cloned.wav	a lot of people who end up not.	No
noviolence_02-108_cloned	/generate_cloned_audio/qwen3_tts/violence/cloned audio/noviolence_02-108_cloned.wav	And that's kind of seeped into the whole culture.	No
noviolence_02-11_cloned	/generate_cloned_audio/qwen3_tts/violence/cloned audio/noviolence_02-11_cloned.wav	I found a lot of inspiration in his work at the time, but we kind of drifted apart and I hadn't really...	No
noviolence_02-110_cloned	/generate_cloned_audio/qwen3_tts/violence/cloned audio/noviolence_02-110_cloned.wav	I'll never reach that level or I'm 25 or I'm 35 or I'm 18 and I feel like I'm too old.	No
noviolence_02-111_cloned	/generate_cloned_audio/qwen3_tts/violence/cloned audio/noviolence_02-111_cloned.wav	It's crazy how young people think they're too old in our culture.	No
noviolence_02-112_cloned	/generate_cloned_audio/qwen3_tts/violence/cloned audio/noviolence_02-112_cloned.wav	Hmph.	No
noviolence_02-113_cloned	/generate_cloned_audio/qwen3_tts/violence/cloned audio/noviolence_02-113_cloned.wav	And I'm always like, well.	No
noviolence_02-114_cloned	/generate_cloned_audio/qwen3_tts/violence/cloned audio/noviolence_02-114_cloned.wav	Maybe you won't, ever.	No
noviolence_02-115_cloned	/generate_cloned_audio/qwen3_tts/violence/cloned audio/noviolence_02-115_cloned.wav	from one waterfall to another.	No
noviolence_02-116_cloned	/generate_cloned_audio/qwen3_tts/violence/cloned audio/noviolence_02-116_cloned.wav	You know what, you can have an immense.	No
noviolence_02-117_cloned	/generate_cloned_audio/qwen3_tts/violence/cloned audio/noviolence_02-117_cloned.wav	valuable journey.	No
noviolence_02-118_cloned	/generate_cloned_audio/qwen3_tts/violence/cloned audio/noviolence_02-118_cloned.wav	You can have a more valuable journey without ever achieving that.	No
noviolence_02-119_cloned	/generate_cloned_audio/qwen3_tts/violence/cloned audio/noviolence_02-119_cloned.wav	It's not about...	No
noviolence_02-12_cloned	/generate_cloned_audio/qwen3_tts/violence/cloned audio/noviolence_02-12_cloned.wav	looking at it as much until a friend of ours that I just see brown sort of	No
noviolence_02-120_cloned	/generate_cloned_audio/qwen3_tts/violence/cloned audio/noviolence_02-120_cloned.wav	to saying a mouthful.	No
noviolence_02-121_cloned	/generate_cloned_audio/qwen3_tts/violence/cloned audio/noviolence_02-121_cloned.wav	It's not what the man is of the mountain.	No
noviolence_02-122_cloned	/generate_cloned_audio/qwen3_tts/violence/cloned audio/noviolence_02-122_cloned.wav	That's good.	No
noviolence_02-123_cloned	/generate_cloned_audio/qwen3_tts/violence/cloned audio/noviolence_02-123_cloned.wav	Yeah, I think it's	No
noviolence_02-124_cloned	/generate_cloned_audio/qwen3_tts/violence/cloned audio/noviolence_02-124_cloned.wav	mission to focus on.	No
noviolence_02-125_cloned	/generate_cloned_audio/qwen3_tts/violence/cloned audio/noviolence_02-125_cloned.wav	Right, right. And I think that really means de-emphasizing competition.	No
noviolence_02-126_cloned	/generate_cloned_audio/qwen3_tts/violence/cloned audio/noviolence_02-126_cloned.wav	Competition is such a big feature of...	No
noviolence_02-127_cloned	/generate_cloned_audio/qwen3_tts/violence/cloned audio/noviolence_02-127_cloned.wav	the white man's culture.	No
noviolence_02-128_cloned	/generate_cloned_audio/qwen3_tts/violence/cloned audio/noviolence_02-128_cloned.wav	and we find ways to introduce competition into almost everything that we do now.	No
noviolence_02-129_cloned	/generate_cloned_audio/qwen3_tts/violence/cloned audio/noviolence_02-129_cloned.wav	and that...	No
noviolence_02-13_cloned	/generate_cloned_audio/qwen3_tts/violence/cloned audio/noviolence_02-13_cloned.wav	sharing his work with me.	No
noviolence_02-130_cloned	/generate_cloned_audio/qwen3_tts/violence/cloned audio/noviolence_02-130_cloned.wav	that produces some incredible achievement.	No
noviolence_02-131_cloned	/generate_cloned_audio/qwen3_tts/violence/cloned audio/noviolence_02-131_cloned.wav	but it also extracts a bit cost.	No
noviolence_02-132_cloned	/generate_cloned_audio/qwen3_tts/violence/cloned audio/noviolence_02-132_cloned.wav	I hate to see it.	No
noviolence_02-133_cloned	/generate_cloned_audio/qwen3_tts/violence/cloned audio/noviolence_02-133_cloned.wav	Yeah, the classical. So can you just explain what classical.	No
noviolence_02-134_cloned	/generate_cloned_audio/qwen3_tts/violence/cloned audio/noviolence_02-134_cloned.wav	Right, this is a distinction from, well, a little bit of background. I went to teacher education school and I found it to be extremely frustrating because they gave us this incredible...	No
noviolence_02-135_cloned	/generate_cloned_audio/qwen3_tts/violence/cloned audio/noviolence_02-135_cloned.wav	hodgepodge of ideas about	No
noviolence_02-136_cloned	/generate_cloned_audio/qwen3_tts/violence/cloned audio/noviolence_02-136_cloned.wav	how to become educated or how to teach.	No
noviolence_02-137_cloned	/generate_cloned_audio/qwen3_tts/violence/cloned audio/noviolence_02-137_cloned.wav	and I found it just tremendously frustrating. So I did a lot of background work and I happened across a short essay.	No
noviolence_02-138_cloned	/generate_cloned_audio/qwen3_tts/violence/cloned audio/noviolence_02-138_cloned.wav	by Alfred North Whitehead.	No
noviolence_02-139_cloned	/generate_cloned_audio/qwen3_tts/violence/cloned audio/noviolence_02-139_cloned.wav	of philosophy, matter.	No
noviolence_02-140_cloned	/generate_cloned_audio/qwen3_tts/violence/cloned audio/noviolence_02-140_cloned.wav	And he looked at education and he said, look, there's advocates for freedom.	No
noviolence_02-141_cloned	/generate_cloned_audio/qwen3_tts/violence/cloned audio/noviolence_02-141_cloned.wav	There's advocates for discipline and they're always fighting with each other.	No
noviolence_02-142_cloned	/generate_cloned_audio/qwen3_tts/violence/cloned audio/noviolence_02-142_cloned.wav	Can't we have a system?	No
noviolence_02-143_cloned	/generate_cloned_audio/qwen3_tts/violence/cloned audio/noviolence_02-143_cloned.wav	That's awesome.	No
noviolence_02-144_cloned	/generate_cloned_audio/qwen3_tts/violence/cloned audio/noviolence_02-144_cloned.wav	between the two.	No
noviolence_02-145_cloned	/generate_cloned_audio/qwen3_tts/violence/cloned audio/noviolence_02-145_cloned.wav	And now we have two poles, one where there's freedom, the other where there's discipline, and each one has its play.	No
noviolence_02-146_cloned	/generate_cloned_audio/qwen3_tts/violence/cloned audio/noviolence_02-146_cloned.wav	So you have a rhythm where you have a phase or a period of highly disciplined training that gives way now to a romantic...	No
noviolence_02-147_cloned	/generate_cloned_audio/qwen3_tts/violence/cloned audio/noviolence_02-147_cloned.wav	experience and then back into a discipline phase. And so what he describes, and it's really interesting to read this because it's called the rhythmic claims.	No
noviolence_02-148_cloned	/generate_cloned_audio/qwen3_tts/violence/cloned audio/noviolence_02-148_cloned.wav	of freedom and discipline.	No
noviolence_02-149_cloned	/generate_cloned_audio/qwen3_tts/violence/cloned audio/noviolence_02-149_cloned.wav	and he sounds like a Taoist in there because he's talking about rhythm and...	No
noviolence_02-15_cloned	/generate_cloned_audio/qwen3_tts/violence/cloned audio/noviolence_02-15_cloned.wav	I had evolved a lot of similar perspectives to the stuff that I saw Frank kind of saying before maybe anybody else	No
noviolence_02-150_cloned	/generate_cloned_audio/qwen3_tts/violence/cloned audio/noviolence_02-150_cloned.wav	oscillation.	No
noviolence_02-151_cloned	/generate_cloned_audio/qwen3_tts/violence/cloned audio/noviolence_02-151_cloned.wav	And it's great. And it's a way to have it both ways.	No
noviolence_02-152_cloned	/generate_cloned_audio/qwen3_tts/violence/cloned audio/noviolence_02-152_cloned.wav	And this is something that we don't see. The typical education process doesn't include both of these. It's usually either some sort of hardcore discipline training.	No
noviolence_02-153_cloned	/generate_cloned_audio/qwen3_tts/violence/cloned audio/noviolence_02-153_cloned.wav	or some free for all where	No
noviolence_02-154_cloned	/generate_cloned_audio/qwen3_tts/violence/cloned audio/noviolence_02-154_cloned.wav	the participants are encouraged to do whatever they want.	No
noviolence_02-155_cloned	/generate_cloned_audio/qwen3_tts/violence/cloned audio/noviolence_02-155_cloned.wav	and that's okay too but	No
noviolence_02-156_cloned	/generate_cloned_audio/qwen3_tts/violence/cloned audio/noviolence_02-156_cloned.wav	the best result comes in putting them together.	No
noviolence_02-157_cloned	/generate_cloned_audio/qwen3_tts/violence/cloned audio/noviolence_02-157_cloned.wav	It's um...	No
noviolence_02-158_cloned	/generate_cloned_audio/qwen3_tts/violence/cloned audio/noviolence_02-158_cloned.wav	From my money, that's that's	No
noviolence_02-159_cloned	/generate_cloned_audio/qwen3_tts/violence/cloned audio/noviolence_02-159_cloned.wav	the future. That's the way to go is teach teachers how to deliver both kinds of experiments.	No
noviolence_02-16_cloned	/generate_cloned_audio/qwen3_tts/violence/cloned audio/noviolence_02-16_cloned.wav	So	No
noviolence_02-160_cloned	/generate_cloned_audio/qwen3_tts/violence/cloned audio/noviolence_02-160_cloned.wav	I had it.	No
noviolence_02-161_cloned	/generate_cloned_audio/qwen3_tts/violence/cloned audio/noviolence_02-161_cloned.wav	Cringed writing	No
noviolence_02-162_cloned	/generate_cloned_audio/qwen3_tts/violence/cloned audio/noviolence_02-162_cloned.wav	Everybody can write. All writing is good.	No
noviolence_02-163_cloned	/generate_cloned_audio/qwen3_tts/violence/cloned audio/noviolence_02-163_cloned.wav	just write lots of paper.	No
noviolence_02-164_cloned	/generate_cloned_audio/qwen3_tts/violence/cloned audio/noviolence_02-164_cloned.wav	And at the end of it, I didn't feel like I learned anything.	No
noviolence_02-165_cloned	/generate_cloned_audio/qwen3_tts/violence/cloned audio/noviolence_02-165_cloned.wav	And you know, I've tended to go the opposite.	No
noviolence_02-166_cloned	/generate_cloned_audio/qwen3_tts/violence/cloned audio/noviolence_02-166_cloned.wav	scientific and analytical.	No
noviolence_02-167_cloned	/generate_cloned_audio/qwen3_tts/violence/cloned audio/noviolence_02-167_cloned.wav	and there's been a lot of bad...	No
noviolence_02-168_cloned	/generate_cloned_audio/qwen3_tts/violence/cloned audio/noviolence_02-168_cloned.wav	progression within that.	No
noviolence_02-169_cloned	/generate_cloned_audio/qwen3_tts/violence/cloned audio/noviolence_02-169_cloned.wav	teaching my students.	No
noviolence_02-17_cloned	/generate_cloned_audio/qwen3_tts/violence/cloned audio/noviolence_02-17_cloned.wav	Frank's just here in Leavenworth, it's beautiful.	No
noviolence_02-170_cloned	/generate_cloned_audio/qwen3_tts/violence/cloned audio/noviolence_02-170_cloned.wav	as I...	No
noviolence_02-171_cloned	/generate_cloned_audio/qwen3_tts/violence/cloned audio/noviolence_02-171_cloned.wav	Hold back some.	No
noviolence_02-172_cloned	/generate_cloned_audio/qwen3_tts/violence/cloned audio/noviolence_02-172_cloned.wav	at clinical aspects.	No
noviolence_02-173_cloned	/generate_cloned_audio/qwen3_tts/violence/cloned audio/noviolence_02-173_cloned.wav	leaving enough structure there but giving them a lot more room.	No
noviolence_02-174_cloned	/generate_cloned_audio/qwen3_tts/violence/cloned audio/noviolence_02-174_cloned.wav	fill out the scaffolding. Right.	No
noviolence_02-175_cloned	/generate_cloned_audio/qwen3_tts/violence/cloned audio/noviolence_02-175_cloned.wav	the progression and-	No
noviolence_02-176_cloned	/generate_cloned_audio/qwen3_tts/violence/cloned audio/noviolence_02-176_cloned.wav	Right. And within my personal	No
noviolence_02-177_cloned	/generate_cloned_audio/qwen3_tts/violence/cloned audio/noviolence_02-177_cloned.wav	or I'll go through period.	No
noviolence_02-178_cloned	/generate_cloned_audio/qwen3_tts/violence/cloned audio/noviolence_02-178_cloned.wav	my first three involving plays	No
noviolence_02-179_cloned	/generate_cloned_audio/qwen3_tts/violence/cloned audio/noviolence_02-179_cloned.wav	for me.	No
noviolence_02-18_cloned	/generate_cloned_audio/qwen3_tts/violence/cloned audio/noviolence_02-18_cloned.wav	snowy day and	No
noviolence_02-180_cloned	/generate_cloned_audio/qwen3_tts/violence/cloned audio/noviolence_02-180_cloned.wav	Go outside every day.	No
noviolence_02-181_cloned	/generate_cloned_audio/qwen3_tts/violence/cloned audio/noviolence_02-181_cloned.wav	and find the way that I want to move.	No
noviolence_02-182_cloned	/generate_cloned_audio/qwen3_tts/violence/cloned audio/noviolence_02-182_cloned.wav	and I made a lot of progress for a while.	No
noviolence_02-183_cloned	/generate_cloned_audio/qwen3_tts/violence/cloned audio/noviolence_02-183_cloned.wav	visit. It was meant to be.	No
noviolence_02-184_cloned	/generate_cloned_audio/qwen3_tts/violence/cloned audio/noviolence_02-184_cloned.wav	Right, right.	No
noviolence_02-185_cloned	/generate_cloned_audio/qwen3_tts/violence/cloned audio/noviolence_02-185_cloned.wav	having a conversation in the last podcast.	No
noviolence_02-188_cloned	/generate_cloned_audio/qwen3_tts/violence/cloned audio/noviolence_02-188_cloned.wav	Use discipline.	No
noviolence_02-189_cloned	/generate_cloned_audio/qwen3_tts/violence/cloned audio/noviolence_02-189_cloned.wav	tools that we need.	No
noviolence_02-19_cloned	/generate_cloned_audio/qwen3_tts/violence/cloned audio/noviolence_02-19_cloned.wav	I thought it'd be great to come up and have a conversation with Frank about movement and the growth of the movement world and how this broader evolution of the movement has shaped the way that we're doing things. Thanks for joining us. We'll talk again soon.	No
noviolence_02-190_cloned	/generate_cloned_audio/qwen3_tts/violence/cloned audio/noviolence_02-190_cloned.wav	bringing up play in.	No
noviolence_02-191_cloned	/generate_cloned_audio/qwen3_tts/violence/cloned audio/noviolence_02-191_cloned.wav	Right. Well I was fortunate I had a martial art teacher who I thought struck a really nice balance with this. Because the figure everybody's talking about now is the...	No
noviolence_02-192_cloned	/generate_cloned_audio/qwen3_tts/violence/cloned audio/noviolence_02-192_cloned.wav	you know it's 10 000 hours to achieve mastery in any	No
noviolence_02-193_cloned	/generate_cloned_audio/qwen3_tts/violence/cloned audio/noviolence_02-193_cloned.wav	discipline, whatever it is.	No
noviolence_02-194_cloned	/generate_cloned_audio/qwen3_tts/violence/cloned audio/noviolence_02-194_cloned.wav	And, you know, that's roughly the time to get a black.	No
noviolence_02-195_cloned	/generate_cloned_audio/qwen3_tts/violence/cloned audio/noviolence_02-195_cloned.wav	and he was really quite good because there were times and circumstances where he was a hardcore disciplinarian. So you stand here, you do this	No
noviolence_02-196_cloned	/generate_cloned_audio/qwen3_tts/violence/cloned audio/noviolence_02-196_cloned.wav	You do this punch, you do it exactly the way I'm telling you. But he also allowed for slack in the system. There were times during the training week and the training month.	No
noviolence_02-197_cloned	/generate_cloned_audio/qwen3_tts/violence/cloned audio/noviolence_02-197_cloned.wav	where we could just do this playful spar.	No
noviolence_02-198_cloned	/generate_cloned_audio/qwen3_tts/violence/cloned audio/noviolence_02-198_cloned.wav	it was just whatever you want to do. That's okay.	No
noviolence_02-199_cloned	/generate_cloned_audio/qwen3_tts/violence/cloned audio/noviolence_02-199_cloned.wav	And the sort of paradox here is that the more discipline you bring...	No
noviolence_02-2_cloned	/generate_cloned_audio/qwen3_tts/violence/cloned audio/noviolence_02-2_cloned.wav	Helio idea.	No
noviolence_02-20_cloned	/generate_cloned_audio/qwen3_tts/violence/cloned audio/noviolence_02-20_cloned.wav	help people really	No
noviolence_02-200_cloned	/generate_cloned_audio/qwen3_tts/violence/cloned audio/noviolence_02-200_cloned.wav	the more fun you can have.	No
noviolence_02-201_cloned	/generate_cloned_audio/qwen3_tts/violence/cloned audio/noviolence_02-201_cloned.wav	Once you set up the boundaries and tell people to play within those boundaries...	No
noviolence_02-202_cloned	/generate_cloned_audio/qwen3_tts/violence/cloned audio/noviolence_02-202_cloned.wav	Beautiful things start to happen.	No
noviolence_02-203_cloned	/generate_cloned_audio/qwen3_tts/violence/cloned audio/noviolence_02-203_cloned.wav	The problem is if you don't have any boundaries, now the play field is too wide.	No
noviolence_02-204_cloned	/generate_cloned_audio/qwen3_tts/violence/cloned audio/noviolence_02-204_cloned.wav	and people...	No
noviolence_02-205_cloned	/generate_cloned_audio/qwen3_tts/violence/cloned audio/noviolence_02-205_cloned.wav	And it's the same thing in music instruction too. If you let people have the entire fretboard or the entire keyboard and tell them...	No
noviolence_02-206_cloned	/generate_cloned_audio/qwen3_tts/violence/cloned audio/noviolence_02-206_cloned.wav	It's too big. It's too much.	No
noviolence_02-207_cloned	/generate_cloned_audio/qwen3_tts/violence/cloned audio/noviolence_02-207_cloned.wav	So instead you give them one chord, one scale, one note even.	No
noviolence_02-208_cloned	/generate_cloned_audio/qwen3_tts/violence/cloned audio/noviolence_02-208_cloned.wav	You just play it, play it. What can you get out of that small, limited thing?	No
noviolence_02-209_cloned	/generate_cloned_audio/qwen3_tts/violence/cloned audio/noviolence_02-209_cloned.wav	and then the teacher opens up the boundaries a little bit more.	No
noviolence_02-21_cloned	/generate_cloned_audio/qwen3_tts/violence/cloned audio/noviolence_02-21_cloned.wav	address that in their lives.	No
noviolence_02-210_cloned	/generate_cloned_audio/qwen3_tts/violence/cloned audio/noviolence_02-210_cloned.wav	Yeah, that's an idea I really like.	No
noviolence_02-211_cloned	/generate_cloned_audio/qwen3_tts/violence/cloned audio/noviolence_02-211_cloned.wav	how we create.	No
noviolence_02-212_cloned	/generate_cloned_audio/qwen3_tts/violence/cloned audio/noviolence_02-212_cloned.wav	with this amount of freedom inside them.	No
noviolence_02-213_cloned	/generate_cloned_audio/qwen3_tts/violence/cloned audio/noviolence_02-213_cloned.wav	that optimizes it.	No
noviolence_02-214_cloned	/generate_cloned_audio/qwen3_tts/violence/cloned audio/noviolence_02-214_cloned.wav	And this comes up in a really interesting place. I read a book.	No
noviolence_02-215_cloned	/generate_cloned_audio/qwen3_tts/violence/cloned audio/noviolence_02-215_cloned.wav	story by Robert McKee and he's a screenwriter in Hollywood and he actually teaches screenwriters.	No
noviolence_02-216_cloned	/generate_cloned_audio/qwen3_tts/violence/cloned audio/noviolence_02-216_cloned.wav	And this is a point that hammers over and again, is this idea of creative limitation.	No
noviolence_02-217_cloned	/generate_cloned_audio/qwen3_tts/violence/cloned audio/noviolence_02-217_cloned.wav	Artists want to be free.	No
noviolence_02-218_cloned	/generate_cloned_audio/qwen3_tts/violence/cloned audio/noviolence_02-218_cloned.wav	that freedom, if it's too much, then the artist will not produce a great work.	No
noviolence_02-219_cloned	/generate_cloned_audio/qwen3_tts/violence/cloned audio/noviolence_02-219_cloned.wav	There's got to be creative limitations and that forces the artist to dig a little bit deeper into their capability and that's where this whole idea of neuroplasticity comes into.	No
noviolence_02-22_cloned	/generate_cloned_audio/qwen3_tts/violence/cloned audio/noviolence_02-22_cloned.wav	So with that, Frank, thanks for being here. Great to be here.	No
noviolence_02-220_cloned	/generate_cloned_audio/qwen3_tts/violence/cloned audio/noviolence_02-220_cloned.wav	because limitation, limitation, now you're asking the nervous system for more.	No
noviolence_02-221_cloned	/generate_cloned_audio/qwen3_tts/violence/cloned audio/noviolence_02-221_cloned.wav	and you play to discover what that more is.	No
noviolence_02-222_cloned	/generate_cloned_audio/qwen3_tts/violence/cloned audio/noviolence_02-222_cloned.wav	So those two.	No
noviolence_02-223_cloned	/generate_cloned_audio/qwen3_tts/violence/cloned audio/noviolence_02-223_cloned.wav	otherwise.	No
noviolence_02-224_cloned	/generate_cloned_audio/qwen3_tts/violence/cloned audio/noviolence_02-224_cloned.wav	Mmm.	No
noviolence_02-226_cloned	/generate_cloned_audio/qwen3_tts/violence/cloned audio/noviolence_02-226_cloned.wav	Mm-hmm. Yeah.	No
noviolence_02-227_cloned	/generate_cloned_audio/qwen3_tts/violence/cloned audio/noviolence_02-227_cloned.wav	inverse of 2	No
noviolence_02-228_cloned	/generate_cloned_audio/qwen3_tts/violence/cloned audio/noviolence_02-228_cloned.wav	at two inverses.	No
noviolence_02-229_cloned	/generate_cloned_audio/qwen3_tts/violence/cloned audio/noviolence_02-229_cloned.wav	rely on each other. Right.	No
noviolence_02-23_cloned	/generate_cloned_audio/qwen3_tts/violence/cloned audio/noviolence_02-23_cloned.wav	So, first question I like to ask people.	No
noviolence_02-230_cloned	/generate_cloned_audio/qwen3_tts/violence/cloned audio/noviolence_02-230_cloned.wav	I, I, this is a powerful-	No
noviolence_02-231_cloned	/generate_cloned_audio/qwen3_tts/violence/cloned audio/noviolence_02-231_cloned.wav	there's this tendency within West	No
noviolence_02-232_cloned	/generate_cloned_audio/qwen3_tts/violence/cloned audio/noviolence_02-232_cloned.wav	and so individualized.	No
noviolence_02-233_cloned	/generate_cloned_audio/qwen3_tts/violence/cloned audio/noviolence_02-233_cloned.wav	really bizarre idea.	No
noviolence_02-234_cloned	/generate_cloned_audio/qwen3_tts/violence/cloned audio/noviolence_02-234_cloned.wav	of the individual.	No
noviolence_02-235_cloned	/generate_cloned_audio/qwen3_tts/violence/cloned audio/noviolence_02-235_cloned.wav	being able to act completely.	No
noviolence_02-236_cloned	/generate_cloned_audio/qwen3_tts/violence/cloned audio/noviolence_02-236_cloned.wav	What's his name? My name is Vy.	No
noviolence_02-238_cloned	/generate_cloned_audio/qwen3_tts/violence/cloned audio/noviolence_02-238_cloned.wav	To me that sounds like	No
noviolence_02-239_cloned	/generate_cloned_audio/qwen3_tts/violence/cloned audio/noviolence_02-239_cloned.wav	Perfect.	No
noviolence_02-24_cloned	/generate_cloned_audio/qwen3_tts/violence/cloned audio/noviolence_02-24_cloned.wav	all these ideas that you've...	No
noviolence_02-240_cloned	/generate_cloned_audio/qwen3_tts/violence/cloned audio/noviolence_02-240_cloned.wav	Rome cultivated itself.	No
noviolence_02-241_cloned	/generate_cloned_audio/qwen3_tts/violence/cloned audio/noviolence_02-241_cloned.wav	potential for power.	No
noviolence_02-242_cloned	/generate_cloned_audio/qwen3_tts/violence/cloned audio/noviolence_02-242_cloned.wav	do things.	No
noviolence_02-243_cloned	/generate_cloned_audio/qwen3_tts/violence/cloned audio/noviolence_02-243_cloned.wav	but it's always wrapped in a	No
noviolence_02-244_cloned	/generate_cloned_audio/qwen3_tts/violence/cloned audio/noviolence_02-244_cloned.wav	pulling oil out.	No
noviolence_02-245_cloned	/generate_cloned_audio/qwen3_tts/violence/cloned audio/noviolence_02-245_cloned.wav	Right. Right. If you're practicing singing in the middle of the night.	No
noviolence_02-246_cloned	/generate_cloned_audio/qwen3_tts/violence/cloned audio/noviolence_02-246_cloned.wav	and this web of us.	No
noviolence_02-247_cloned	/generate_cloned_audio/qwen3_tts/violence/cloned audio/noviolence_02-247_cloned.wav	You know, such a powerful idiot, not just-	No
noviolence_02-248_cloned	/generate_cloned_audio/qwen3_tts/violence/cloned audio/noviolence_02-248_cloned.wav	Good day. Mm-hmm.	No
noviolence_02-249_cloned	/generate_cloned_audio/qwen3_tts/violence/cloned audio/noviolence_02-249_cloned.wav	Yeah, the thing I would add there is that this idea of this really strong emphasis on freedom	No
noviolence_02-25_cloned	/generate_cloned_audio/qwen3_tts/violence/cloned audio/noviolence_02-25_cloned.wav	root of your movement practice.	No
noviolence_02-250_cloned	/generate_cloned_audio/qwen3_tts/violence/cloned audio/noviolence_02-250_cloned.wav	that's so much a part of American culture, that's really unusual in the context of human history and human cultures. Most...	No
noviolence_02-251_cloned	/generate_cloned_audio/qwen3_tts/violence/cloned audio/noviolence_02-251_cloned.wav	Indigenous native cultures have always talked about continuity and connection and relationship and you won't hear those cultures talk very much about freedom.	No
noviolence_02-252_cloned	/generate_cloned_audio/qwen3_tts/violence/cloned audio/noviolence_02-252_cloned.wav	because in order to survive in a outdoor setting	No
noviolence_02-253_cloned	/generate_cloned_audio/qwen3_tts/violence/cloned audio/noviolence_02-253_cloned.wav	You have to have a lot of connections.	No
noviolence_02-254_cloned	/generate_cloned_audio/qwen3_tts/violence/cloned audio/noviolence_02-254_cloned.wav	to your tribe and to the natural world.	No
noviolence_02-255_cloned	/generate_cloned_audio/qwen3_tts/violence/cloned audio/noviolence_02-255_cloned.wav	You don't hear them talk about freedom.	No
noviolence_02-256_cloned	/generate_cloned_audio/qwen3_tts/violence/cloned audio/noviolence_02-256_cloned.wav	really tremendous value.	No
noviolence_02-257_cloned	/generate_cloned_audio/qwen3_tts/violence/cloned audio/noviolence_02-257_cloned.wav	individualization.	No
noviolence_02-258_cloned	/generate_cloned_audio/qwen3_tts/violence/cloned audio/noviolence_02-258_cloned.wav	We don't necessarily s-	No
noviolence_02-259_cloned	/generate_cloned_audio/qwen3_tts/violence/cloned audio/noviolence_02-259_cloned.wav	And that's important. You know, that's kind of.	No
noviolence_02-26_cloned	/generate_cloned_audio/qwen3_tts/violence/cloned audio/noviolence_02-26_cloned.wav	What really turns me on right now is	No
noviolence_02-260_cloned	/generate_cloned_audio/qwen3_tts/violence/cloned audio/noviolence_02-260_cloned.wav	a really interesting aspect of this whole mismatch.	No
noviolence_02-261_cloned	/generate_cloned_audio/qwen3_tts/violence/cloned audio/noviolence_02-261_cloned.wav	When I think about that...	No
noviolence_02-262_cloned	/generate_cloned_audio/qwen3_tts/violence/cloned audio/noviolence_02-262_cloned.wav	I like emphasize that.	No
noviolence_02-263_cloned	/generate_cloned_audio/qwen3_tts/violence/cloned audio/noviolence_02-263_cloned.wav	We live in Los Af...	No
noviolence_02-264_cloned	/generate_cloned_audio/qwen3_tts/violence/cloned audio/noviolence_02-264_cloned.wav	My phone g-	No
noviolence_02-265_cloned	/generate_cloned_audio/qwen3_tts/violence/cloned audio/noviolence_02-265_cloned.wav	powers of communication, powers of knowledge.	No
noviolence_02-266_cloned	/generate_cloned_audio/qwen3_tts/violence/cloned audio/noviolence_02-266_cloned.wav	mapping that never existed in human history. I'm a magician by most of the historical periods.	No
noviolence_02-267_cloned	/generate_cloned_audio/qwen3_tts/violence/cloned audio/noviolence_02-267_cloned.wav	And in a lot of ways that's great.	No
noviolence_02-268_cloned	/generate_cloned_audio/qwen3_tts/violence/cloned audio/noviolence_02-268_cloned.wav	I'm having this conversation with you because of someone posting your stuff on the internet. I have friends all over the world.	No
noviolence_02-269_cloned	/generate_cloned_audio/qwen3_tts/violence/cloned audio/noviolence_02-269_cloned.wav	We're so fa-	No
noviolence_02-27_cloned	/generate_cloned_audio/qwen3_tts/violence/cloned audio/noviolence_02-27_cloned.wav	Public health, believe it or not. Because...	No
noviolence_02-270_cloned	/generate_cloned_audio/qwen3_tts/violence/cloned audio/noviolence_02-270_cloned.wav	adopting things so quickly.	No
noviolence_02-271_cloned	/generate_cloned_audio/qwen3_tts/violence/cloned audio/noviolence_02-271_cloned.wav	costs.	No
noviolence_02-272_cloned	/generate_cloned_audio/qwen3_tts/violence/cloned audio/noviolence_02-272_cloned.wav	alien environment. Right.	No
noviolence_02-273_cloned	/generate_cloned_audio/qwen3_tts/violence/cloned audio/noviolence_02-273_cloned.wav	You have a say. I'd be a big...	No
noviolence_02-274_cloned	/generate_cloned_audio/qwen3_tts/violence/cloned audio/noviolence_02-274_cloned.wav	long body.	No
noviolence_02-275_cloned	/generate_cloned_audio/qwen3_tts/violence/cloned audio/noviolence_02-275_cloned.wav	with the past with...	No
noviolence_02-276_cloned	/generate_cloned_audio/qwen3_tts/violence/cloned audio/noviolence_02-276_cloned.wav	Could you talk a little bit more about that? Well, just the long body is a Native American idea. But it's	No
noviolence_02-277_cloned	/generate_cloned_audio/qwen3_tts/violence/cloned audio/noviolence_02-277_cloned.wav	a similar idea shows up.	No
noviolence_02-278_cloned	/generate_cloned_audio/qwen3_tts/violence/cloned audio/noviolence_02-278_cloned.wav	all across Native Indigenous culture.	No
noviolence_02-279_cloned	/generate_cloned_audio/qwen3_tts/violence/cloned audio/noviolence_02-279_cloned.wav	and the idea being that the	No
noviolence_02-28_cloned	/generate_cloned_audio/qwen3_tts/violence/cloned audio/noviolence_02-28_cloned.wav	What has the...	No
noviolence_02-280_cloned	/generate_cloned_audio/qwen3_tts/violence/cloned audio/noviolence_02-280_cloned.wav	The boundary of the body is not the skin. The body actually extends out into the world.	No
noviolence_02-281_cloned	/generate_cloned_audio/qwen3_tts/violence/cloned audio/noviolence_02-281_cloned.wav	and includes.	No
noviolence_02-282_cloned	/generate_cloned_audio/qwen3_tts/violence/cloned audio/noviolence_02-282_cloned.wav	your habitat and your tribe.	No
noviolence_02-283_cloned	/generate_cloned_audio/qwen3_tts/violence/cloned audio/noviolence_02-283_cloned.wav	and these are your life support systems.	No
noviolence_02-284_cloned	/generate_cloned_audio/qwen3_tts/violence/cloned audio/noviolence_02-284_cloned.wav	And the key word there is continuity because...	No
noviolence_02-285_cloned	/generate_cloned_audio/qwen3_tts/violence/cloned audio/noviolence_02-285_cloned.wav	the connection between our bodies and our habitat, our bodies and our tribe.	No
noviolence_02-286_cloned	/generate_cloned_audio/qwen3_tts/violence/cloned audio/noviolence_02-286_cloned.wav	It's not just mystical.	No
noviolence_02-287_cloned	/generate_cloned_audio/qwen3_tts/violence/cloned audio/noviolence_02-287_cloned.wav	And it's not just.	No
noviolence_02-288_cloned	/generate_cloned_audio/qwen3_tts/violence/cloned audio/noviolence_02-288_cloned.wav	something that occurs in the imagination. It's an actual physical reality. And when we, it ranges from things like circadian rhythm,	No
noviolence_02-289_cloned	/generate_cloned_audio/qwen3_tts/violence/cloned audio/noviolence_02-289_cloned.wav	and the way the light impacts our physiology and resynchronizes our physiology every day.	No
noviolence_02-29_cloned	/generate_cloned_audio/qwen3_tts/violence/cloned audio/noviolence_02-29_cloned.wav	I think a lot of athletes go through this growth and development phase where they train really hard and get their movement working for them.	No
noviolence_02-290_cloned	/generate_cloned_audio/qwen3_tts/violence/cloned audio/noviolence_02-290_cloned.wav	to the way that other people's bodies influence us and our emotions and our, through the mirror neuron system.	No
noviolence_02-291_cloned	/generate_cloned_audio/qwen3_tts/violence/cloned audio/noviolence_02-291_cloned.wav	The continuities are astonishing. And	No
noviolence_02-292_cloned	/generate_cloned_audio/qwen3_tts/violence/cloned audio/noviolence_02-292_cloned.wav	to talk about people as individuals.	No
noviolence_02-294_cloned	/generate_cloned_audio/qwen3_tts/violence/cloned audio/noviolence_02-294_cloned.wav	really kind of...	No
noviolence_02-295_cloned	/generate_cloned_audio/qwen3_tts/violence/cloned audio/noviolence_02-295_cloned.wav	make a whole lot of sense.	No
noviolence_02-296_cloned	/generate_cloned_audio/qwen3_tts/violence/cloned audio/noviolence_02-296_cloned.wav	So it's also really interesting because...	No
noviolence_02-297_cloned	/generate_cloned_audio/qwen3_tts/violence/cloned audio/noviolence_02-297_cloned.wav	It's a Native American idea, but it's also validated by modern science. So this word continuity shows up everywhere now. It shows up in Native culture, but it shows up in science.	No
noviolence_02-298_cloned	/generate_cloned_audio/qwen3_tts/violence/cloned audio/noviolence_02-298_cloned.wav	and it's something we're gonna have to come to grips with pretty soon.	No
noviolence_02-299_cloned	/generate_cloned_audio/qwen3_tts/violence/cloned audio/noviolence_02-299_cloned.wav	I think it's part of the Western.	No
noviolence_02-3_cloned	/generate_cloned_audio/qwen3_tts/violence/cloned audio/noviolence_02-3_cloned.wav	to movement practice.	No
noviolence_02-30_cloned	/generate_cloned_audio/qwen3_tts/violence/cloned audio/noviolence_02-30_cloned.wav	really enjoy the process.	No
noviolence_02-300_cloned	/generate_cloned_audio/qwen3_tts/violence/cloned audio/noviolence_02-300_cloned.wav	interrogating the c-	No
noviolence_02-301_cloned	/generate_cloned_audio/qwen3_tts/violence/cloned audio/noviolence_02-301_cloned.wav	Mm-hmm.	No
noviolence_02-302_cloned	/generate_cloned_audio/qwen3_tts/violence/cloned audio/noviolence_02-302_cloned.wav	when you dig down into it.	No
noviolence_02-303_cloned	/generate_cloned_audio/qwen3_tts/violence/cloned audio/noviolence_02-303_cloned.wav	and there has been a	No
noviolence_02-304_cloned	/generate_cloned_audio/qwen3_tts/violence/cloned audio/noviolence_02-304_cloned.wav	dielectric about that.	No
noviolence_02-305_cloned	/generate_cloned_audio/qwen3_tts/violence/cloned audio/noviolence_02-305_cloned.wav	for a really long time.	No
noviolence_02-306_cloned	/generate_cloned_audio/qwen3_tts/violence/cloned audio/noviolence_02-306_cloned.wav	you know, very speological tradition.	No
noviolence_02-307_cloned	/generate_cloned_audio/qwen3_tts/violence/cloned audio/noviolence_02-307_cloned.wav	Mm-hmm. And every-	No
noviolence_02-308_cloned	/generate_cloned_audio/qwen3_tts/violence/cloned audio/noviolence_02-308_cloned.wav	you have.	No
noviolence_02-309_cloned	/generate_cloned_audio/qwen3_tts/violence/cloned audio/noviolence_02-309_cloned.wav	There is that.	No
noviolence_02-31_cloned	/generate_cloned_audio/qwen3_tts/violence/cloned audio/noviolence_02-31_cloned.wav	And eventually you succeed. I mean, you get the movement skills that you want to get, and then you start to look around at the world and you start to.	No
noviolence_02-310_cloned	/generate_cloned_audio/qwen3_tts/violence/cloned audio/noviolence_02-310_cloned.wav	throughout the world.	No
noviolence_02-311_cloned	/generate_cloned_audio/qwen3_tts/violence/cloned audio/noviolence_02-311_cloned.wav	I agree that we...	No
noviolence_02-312_cloned	/generate_cloned_audio/qwen3_tts/violence/cloned audio/noviolence_02-312_cloned.wav	Right.	No
noviolence_02-314_cloned	/generate_cloned_audio/qwen3_tts/violence/cloned audio/noviolence_02-314_cloned.wav	short medicine.	No
noviolence_02-315_cloned	/generate_cloned_audio/qwen3_tts/violence/cloned audio/noviolence_02-315_cloned.wav	Both of these are similar where we take the body in isolation and attempt to make it better. We attempt to either increase its athletic performance or its health.	No
noviolence_02-316_cloned	/generate_cloned_audio/qwen3_tts/violence/cloned audio/noviolence_02-316_cloned.wav	And we don't ask questions about habitat and tribe. You go to the doctor, the doctor isn't going to ask you about your habitat.	No
noviolence_02-317_cloned	/generate_cloned_audio/qwen3_tts/violence/cloned audio/noviolence_02-317_cloned.wav	It's not going to ask you very much, if at all, about your social.	No
noviolence_02-318_cloned	/generate_cloned_audio/qwen3_tts/violence/cloned audio/noviolence_02-318_cloned.wav	circumstances.	No
noviolence_02-319_cloned	/generate_cloned_audio/qwen3_tts/violence/cloned audio/noviolence_02-319_cloned.wav	And this is short body health, short body medicine.	No
noviolence_02-32_cloned	/generate_cloned_audio/qwen3_tts/violence/cloned audio/noviolence_02-32_cloned.wav	that a lot of people aren't as fortunate as we are.	No
noviolence_02-320_cloned	/generate_cloned_audio/qwen3_tts/violence/cloned audio/noviolence_02-320_cloned.wav	And we do short body training with a lot of people too. It's like we don't.	No
noviolence_02-321_cloned	/generate_cloned_audio/qwen3_tts/violence/cloned audio/noviolence_02-321_cloned.wav	We just give them a bunch of sets and reps.	No
noviolence_02-322_cloned	/generate_cloned_audio/qwen3_tts/violence/cloned audio/noviolence_02-322_cloned.wav	forget about.	No
noviolence_02-323_cloned	/generate_cloned_audio/qwen3_tts/violence/cloned audio/noviolence_02-323_cloned.wav	context shortage in our world.	No
noviolence_02-324_cloned	/generate_cloned_audio/qwen3_tts/violence/cloned audio/noviolence_02-324_cloned.wav	It's one of the central print.	No
noviolence_02-325_cloned	/generate_cloned_audio/qwen3_tts/violence/cloned audio/noviolence_02-325_cloned.wav	So if you want your child...	No
noviolence_02-326_cloned	/generate_cloned_audio/qwen3_tts/violence/cloned audio/noviolence_02-326_cloned.wav	world-class soccer.	No
noviolence_02-327_cloned	/generate_cloned_audio/qwen3_tts/violence/cloned audio/noviolence_02-327_cloned.wav	You gotta play soccer.	No
noviolence_02-328_cloned	/generate_cloned_audio/qwen3_tts/violence/cloned audio/noviolence_02-328_cloned.wav	that seems obvious.	No
noviolence_02-329_cloned	/generate_cloned_audio/qwen3_tts/violence/cloned audio/noviolence_02-329_cloned.wav	Bye.	No
noviolence_02-33_cloned	/generate_cloned_audio/qwen3_tts/violence/cloned audio/noviolence_02-33_cloned.wav	and it's very easy to see.	No
noviolence_02-330_cloned	/generate_cloned_audio/qwen3_tts/violence/cloned audio/noviolence_02-330_cloned.wav	What we're missing is sort of a context.	No
noviolence_02-331_cloned	/generate_cloned_audio/qwen3_tts/violence/cloned audio/noviolence_02-331_cloned.wav	Right. What?	No
noviolence_02-332_cloned	/generate_cloned_audio/qwen3_tts/violence/cloned audio/noviolence_02-332_cloned.wav	world-class soccer players.	No
noviolence_02-333_cloned	/generate_cloned_audio/qwen3_tts/violence/cloned audio/noviolence_02-333_cloned.wav	The body is not.	No
noviolence_02-334_cloned	/generate_cloned_audio/qwen3_tts/violence/cloned audio/noviolence_02-334_cloned.wav	one one output	No
noviolence_02-335_cloned	/generate_cloned_audio/qwen3_tts/violence/cloned audio/noviolence_02-335_cloned.wav	And if you try to make it...	No
noviolence_02-336_cloned	/generate_cloned_audio/qwen3_tts/violence/cloned audio/noviolence_02-336_cloned.wav	So I think that's an interesting.	No
noviolence_02-337_cloned	/generate_cloned_audio/qwen3_tts/violence/cloned audio/noviolence_02-337_cloned.wav	again specialization.	No
noviolence_02-338_cloned	/generate_cloned_audio/qwen3_tts/violence/cloned audio/noviolence_02-338_cloned.wav	You have to be a human.	No
noviolence_02-339_cloned	/generate_cloned_audio/qwen3_tts/violence/cloned audio/noviolence_02-339_cloned.wav	And you go back to the original forms of human movement, which would be	No
noviolence_02-34_cloned	/generate_cloned_audio/qwen3_tts/violence/cloned audio/noviolence_02-34_cloned.wav	the decay of public health.	No
noviolence_02-340_cloned	/generate_cloned_audio/qwen3_tts/violence/cloned audio/noviolence_02-340_cloned.wav	Gathering.	No
noviolence_02-341_cloned	/generate_cloned_audio/qwen3_tts/violence/cloned audio/noviolence_02-341_cloned.wav	first and then hunting and then dancing. Those are...	No
noviolence_02-342_cloned	/generate_cloned_audio/qwen3_tts/violence/cloned audio/noviolence_02-342_cloned.wav	not really specializations.	No
noviolence_02-343_cloned	/generate_cloned_audio/qwen3_tts/violence/cloned audio/noviolence_02-343_cloned.wav	hunting perhaps? But even there most hunters were opportunists.	No
noviolence_02-344_cloned	/generate_cloned_audio/qwen3_tts/violence/cloned audio/noviolence_02-344_cloned.wav	you go out on the grassland and you're going to hunt whatever animal happens to be in season or happens to be coming through your habitat and you're probably not going to specialize in any one.	No
noviolence_02-345_cloned	/generate_cloned_audio/qwen3_tts/violence/cloned audio/noviolence_02-345_cloned.wav	hunting for	No
noviolence_02-346_cloned	/generate_cloned_audio/qwen3_tts/violence/cloned audio/noviolence_02-346_cloned.wav	anyone hunting movement.	No
noviolence_02-347_cloned	/generate_cloned_audio/qwen3_tts/violence/cloned audio/noviolence_02-347_cloned.wav	And then the same thing with dancing, early dance I'm sure would mimic certain animals.	No
noviolence_02-348_cloned	/generate_cloned_audio/qwen3_tts/violence/cloned audio/noviolence_02-348_cloned.wav	you would gesture and try and communicate use that gesture and communicate so specialization is kind of a recent thing.	No
noviolence_02-35_cloned	/generate_cloned_audio/qwen3_tts/violence/cloned audio/noviolence_02-35_cloned.wav	and to see the problems in the world.	No
noviolence_02-350_cloned	/generate_cloned_audio/qwen3_tts/violence/cloned audio/noviolence_02-350_cloned.wav	I think it's kind of an issue.	No
noviolence_02-351_cloned	/generate_cloned_audio/qwen3_tts/violence/cloned audio/noviolence_02-351_cloned.wav	So...	No
noviolence_02-352_cloned	/generate_cloned_audio/qwen3_tts/violence/cloned audio/noviolence_02-352_cloned.wav	we have this Clovis model of people in America's where.	No
noviolence_02-353_cloned	/generate_cloned_audio/qwen3_tts/violence/cloned audio/noviolence_02-353_cloned.wav	Megafauna hunters.	No
noviolence_02-354_cloned	/generate_cloned_audio/qwen3_tts/violence/cloned audio/noviolence_02-354_cloned.wav	years.	No
noviolence_02-355_cloned	/generate_cloned_audio/qwen3_tts/violence/cloned audio/noviolence_02-355_cloned.wav	came through about this.	No
noviolence_02-356_cloned	/generate_cloned_audio/qwen3_tts/violence/cloned audio/noviolence_02-356_cloned.wav	seeing one more.	No
noviolence_02-357_cloned	/generate_cloned_audio/qwen3_tts/violence/cloned audio/noviolence_02-357_cloned.wav	for that.	No
noviolence_02-358_cloned	/generate_cloned_audio/qwen3_tts/violence/cloned audio/noviolence_02-358_cloned.wav	who had a technology.	No
noviolence_02-359_cloned	/generate_cloned_audio/qwen3_tts/violence/cloned audio/noviolence_02-359_cloned.wav	animals hunting and gathering resources.	No
noviolence_02-36_cloned	/generate_cloned_audio/qwen3_tts/violence/cloned audio/noviolence_02-36_cloned.wav	with the human body.	No
noviolence_02-361_cloned	/generate_cloned_audio/qwen3_tts/violence/cloned audio/noviolence_02-361_cloned.wav	and then they seem to have been.	No
noviolence_02-362_cloned	/generate_cloned_audio/qwen3_tts/violence/cloned audio/noviolence_02-362_cloned.wav	Password replacement.	No
noviolence_02-363_cloned	/generate_cloned_audio/qwen3_tts/violence/cloned audio/noviolence_02-363_cloned.wav	So there is this.	No
noviolence_02-364_cloned	/generate_cloned_audio/qwen3_tts/violence/cloned audio/noviolence_02-364_cloned.wav	kind of individual skill set.	No
noviolence_02-365_cloned	/generate_cloned_audio/qwen3_tts/violence/cloned audio/noviolence_02-365_cloned.wav	even in animals.	No
noviolence_02-366_cloned	/generate_cloned_audio/qwen3_tts/violence/cloned audio/noviolence_02-366_cloned.wav	like there are.	No
noviolence_02-367_cloned	/generate_cloned_audio/qwen3_tts/violence/cloned audio/noviolence_02-367_cloned.wav	My impro-	No
noviolence_02-368_cloned	/generate_cloned_audio/qwen3_tts/violence/cloned audio/noviolence_02-368_cloned.wav	that are specialists.	No
noviolence_02-369_cloned	/generate_cloned_audio/qwen3_tts/violence/cloned audio/noviolence_02-369_cloned.wav	My pride.	No
noviolence_02-37_cloned	/generate_cloned_audio/qwen3_tts/violence/cloned audio/noviolence_02-37_cloned.wav	And that leads to this whole other exploration of why did this happen and why are people's bodies suffering so much?	No
noviolence_02-370_cloned	/generate_cloned_audio/qwen3_tts/violence/cloned audio/noviolence_02-370_cloned.wav	Hold the piece.	No
noviolence_02-371_cloned	/generate_cloned_audio/qwen3_tts/violence/cloned audio/noviolence_02-371_cloned.wav	So there is that element.	No
noviolence_02-372_cloned	/generate_cloned_audio/qwen3_tts/violence/cloned audio/noviolence_02-372_cloned.wav	The RISEMON technology really	No
noviolence_02-373_cloned	/generate_cloned_audio/qwen3_tts/violence/cloned audio/noviolence_02-373_cloned.wav	the story of.	No
noviolence_02-374_cloned	/generate_cloned_audio/qwen3_tts/violence/cloned audio/noviolence_02-374_cloned.wav	Perfect.	No
noviolence_02-375_cloned	/generate_cloned_audio/qwen3_tts/violence/cloned audio/noviolence_02-375_cloned.wav	We have a culture.	No
noviolence_02-376_cloned	/generate_cloned_audio/qwen3_tts/violence/cloned audio/noviolence_02-376_cloned.wav	more global knowledge.	No
noviolence_02-377_cloned	/generate_cloned_audio/qwen3_tts/violence/cloned audio/noviolence_02-377_cloned.wav	the width of the knowledge.	No
noviolence_02-378_cloned	/generate_cloned_audio/qwen3_tts/violence/cloned audio/noviolence_02-378_cloned.wav	Right. Right. Not any reasonable amount.	No
noviolence_02-379_cloned	/generate_cloned_audio/qwen3_tts/violence/cloned audio/noviolence_02-379_cloned.wav	Yeah. Yeah.	No
noviolence_02-38_cloned	/generate_cloned_audio/qwen3_tts/violence/cloned audio/noviolence_02-38_cloned.wav	And that.	No
noviolence_02-380_cloned	/generate_cloned_audio/qwen3_tts/violence/cloned audio/noviolence_02-380_cloned.wav	Garrison Keillor makes that point. He says nobody knows how to do anything anymore, like a farmer would, because now we have such tight space.	No
noviolence_02-381_cloned	/generate_cloned_audio/qwen3_tts/violence/cloned audio/noviolence_02-381_cloned.wav	I love this term that's come out of the...	No
noviolence_02-382_cloned	/generate_cloned_audio/qwen3_tts/violence/cloned audio/noviolence_02-382_cloned.wav	kind of within the fitness.	No
noviolence_02-383_cloned	/generate_cloned_audio/qwen3_tts/violence/cloned audio/noviolence_02-383_cloned.wav	where we think about our movement practices.	No
noviolence_02-384_cloned	/generate_cloned_audio/qwen3_tts/violence/cloned audio/noviolence_02-384_cloned.wav	to this broader idea.	No
noviolence_02-385_cloned	/generate_cloned_audio/qwen3_tts/violence/cloned audio/noviolence_02-385_cloned.wav	when	No
noviolence_02-386_cloned	/generate_cloned_audio/qwen3_tts/violence/cloned audio/noviolence_02-386_cloned.wav	Traditionally, there are martial arts.	No
noviolence_02-387_cloned	/generate_cloned_audio/qwen3_tts/violence/cloned audio/noviolence_02-387_cloned.wav	Right.	No
noviolence_02-388_cloned	/generate_cloned_audio/qwen3_tts/violence/cloned audio/noviolence_02-388_cloned.wav	they've lost their	No
noviolence_02-389_cloned	/generate_cloned_audio/qwen3_tts/violence/cloned audio/noviolence_02-389_cloned.wav	I think you can go down the line.	No
noviolence_02-39_cloned	/generate_cloned_audio/qwen3_tts/violence/cloned audio/noviolence_02-39_cloned.wav	is just fascinating to me because now you start to, it's not just about movement anymore, now it's about things like culture and it's about history and it's even...	No
noviolence_02-390_cloned	/generate_cloned_audio/qwen3_tts/violence/cloned audio/noviolence_02-390_cloned.wav	Before we have radio-	No
noviolence_02-391_cloned	/generate_cloned_audio/qwen3_tts/violence/cloned audio/noviolence_02-391_cloned.wav	how many people are carrying.	No
noviolence_02-392_cloned	/generate_cloned_audio/qwen3_tts/violence/cloned audio/noviolence_02-392_cloned.wav	specialists.	No
noviolence_02-393_cloned	/generate_cloned_audio/qwen3_tts/violence/cloned audio/noviolence_02-393_cloned.wav	So we were talking about this idea of a movement culture as kind of a component of somebody's broader culture and how...	No
noviolence_02-394_cloned	/generate_cloned_audio/qwen3_tts/violence/cloned audio/noviolence_02-394_cloned.wav	people are the bearers of less and less of the overall culture. And I'm curious about your observations.	No
noviolence_02-395_cloned	/generate_cloned_audio/qwen3_tts/violence/cloned audio/noviolence_02-395_cloned.wav	and how you think that affects people? Well, I think in a lot of ways our culture systematically dis-	No
noviolence_02-396_cloned	/generate_cloned_audio/qwen3_tts/violence/cloned audio/noviolence_02-396_cloned.wav	empowers people because when all you've got is one little specialization you're incredibly vulnerable.	No
noviolence_02-397_cloned	/generate_cloned_audio/qwen3_tts/violence/cloned audio/noviolence_02-397_cloned.wav	especially if that doesn't feed your health and feed your body in some way. One, I spent a lot of time	No
noviolence_02-398_cloned	/generate_cloned_audio/qwen3_tts/violence/cloned audio/noviolence_02-398_cloned.wav	I'm studying stress and one thing that comes up over and over again is this idea of control, the power of control.	No
noviolence_02-399_cloned	/generate_cloned_audio/qwen3_tts/violence/cloned audio/noviolence_02-399_cloned.wav	If you have some sense of control over your circumstances, then your stress will decline, obviously. And what's one of the best ways to get a...	No
noviolence_02-4_cloned	/generate_cloned_audio/qwen3_tts/violence/cloned audio/noviolence_02-4_cloned.wav	with early thinkers on.	No
noviolence_02-40_cloned	/generate_cloned_audio/qwen3_tts/violence/cloned audio/noviolence_02-40_cloned.wav	about things like policy. What are we gonna do to regain our health as a people?	No
noviolence_02-400_cloned	/generate_cloned_audio/qwen3_tts/violence/cloned audio/noviolence_02-400_cloned.wav	sense of control. It's to move your body. And that's what I think is really going on with exercise is what people benefit from exercise.	No
noviolence_02-401_cloned	/generate_cloned_audio/qwen3_tts/violence/cloned audio/noviolence_02-401_cloned.wav	because of the exercise but the fact that they've gained a sense of control that's the most intimate kind of control you can have is the ability to move your body out	No
noviolence_02-402_cloned	/generate_cloned_audio/qwen3_tts/violence/cloned audio/noviolence_02-402_cloned.wav	you juice as you see fit and you go to the gym or you go outdoors and you go you go play now all of a sudden you feel better because you are empowered.	No
noviolence_02-403_cloned	/generate_cloned_audio/qwen3_tts/violence/cloned audio/noviolence_02-403_cloned.wav	you are in control of your own life, your own circumstances. And by living in a culture that doesn't honor the body...	No
noviolence_02-404_cloned	/generate_cloned_audio/qwen3_tts/violence/cloned audio/noviolence_02-404_cloned.wav	We disempower people in a big way. Yeah, it's interesting. We touched on this idea earlier.	No
noviolence_02-405_cloned	/generate_cloned_audio/qwen3_tts/violence/cloned audio/noviolence_02-405_cloned.wav	We live in a time of unmatched affluence. We live in a time where people are far less risk of disease, far less risk of murder, far less risk of violence.	No
noviolence_02-406_cloned	/generate_cloned_audio/qwen3_tts/violence/cloned audio/noviolence_02-406_cloned.wav	and yet we also live in a time where people have epidemics of anxiety and depression. Right. It's, you know, I...	No
noviolence_02-407_cloned	/generate_cloned_audio/qwen3_tts/violence/cloned audio/noviolence_02-407_cloned.wav	I'm getting a little mystical here, but I almost feel like there's a deep-seated... like human beings involved in a context where they needed these broad scales.	No
noviolence_02-408_cloned	/generate_cloned_audio/qwen3_tts/violence/cloned audio/noviolence_02-408_cloned.wav	of competence for a really long time and I think that we inherently start feeling that we're missing something. If you can't make the fire, if you can't hunt, you can't make the cake.	No
noviolence_02-409_cloned	/generate_cloned_audio/qwen3_tts/violence/cloned audio/noviolence_02-409_cloned.wav	If you can't build anything, you're an incredibly vulnerable thing when you take away from the broader culture. Right, right. I think that's part of it.	No
noviolence_02-41_cloned	/generate_cloned_audio/qwen3_tts/violence/cloned audio/noviolence_02-41_cloned.wav	So that's what really intrigues me right now, but I'm still interested, I still love to move, and I still enjoy climbing and martial arts.	No
noviolence_02-410_cloned	/generate_cloned_audio/qwen3_tts/violence/cloned audio/noviolence_02-410_cloned.wav	And what I'm more confident about is just that people don't have sources of self-worth.	No
noviolence_02-411_cloned	/generate_cloned_audio/qwen3_tts/violence/cloned audio/noviolence_02-411_cloned.wav	If you were a great singer and a tribe, that was a source of self-worth. If you were a good hunter, if you were a good forager, if you know how to find this thing,	No
noviolence_02-412_cloned	/generate_cloned_audio/qwen3_tts/violence/cloned audio/noviolence_02-412_cloned.wav	and a great mushroom finder, all these things became places that somebody could kind of harvest a sense of self-worth. And as we become more...	No
noviolence_02-413_cloned	/generate_cloned_audio/qwen3_tts/violence/cloned audio/noviolence_02-413_cloned.wav	specialized there's there's fewer things that we can kind of call around and can draw value from. So I think that we	No
noviolence_02-414_cloned	/generate_cloned_audio/qwen3_tts/violence/cloned audio/noviolence_02-414_cloned.wav	We live in this culture where people talk a lot about the value of self-esteem, but we don't have a plan right now.	No
noviolence_02-415_cloned	/generate_cloned_audio/qwen3_tts/violence/cloned audio/noviolence_02-415_cloned.wav	now to develop cells that are worth esteeming. Right, and it would help if we started with the body and started with movement.	No
noviolence_02-416_cloned	/generate_cloned_audio/qwen3_tts/violence/cloned audio/noviolence_02-416_cloned.wav	But no matter how you slice it, that's what we need to get back to. That's core to our experience.	No
noviolence_02-417_cloned	/generate_cloned_audio/qwen3_tts/violence/cloned audio/noviolence_02-417_cloned.wav	And that's why my work, involved in play I call it. The slogan for my brand is, Move Like a Human, because I think that...	No
noviolence_02-418_cloned	/generate_cloned_audio/qwen3_tts/violence/cloned audio/noviolence_02-418_cloned.wav	It's probably the easiest place to start reclaiming this culture, this humanness.	No
noviolence_02-419_cloned	/generate_cloned_audio/qwen3_tts/violence/cloned audio/noviolence_02-419_cloned.wav	I know your recent book, The Beautiful Practice, kind of pauses the same thing. There's all these cultural practices that are really valuable.	No
noviolence_02-42_cloned	/generate_cloned_audio/qwen3_tts/violence/cloned audio/noviolence_02-42_cloned.wav	play with other people and these kind of things.	No
noviolence_02-420_cloned	/generate_cloned_audio/qwen3_tts/violence/cloned audio/noviolence_02-420_cloned.wav	but the root starts in the body and cultivating the body. So we'll just talk a little bit more about kind of why you think that's the best place to start.	No
noviolence_02-421_cloned	/generate_cloned_audio/qwen3_tts/violence/cloned audio/noviolence_02-421_cloned.wav	Well, because it's ancient, because it's so old, and things that are old tend to be powerful.	No
noviolence_02-422_cloned	/generate_cloned_audio/qwen3_tts/violence/cloned audio/noviolence_02-422_cloned.wav	The common time frame that people work with here, they say, well, the human species is 200,000 years old, roughly a quarter of a million years.	No
noviolence_02-423_cloned	/generate_cloned_audio/qwen3_tts/violence/cloned audio/noviolence_02-423_cloned.wav	which seems like a long time but it's really not because our bodies are actually far far older than that and it depends where you	No
noviolence_02-425_cloned	/generate_cloned_audio/qwen3_tts/violence/cloned audio/noviolence_02-425_cloned.wav	vertebrates 500 million years. So by moving and by being physical we become continuous with the world.	No
noviolence_02-426_cloned	/generate_cloned_audio/qwen3_tts/violence/cloned audio/noviolence_02-426_cloned.wav	this ancient history, something that is far more powerful than we realize and it's far more powerful than just the glossy magazines.	No
noviolence_02-427_cloned	/generate_cloned_audio/qwen3_tts/violence/cloned audio/noviolence_02-427_cloned.wav	exercise stuff. No, this is substantial. This is ancient. This is really primal.	No
noviolence_02-428_cloned	/generate_cloned_audio/qwen3_tts/violence/cloned audio/noviolence_02-428_cloned.wav	It's not just about looking good and it's not just about even in some ways it's more important even than health. You know this is this is kind of	No
noviolence_02-429_cloned	/generate_cloned_audio/qwen3_tts/violence/cloned audio/noviolence_02-429_cloned.wav	into the ancient biosphere and nothing else can do it so moving our bodies. Yeah, I mentioned to you	No
noviolence_02-43_cloned	/generate_cloned_audio/qwen3_tts/violence/cloned audio/noviolence_02-43_cloned.wav	I'd like to have my hand in the hole.	No
noviolence_02-430_cloned	/generate_cloned_audio/qwen3_tts/violence/cloned audio/noviolence_02-430_cloned.wav	off camera before we started this interview that my friend Simon Thacker has a blog called Ancestral Movement. He really works on this idea.	No
noviolence_02-431_cloned	/generate_cloned_audio/qwen3_tts/violence/cloned audio/noviolence_02-431_cloned.wav	of kind of discovering the inner ancestor. Whether that ancestor is the inner worm, the inner fish, the inner ape, all these things.	No
noviolence_02-432_cloned	/generate_cloned_audio/qwen3_tts/violence/cloned audio/noviolence_02-432_cloned.wav	have characteristics that weren't changed. They developed first and then they've been conserved by evolution because they weren't, were a big tube.	No
noviolence_02-433_cloned	/generate_cloned_audio/qwen3_tts/violence/cloned audio/noviolence_02-433_cloned.wav	We move around with our face first because that worked as worms. Our spines move in certain ways because those are the...	No
noviolence_02-434_cloned	/generate_cloned_audio/qwen3_tts/violence/cloned audio/noviolence_02-434_cloned.wav	the initial characters is a chord is. I think this is a really interesting idea. I really, you know, I remember when we first encountered things, we were in animal years.	No
noviolence_02-435_cloned	/generate_cloned_audio/qwen3_tts/violence/cloned audio/noviolence_02-435_cloned.wav	ago, you had this beautiful mandala of health, right? We took the idea of mind, body, and spirit and expanded to talk about the land and the ancestors. And so.	No
noviolence_02-436_cloned	/generate_cloned_audio/qwen3_tts/violence/cloned audio/noviolence_02-436_cloned.wav	In this sense, when we return to the trees, we're in a way giving respect to the monkeys as our ancestors. Right. The apes as our ancestors.	No
noviolence_02-437_cloned	/generate_cloned_audio/qwen3_tts/violence/cloned audio/noviolence_02-437_cloned.wav	ancestors. When we practice moving around on the ground, we're going back to being quite repeal animals. We're squirming on the ground and going back to being these things.	No
noviolence_02-438_cloned	/generate_cloned_audio/qwen3_tts/violence/cloned audio/noviolence_02-438_cloned.wav	Yeah, I wanted to just kind of get you to expand on this idea of why is a sense of our ancestry an important component of our health?	No
noviolence_02-439_cloned	/generate_cloned_audio/qwen3_tts/violence/cloned audio/noviolence_02-439_cloned.wav	just look at the nervous system and you don't even have to know that much about the nervous system to realize that an ancient, a very simple...	No
noviolence_02-44_cloned	/generate_cloned_audio/qwen3_tts/violence/cloned audio/noviolence_02-44_cloned.wav	kind of ties right into a really core piece.	No
noviolence_02-440_cloned	/generate_cloned_audio/qwen3_tts/violence/cloned audio/noviolence_02-440_cloned.wav	ancient nervous system would have had motor commands, motor pathways, but those pathways would only be useful.	No
noviolence_02-441_cloned	/generate_cloned_audio/qwen3_tts/violence/cloned audio/noviolence_02-441_cloned.wav	if there was some sort of sensation coming back. So it's a cybernetic system, but it's a conversational system. And that goes...	No
noviolence_02-442_cloned	/generate_cloned_audio/qwen3_tts/violence/cloned audio/noviolence_02-442_cloned.wav	back hundreds of millions of years. So when we move our bodies, especially outdoors in nature, we're setting up this	No
noviolence_02-443_cloned	/generate_cloned_audio/qwen3_tts/violence/cloned audio/noviolence_02-443_cloned.wav	natural conversation between habitat and nervous system that it's call and response.	No
noviolence_02-444_cloned	/generate_cloned_audio/qwen3_tts/violence/cloned audio/noviolence_02-444_cloned.wav	It makes the nervous system work in context, in the context that it worked in for millions of years. And...	No
noviolence_02-445_cloned	/generate_cloned_audio/qwen3_tts/violence/cloned audio/noviolence_02-445_cloned.wav	That is why that kind of experience is so powerful. We're reenacting things that we've done for a very long time.	No
noviolence_02-446_cloned	/generate_cloned_audio/qwen3_tts/violence/cloned audio/noviolence_02-446_cloned.wav	Yeah. And we, you know, when I teach people, I take them into trees and I get them in the trees and I say, you have binocular vision.	No
noviolence_02-447_cloned	/generate_cloned_audio/qwen3_tts/violence/cloned audio/noviolence_02-447_cloned.wav	because your ancestors came from the trees. Or grasping hands because your ancestors came from the trees. The origination of the shoulder that has a full range of motion is the origin of the shoulder.	No
noviolence_02-448_cloned	/generate_cloned_audio/qwen3_tts/violence/cloned audio/noviolence_02-448_cloned.wav	from animals that hung from tree leaves. Right. That's why we have a flat chest. That's why we have an operatic torso orientation. So we rediscovered it.	No
noviolence_02-449_cloned	/generate_cloned_audio/qwen3_tts/violence/cloned audio/noviolence_02-449_cloned.wav	human body in a lot of ways when we just untrue. The other element there is the fact that...	No
noviolence_02-45_cloned	/generate_cloned_audio/qwen3_tts/violence/cloned audio/noviolence_02-45_cloned.wav	Thanks for watching!	No
noviolence_02-450_cloned	/generate_cloned_audio/qwen3_tts/violence/cloned audio/noviolence_02-450_cloned.wav	And a lot of people don't realize this, the muscular system is a sensory system. Because embedded in all the muscles, and the tendons and the ligaments are mechano-receptive.	No
noviolence_02-451_cloned	/generate_cloned_audio/qwen3_tts/violence/cloned audio/noviolence_02-451_cloned.wav	receptors. So every time you move your body, you're flooding sensation back into the nervous system, which gives us a sense of like...	No
noviolence_02-452_cloned	/generate_cloned_audio/qwen3_tts/violence/cloned audio/noviolence_02-452_cloned.wav	identity and a sense of who we are in the world, where we are in the world, these are really fundamental things. In contrast, what happens when people are sedentary and	No
noviolence_02-454_cloned	/generate_cloned_audio/qwen3_tts/violence/cloned audio/noviolence_02-454_cloned.wav	And lo and behold, they start to feel anxious. They start to feel unhappy and really kind of generated because they're kind of living in space.	No
noviolence_02-455_cloned	/generate_cloned_audio/qwen3_tts/violence/cloned audio/noviolence_02-455_cloned.wav	That's what it feels like when you're sedentary. Yeah. I was a really active kid. I grew up in a heavy community out in the woods.	No
noviolence_02-456_cloned	/generate_cloned_audio/qwen3_tts/violence/cloned audio/noviolence_02-456_cloned.wav	I was homeschooled after third grade. So I had a lot of time to kind of just move around the woods. And what happened is when my tribe broke down.	No
noviolence_02-457_cloned	/generate_cloned_audio/qwen3_tts/violence/cloned audio/noviolence_02-457_cloned.wav	my friends stopped being available because they were getting busy with middle school and people weren't there to play and move with, I became really sedentary and I sat.	No
noviolence_02-458_cloned	/generate_cloned_audio/qwen3_tts/violence/cloned audio/noviolence_02-458_cloned.wav	on my computer all the time in red. And I literally had this feeling of like being just disconnected from my body.	No
noviolence_02-459_cloned	/generate_cloned_audio/qwen3_tts/violence/cloned audio/noviolence_02-459_cloned.wav	realizing how trapped inside my own head I was. Right, right. And that's when I kind of came back to movement practice and started picking up gymnastics and martial arts and basketball. Right.	No
noviolence_02-46_cloned	/generate_cloned_audio/qwen3_tts/violence/cloned audio/noviolence_02-46_cloned.wav	idea flat.	No
noviolence_02-460_cloned	/generate_cloned_audio/qwen3_tts/violence/cloned audio/noviolence_02-460_cloned.wav	So I think that's a really powerful concept that we need this if you, I'm sure, I've talked about this before, but babies, if they're not touched.	No
noviolence_02-461_cloned	/generate_cloned_audio/qwen3_tts/violence/cloned audio/noviolence_02-461_cloned.wav	they'll die. We are shaped literally by the things around us, by the culture.	No
noviolence_02-462_cloned	/generate_cloned_audio/qwen3_tts/violence/cloned audio/noviolence_02-462_cloned.wav	Katie Bowman talks about the fact that every cell in the body responds to the way that it's loaded. So if you're not...	No
noviolence_02-463_cloned	/generate_cloned_audio/qwen3_tts/violence/cloned audio/noviolence_02-463_cloned.wav	experiencing the types of loading the tissues that was characteristic of the ancestral environment. So that means walking barefoot over rough ground. That means sitting, standing, lying down.	No
noviolence_02-464_cloned	/generate_cloned_audio/qwen3_tts/violence/cloned audio/noviolence_02-464_cloned.wav	on a variety of surfaces, then you're not, you're not feeding those cells what they have.	No
noviolence_02-465_cloned	/generate_cloned_audio/qwen3_tts/violence/cloned audio/noviolence_02-465_cloned.wav	have needed to function optimally. You're not moving your length around. You're not creating a structural integrity of the individual self.	No
noviolence_02-466_cloned	/generate_cloned_audio/qwen3_tts/violence/cloned audio/noviolence_02-466_cloned.wav	reading your book, your books, your work, it's interesting because you're kind of finding the same idea. Touch is important, tactile sensation is important, more from a neurological perspective.	No
noviolence_02-467_cloned	/generate_cloned_audio/qwen3_tts/violence/cloned audio/noviolence_02-467_cloned.wav	So she's saying that the cell needs it to be healthy, to be strong, to build its cytoskeleton. But also we need it because...	No
noviolence_02-468_cloned	/generate_cloned_audio/qwen3_tts/violence/cloned audio/noviolence_02-468_cloned.wav	The brain is not even able to feed itself. Got to have that touch and that touch comes either from people or from the habitat.	No
noviolence_02-469_cloned	/generate_cloned_audio/qwen3_tts/violence/cloned audio/noviolence_02-469_cloned.wav	or from motion. It's all forms of touch. And this is where I think the medical community has really fallen short. Because people...	No
noviolence_02-47_cloned	/generate_cloned_audio/qwen3_tts/violence/cloned audio/noviolence_02-47_cloned.wav	Why do we have?	No
noviolence_02-470_cloned	/generate_cloned_audio/qwen3_tts/violence/cloned audio/noviolence_02-470_cloned.wav	go in to see a physician and depending on which survey you read doctors really don't ask about exercise or movement very much.	No
noviolence_02-471_cloned	/generate_cloned_audio/qwen3_tts/violence/cloned audio/noviolence_02-471_cloned.wav	And there was a report just this week from NPR about back pain and a big meta study of many studies. They...	No
noviolence_02-472_cloned	/generate_cloned_audio/qwen3_tts/violence/cloned audio/noviolence_02-472_cloned.wav	They discovered that exercise is the best treatment for back pain. And also they discovered that doctors rarely ask or prescribe.	No
noviolence_02-474_cloned	/generate_cloned_audio/qwen3_tts/violence/cloned audio/noviolence_02-474_cloned.wav	Now all of a sudden, wow, your body feels a lot more, there's a lot more information to work with.	No
noviolence_02-475_cloned	/generate_cloned_audio/qwen3_tts/violence/cloned audio/noviolence_02-475_cloned.wav	And motor maps are never refined. Yeah, so that I think is the future, is healing ourselves through movement.	No
noviolence_02-476_cloned	/generate_cloned_audio/qwen3_tts/violence/cloned audio/noviolence_02-476_cloned.wav	Another friend of mine who I want to introduce you to is Todd Hargrove and his work is a lot about how pain is	No
noviolence_02-477_cloned	/generate_cloned_audio/qwen3_tts/violence/cloned audio/noviolence_02-477_cloned.wav	something that happens in the brain.	No
noviolence_02-479_cloned	/generate_cloned_audio/qwen3_tts/violence/cloned audio/noviolence_02-479_cloned.wav	The pain that we have are because...	No
noviolence_02-48_cloned	/generate_cloned_audio/qwen3_tts/violence/cloned audio/noviolence_02-48_cloned.wav	The thing that I'm always thinking.	No
noviolence_02-480_cloned	/generate_cloned_audio/qwen3_tts/violence/cloned audio/noviolence_02-480_cloned.wav	the body's not getting the information from the cells in the local.	No
noviolence_02-481_cloned	/generate_cloned_audio/qwen3_tts/violence/cloned audio/noviolence_02-481_cloned.wav	in a way that is.	No
noviolence_02-482_cloned	/generate_cloned_audio/qwen3_tts/violence/cloned audio/noviolence_02-482_cloned.wav	So the map breaks down and it's not used.	No
noviolence_02-483_cloned	/generate_cloned_audio/qwen3_tts/violence/cloned audio/noviolence_02-483_cloned.wav	So if we sit in a chair all day and our back only has one position.	No
noviolence_02-484_cloned	/generate_cloned_audio/qwen3_tts/violence/cloned audio/noviolence_02-484_cloned.wav	That's a back that's not feeding a ton of information to the nervous system. It develops a poor connection.	No
noviolence_02-485_cloned	/generate_cloned_audio/qwen3_tts/violence/cloned audio/noviolence_02-485_cloned.wav	Right. Yeah, it's all cybernetics. So we hear this term cyborg. Yeah. And we think robot, but really we're all cyborgs. We're cybernetic.	No
noviolence_02-486_cloned	/generate_cloned_audio/qwen3_tts/violence/cloned audio/noviolence_02-486_cloned.wav	organisms and we depend on that feedback to come into the nervous system so we'll have something to work with.	No
noviolence_02-487_cloned	/generate_cloned_audio/qwen3_tts/violence/cloned audio/noviolence_02-487_cloned.wav	The self cannot exist without the external world. It has to be informed. And that's what we're trying to do in this modern technological world, is we're trying to create...	No
noviolence_02-488_cloned	/generate_cloned_audio/qwen3_tts/violence/cloned audio/noviolence_02-488_cloned.wav	autonomous.	No
noviolence_02-489_cloned	/generate_cloned_audio/qwen3_tts/violence/cloned audio/noviolence_02-489_cloned.wav	organisms. This whole idea of getting in a spacecraft and going to Mars.	No
noviolence_02-49_cloned	/generate_cloned_audio/qwen3_tts/violence/cloned audio/noviolence_02-49_cloned.wav	Mm-hmm. What?	No
noviolence_02-490_cloned	/generate_cloned_audio/qwen3_tts/violence/cloned audio/noviolence_02-490_cloned.wav	I find just completely intolerable. I mean, there are people signing up to do that.	No
noviolence_02-491_cloned	/generate_cloned_audio/qwen3_tts/violence/cloned audio/noviolence_02-491_cloned.wav	I think of that as a really scary proposition.	No
noviolence_02-492_cloned	/generate_cloned_audio/qwen3_tts/violence/cloned audio/noviolence_02-492_cloned.wav	lost in space like that.	No
noviolence_02-493_cloned	/generate_cloned_audio/qwen3_tts/violence/cloned audio/noviolence_02-493_cloned.wav	One of my good friends is a person...	No
noviolence_02-494_cloned	/generate_cloned_audio/qwen3_tts/violence/cloned audio/noviolence_02-494_cloned.wav	super into that idea.	No
noviolence_02-495_cloned	/generate_cloned_audio/qwen3_tts/violence/cloned audio/noviolence_02-495_cloned.wav	It's strange to me because...	No
noviolence_02-496_cloned	/generate_cloned_audio/qwen3_tts/violence/cloned audio/noviolence_02-496_cloned.wav	I would want to be honest.	No
noviolence_02-497_cloned	/generate_cloned_audio/qwen3_tts/violence/cloned audio/noviolence_02-497_cloned.wav	because I feel like we're still just learning how to live on earth.	No
noviolence_02-498_cloned	/generate_cloned_audio/qwen3_tts/violence/cloned audio/noviolence_02-498_cloned.wav	Like we're	No
noviolence_02-499_cloned	/generate_cloned_audio/qwen3_tts/violence/cloned audio/noviolence_02-499_cloned.wav	We talk about all the evolutionary mismatch problems.	No
noviolence_02-5_cloned	/generate_cloned_audio/qwen3_tts/violence/cloned audio/noviolence_02-5_cloned.wav	of connecting the idea of physical culture with broader concepts and evolution.	No
noviolence_02-50_cloned	/generate_cloned_audio/qwen3_tts/violence/cloned audio/noviolence_02-50_cloned.wav	Kids in her	No
noviolence_02-501_cloned	/generate_cloned_audio/qwen3_tts/violence/cloned audio/noviolence_02-501_cloned.wav	So Mars has 0.37 gravity.	No
noviolence_02-502_cloned	/generate_cloned_audio/qwen3_tts/violence/cloned audio/noviolence_02-502_cloned.wav	How does a pregnant...	No
noviolence_02-503_cloned	/generate_cloned_audio/qwen3_tts/violence/cloned audio/noviolence_02-503_cloned.wav	How do all these human systems work? Notice this in the back.	No
noviolence_02-504_cloned	/generate_cloned_audio/qwen3_tts/violence/cloned audio/noviolence_02-504_cloned.wav	billions of years to life here on Earth.	No
noviolence_02-505_cloned	/generate_cloned_audio/qwen3_tts/violence/cloned audio/noviolence_02-505_cloned.wav	On the other side, from an evolutionary standpoint too, it's very exciting because...	No
noviolence_02-506_cloned	/generate_cloned_audio/qwen3_tts/violence/cloned audio/noviolence_02-506_cloned.wav	Planning is a really vulnerable thing.	No
noviolence_02-507_cloned	/generate_cloned_audio/qwen3_tts/violence/cloned audio/noviolence_02-507_cloned.wav	There are more planets that humans live on, and we are more robust.	No
noviolence_02-508_cloned	/generate_cloned_audio/qwen3_tts/violence/cloned audio/noviolence_02-508_cloned.wav	Palaraa!	No
noviolence_02-509_cloned	/generate_cloned_audio/qwen3_tts/violence/cloned audio/noviolence_02-509_cloned.wav	Yeah, I'm more like you. I lean more towards Mike. Let's, uh...	No
noviolence_02-51_cloned	/generate_cloned_audio/qwen3_tts/violence/cloned audio/noviolence_02-51_cloned.wav	to move and play.	No
noviolence_02-510_cloned	/generate_cloned_audio/qwen3_tts/violence/cloned audio/noviolence_02-510_cloned.wav	Let's approach these things with some caution, some respect for the fact that we are Earthlings.	No
noviolence_02-511_cloned	/generate_cloned_audio/qwen3_tts/violence/cloned audio/noviolence_02-511_cloned.wav	Yeah, and it's not going to be so easy to become anything else. Let's solve this mismatch first Yeah, because we're open to all kind of worms and I think it's actually an interesting sort of	No
noviolence_02-512_cloned	/generate_cloned_audio/qwen3_tts/violence/cloned audio/noviolence_02-512_cloned.wav	It's an interesting illustration of...	No
noviolence_02-514_cloned	/generate_cloned_audio/qwen3_tts/violence/cloned audio/noviolence_02-514_cloned.wav	of modern world that I think we're getting at here, which is this concept	No
noviolence_02-515_cloned	/generate_cloned_audio/qwen3_tts/violence/cloned audio/noviolence_02-515_cloned.wav	We have power.	No
noviolence_02-516_cloned	/generate_cloned_audio/qwen3_tts/violence/cloned audio/noviolence_02-516_cloned.wav	and we can do great things with it.	No
noviolence_02-517_cloned	/generate_cloned_audio/qwen3_tts/violence/cloned audio/noviolence_02-517_cloned.wav	but without knowledge of ourselves.	No
noviolence_02-518_cloned	/generate_cloned_audio/qwen3_tts/violence/cloned audio/noviolence_02-518_cloned.wav	we don't realize the cost.	No
noviolence_02-519_cloned	/generate_cloned_audio/qwen3_tts/violence/cloned audio/noviolence_02-519_cloned.wav	when culture changes so fast.	No
noviolence_02-52_cloned	/generate_cloned_audio/qwen3_tts/violence/cloned audio/noviolence_02-52_cloned.wav	I'm curious to hear you kind of really talk about	No
noviolence_02-520_cloned	/generate_cloned_audio/qwen3_tts/violence/cloned audio/noviolence_02-520_cloned.wav	hard to remember what's lost.	No
noviolence_02-521_cloned	/generate_cloned_audio/qwen3_tts/violence/cloned audio/noviolence_02-521_cloned.wav	You know, my father.	No
noviolence_02-522_cloned	/generate_cloned_audio/qwen3_tts/violence/cloned audio/noviolence_02-522_cloned.wav	and with four electric	No
noviolence_02-523_cloned	/generate_cloned_audio/qwen3_tts/violence/cloned audio/noviolence_02-523_cloned.wav	at the end of a dirt road, right?	No
noviolence_02-524_cloned	/generate_cloned_audio/qwen3_tts/violence/cloned audio/noviolence_02-524_cloned.wav	farm that his grandfather had homesteaded in the sketch of Al.	No
noviolence_02-525_cloned	/generate_cloned_audio/qwen3_tts/violence/cloned audio/noviolence_02-525_cloned.wav	So he wrote this super	No
noviolence_02-526_cloned	/generate_cloned_audio/qwen3_tts/violence/cloned audio/noviolence_02-526_cloned.wav	basically didn't have.	No
noviolence_02-527_cloned	/generate_cloned_audio/qwen3_tts/violence/cloned audio/noviolence_02-527_cloned.wav	radio to have video games.	No
noviolence_02-528_cloned	/generate_cloned_audio/qwen3_tts/violence/cloned audio/noviolence_02-528_cloned.wav	The really interesting thing is when he was in his late 40s...	No
noviolence_02-529_cloned	/generate_cloned_audio/qwen3_tts/violence/cloned audio/noviolence_02-529_cloned.wav	He built a diving.	No
noviolence_02-53_cloned	/generate_cloned_audio/qwen3_tts/violence/cloned audio/noviolence_02-53_cloned.wav	How do we lose?	No
noviolence_02-530_cloned	/generate_cloned_audio/qwen3_tts/violence/cloned audio/noviolence_02-530_cloned.wav	He's out there one day, he bounced on a diamond board.	No
noviolence_02-531_cloned	/generate_cloned_audio/qwen3_tts/violence/cloned audio/noviolence_02-531_cloned.wav	goes up and does a front flip and it goes down.	No
noviolence_02-532_cloned	/generate_cloned_audio/qwen3_tts/violence/cloned audio/noviolence_02-532_cloned.wav	into the water. Clean entry.	No
noviolence_02-533_cloned	/generate_cloned_audio/qwen3_tts/violence/cloned audio/noviolence_02-533_cloned.wav	And I've never seen him do a flip in my entire life.	No
noviolence_02-534_cloned	/generate_cloned_audio/qwen3_tts/violence/cloned audio/noviolence_02-534_cloned.wav	where did that come from? Right. And so I started kind of quizzing him about...	No
noviolence_02-535_cloned	/generate_cloned_audio/qwen3_tts/violence/cloned audio/noviolence_02-535_cloned.wav	And it's like, oh, it turns out that all the stuff we're doing now with physical culture...	No
noviolence_02-536_cloned	/generate_cloned_audio/qwen3_tts/violence/cloned audio/noviolence_02-536_cloned.wav	It wasn't called parkour then. It was just how kids entertain themselves. Right.	No
noviolence_02-537_cloned	/generate_cloned_audio/qwen3_tts/violence/cloned audio/noviolence_02-537_cloned.wav	You know, I came out with this video recently, the waterfall.	No
noviolence_02-538_cloned	/generate_cloned_audio/qwen3_tts/violence/cloned audio/noviolence_02-538_cloned.wav	video of me climbing through this.	No
noviolence_02-539_cloned	/generate_cloned_audio/qwen3_tts/violence/cloned audio/noviolence_02-539_cloned.wav	and waterfalls in Donahue.	No
noviolence_02-54_cloned	/generate_cloned_audio/qwen3_tts/violence/cloned audio/noviolence_02-54_cloned.wav	Right. Well, part of the problem, and a lot of writers on human body and human history have talked about this.	No
noviolence_02-540_cloned	/generate_cloned_audio/qwen3_tts/violence/cloned audio/noviolence_02-540_cloned.wav	So I showed it to my dad.	No
noviolence_02-541_cloned	/generate_cloned_audio/qwen3_tts/violence/cloned audio/noviolence_02-541_cloned.wav	I said, oh man, it must have been really scary to climb up through that. We only ever went down.	No
noviolence_02-542_cloned	/generate_cloned_audio/qwen3_tts/violence/cloned audio/noviolence_02-542_cloned.wav	J 백 J	No
noviolence_02-543_cloned	/generate_cloned_audio/qwen3_tts/violence/cloned audio/noviolence_02-543_cloned.wav	And I didn't even know my dad had ever even been to that place. Right.	No
noviolence_02-544_cloned	/generate_cloned_audio/qwen3_tts/violence/cloned audio/noviolence_02-544_cloned.wav	But it goes to this idea that...	No
noviolence_02-545_cloned	/generate_cloned_audio/qwen3_tts/violence/cloned audio/noviolence_02-545_cloned.wav	a lot of these cultural things that we're trying to rediscover right now.	No
noviolence_02-546_cloned	/generate_cloned_audio/qwen3_tts/violence/cloned audio/noviolence_02-546_cloned.wav	They've been around. Right.	No
noviolence_02-547_cloned	/generate_cloned_audio/qwen3_tts/violence/cloned audio/noviolence_02-547_cloned.wav	They weren't recognized. My dad didn't think of all the ways that he played in the woods.	No
noviolence_02-548_cloned	/generate_cloned_audio/qwen3_tts/violence/cloned audio/noviolence_02-548_cloned.wav	important part of the culture that he needed to pass on.	No
noviolence_02-549_cloned	/generate_cloned_audio/qwen3_tts/violence/cloned audio/noviolence_02-549_cloned.wav	Mm-hmm. Mm-hmm. And when all of my friends were playing video games...	No
noviolence_02-55_cloned	/generate_cloned_audio/qwen3_tts/violence/cloned audio/noviolence_02-55_cloned.wav	this idea that we're predisposed to sloth, we're predisposed to relax. That would have been our life on the grassland, on the	No
noviolence_02-550_cloned	/generate_cloned_audio/qwen3_tts/violence/cloned audio/noviolence_02-550_cloned.wav	woods. People didn't recognize.	No
noviolence_02-552_cloned	/generate_cloned_audio/qwen3_tts/violence/cloned audio/noviolence_02-552_cloned.wav	valuable. Right.	No
noviolence_02-553_cloned	/generate_cloned_audio/qwen3_tts/violence/cloned audio/noviolence_02-553_cloned.wav	this wake up.	No
noviolence_02-554_cloned	/generate_cloned_audio/qwen3_tts/violence/cloned audio/noviolence_02-554_cloned.wav	It reminds me of the story of Jim Thorpe, because a lot of pundits.	No
noviolence_02-555_cloned	/generate_cloned_audio/qwen3_tts/violence/cloned audio/noviolence_02-555_cloned.wav	declare him to be one of the greatest athletes that ever lived. And he grew up, I think it was in the backwoods of Oklahoma. And he rode horses and chopped wood.	No
noviolence_02-556_cloned	/generate_cloned_audio/qwen3_tts/violence/cloned audio/noviolence_02-556_cloned.wav	and ran through the woods and he lived a very natural lifestyle until one day he showed up at the college and decided to try out for the football team.	No
noviolence_02-557_cloned	/generate_cloned_audio/qwen3_tts/violence/cloned audio/noviolence_02-557_cloned.wav	He excelled, but...	No
noviolence_02-558_cloned	/generate_cloned_audio/qwen3_tts/violence/cloned audio/noviolence_02-558_cloned.wav	He didn't have any sophisticated training. It was all natural.	No
noviolence_02-559_cloned	/generate_cloned_audio/qwen3_tts/violence/cloned audio/noviolence_02-559_cloned.wav	Yeah, there's a lot of stories like that about like Herschel Walker. And there's this IPA and um...	No
noviolence_02-56_cloned	/generate_cloned_audio/qwen3_tts/violence/cloned audio/noviolence_02-56_cloned.wav	of Savannah was really difficult and we are predisposed to.	No
noviolence_02-560_cloned	/generate_cloned_audio/qwen3_tts/violence/cloned audio/noviolence_02-560_cloned.wav	in the strength and fitness, strength and conditioning world for, for team sports.	No
noviolence_02-562_cloned	/generate_cloned_audio/qwen3_tts/violence/cloned audio/noviolence_02-562_cloned.wav	And I like to think of that now as human strong.	No
noviolence_02-563_cloned	/generate_cloned_audio/qwen3_tts/violence/cloned audio/noviolence_02-563_cloned.wav	when we take something off a barbell.	No
noviolence_02-564_cloned	/generate_cloned_audio/qwen3_tts/violence/cloned audio/noviolence_02-564_cloned.wav	Barbell is an incredibly powerful tool.	No
noviolence_02-565_cloned	/generate_cloned_audio/qwen3_tts/violence/cloned audio/noviolence_02-565_cloned.wav	to increase the strength of	No
noviolence_02-566_cloned	/generate_cloned_audio/qwen3_tts/violence/cloned audio/noviolence_02-566_cloned.wav	to get someone that strong.	No
noviolence_02-567_cloned	/generate_cloned_audio/qwen3_tts/violence/cloned audio/noviolence_02-567_cloned.wav	But people used to get that.	No
noviolence_02-568_cloned	/generate_cloned_audio/qwen3_tts/violence/cloned audio/noviolence_02-568_cloned.wav	back to a much more reverse sort of loop.	No
noviolence_02-569_cloned	/generate_cloned_audio/qwen3_tts/violence/cloned audio/noviolence_02-569_cloned.wav	your hands are only gripping something.	No
noviolence_02-57_cloned	/generate_cloned_audio/qwen3_tts/violence/cloned audio/noviolence_02-57_cloned.wav	take it easy whenever possible. So it's almost like we're programmed to rest and that's that's part of it. But beyond that and you bring up children.	No
noviolence_02-570_cloned	/generate_cloned_audio/qwen3_tts/violence/cloned audio/noviolence_02-570_cloned.wav	to quit. And there's all these	No
noviolence_02-571_cloned	/generate_cloned_audio/qwen3_tts/violence/cloned audio/noviolence_02-571_cloned.wav	all these degrees of strength that are being lit, ah, missed in the bench. If you put a barbell on your back, you'll get a bruise across the top of your shoulder. It goes...	No
noviolence_02-572_cloned	/generate_cloned_audio/qwen3_tts/violence/cloned audio/noviolence_02-572_cloned.wav	tissue adapts.	No
noviolence_02-573_cloned	/generate_cloned_audio/qwen3_tts/violence/cloned audio/noviolence_02-573_cloned.wav	but what's happening with the rest of your body?	No
noviolence_02-574_cloned	/generate_cloned_audio/qwen3_tts/violence/cloned audio/noviolence_02-574_cloned.wav	But if you're baling hay...	No
noviolence_02-576_cloned	/generate_cloned_audio/qwen3_tts/violence/cloned audio/noviolence_02-576_cloned.wav	You literally are creating, I think, a much more resilient body.	No
noviolence_02-577_cloned	/generate_cloned_audio/qwen3_tts/violence/cloned audio/noviolence_02-577_cloned.wav	for East	No
noviolence_02-578_cloned	/generate_cloned_audio/qwen3_tts/violence/cloned audio/noviolence_02-578_cloned.wav	Yeah, blue collar stuff, farming, all that stuff is good. Moving like a human being. Yeah, climbing ladders, digging holes, shoveling snow, all that.	No
noviolence_02-58_cloned	/generate_cloned_audio/qwen3_tts/violence/cloned audio/noviolence_02-58_cloned.wav	part of it's really cultural right now.	No
noviolence_02-580_cloned	/generate_cloned_audio/qwen3_tts/violence/cloned audio/noviolence_02-580_cloned.wav	That's been changed. Yes.	No
noviolence_02-581_cloned	/generate_cloned_audio/qwen3_tts/violence/cloned audio/noviolence_02-581_cloned.wav	Okay guys, we're back here with Frank who's now got a sweater on because it's gotten a little bit cold. How to take a break, adjust the cameras.	No
noviolence_02-582_cloned	/generate_cloned_audio/qwen3_tts/violence/cloned audio/noviolence_02-582_cloned.wav	So we were talking about.	No
noviolence_02-583_cloned	/generate_cloned_audio/qwen3_tts/violence/cloned audio/noviolence_02-583_cloned.wav	kind of how natural movement has made people strong throughout history.	No
noviolence_02-584_cloned	/generate_cloned_audio/qwen3_tts/violence/cloned audio/noviolence_02-584_cloned.wav	One of the things that you've emphasized a lot that's a big emphasis for me obviously is the importance of the natural world in training.	No
noviolence_02-585_cloned	/generate_cloned_audio/qwen3_tts/violence/cloned audio/noviolence_02-585_cloned.wav	So I wanted to...	No
noviolence_02-586_cloned	/generate_cloned_audio/qwen3_tts/violence/cloned audio/noviolence_02-586_cloned.wav	get your take on why it's so...	No
noviolence_02-587_cloned	/generate_cloned_audio/qwen3_tts/violence/cloned audio/noviolence_02-587_cloned.wav	people take on a physical.	No
noviolence_02-588_cloned	/generate_cloned_audio/qwen3_tts/violence/cloned audio/noviolence_02-588_cloned.wav	physical practice that engage.	No
noviolence_02-589_cloned	/generate_cloned_audio/qwen3_tts/violence/cloned audio/noviolence_02-589_cloned.wav	with the outdoor natural world, not just...	No
noviolence_02-59_cloned	/generate_cloned_audio/qwen3_tts/violence/cloned audio/noviolence_02-59_cloned.wav	this professionalization of youth sport.	No
noviolence_02-590_cloned	/generate_cloned_audio/qwen3_tts/violence/cloned audio/noviolence_02-590_cloned.wav	Right, well...	No
noviolence_02-591_cloned	/generate_cloned_audio/qwen3_tts/violence/cloned audio/noviolence_02-591_cloned.wav	the short answer.	No
noviolence_02-592_cloned	/generate_cloned_audio/qwen3_tts/violence/cloned audio/noviolence_02-592_cloned.wav	is that we're built for it.	No
noviolence_02-593_cloned	/generate_cloned_audio/qwen3_tts/violence/cloned audio/noviolence_02-593_cloned.wav	every detail of our anatomy and our physiology is built for.	No
noviolence_02-594_cloned	/generate_cloned_audio/qwen3_tts/violence/cloned audio/noviolence_02-594_cloned.wav	And again, going back to...	No
noviolence_02-595_cloned	/generate_cloned_audio/qwen3_tts/violence/cloned audio/noviolence_02-595_cloned.wav	deep time argument.	No
noviolence_02-596_cloned	/generate_cloned_audio/qwen3_tts/violence/cloned audio/noviolence_02-596_cloned.wav	finest detail.	No
noviolence_02-597_cloned	/generate_cloned_audio/qwen3_tts/violence/cloned audio/noviolence_02-597_cloned.wav	our sensitivity, everything.	No
noviolence_02-598_cloned	/generate_cloned_audio/qwen3_tts/violence/cloned audio/noviolence_02-598_cloned.wav	to the natural world.	No
noviolence_02-599_cloned	/generate_cloned_audio/qwen3_tts/violence/cloned audio/noviolence_02-599_cloned.wav	And by going into gyms and indoor environments where everything's plastic and smooth, we're depriving ourselves.	No
noviolence_02-6_cloned	/generate_cloned_audio/qwen3_tts/violence/cloned audio/noviolence_02-6_cloned.wav	in neurobiology.	No
noviolence_02-60_cloned	/generate_cloned_audio/qwen3_tts/violence/cloned audio/noviolence_02-60_cloned.wav	that we see everywhere now where we're starting kids really young in movement specialty.	No
noviolence_02-600_cloned	/generate_cloned_audio/qwen3_tts/violence/cloned audio/noviolence_02-600_cloned.wav	sensation.	No
noviolence_02-601_cloned	/generate_cloned_audio/qwen3_tts/violence/cloned audio/noviolence_02-601_cloned.wav	So outdoors.	No
noviolence_02-602_cloned	/generate_cloned_audio/qwen3_tts/violence/cloned audio/noviolence_02-602_cloned.wav	is always going to be.	No
noviolence_02-603_cloned	/generate_cloned_audio/qwen3_tts/violence/cloned audio/noviolence_02-603_cloned.wav	And it feels better too. And it looks better in general.	No
noviolence_02-604_cloned	/generate_cloned_audio/qwen3_tts/violence/cloned audio/noviolence_02-604_cloned.wav	So it's more pleasing to our sensibilities. There's an aesthetic quality that's pleasing to us all.	No
noviolence_02-605_cloned	/generate_cloned_audio/qwen3_tts/violence/cloned audio/noviolence_02-605_cloned.wav	So, and it encourages.	No
noviolence_02-606_cloned	/generate_cloned_audio/qwen3_tts/violence/cloned audio/noviolence_02-606_cloned.wav	Diversity you walk on a trail or you run on a trail every step is slightly	No
noviolence_02-607_cloned	/generate_cloned_audio/qwen3_tts/violence/cloned audio/noviolence_02-607_cloned.wav	even if you run the same trail over and over again, you get seasonal variations and weather variations.	No
noviolence_02-608_cloned	/generate_cloned_audio/qwen3_tts/violence/cloned audio/noviolence_02-608_cloned.wav	and so every time.	No
noviolence_02-609_cloned	/generate_cloned_audio/qwen3_tts/violence/cloned audio/noviolence_02-609_cloned.wav	have to adapt in a slightly new way.	No
noviolence_02-61_cloned	/generate_cloned_audio/qwen3_tts/violence/cloned audio/noviolence_02-61_cloned.wav	that take them right out of play. We start training them with really highly disciplined procedures for sets and reps and doing movements.	No
noviolence_02-610_cloned	/generate_cloned_audio/qwen3_tts/violence/cloned audio/noviolence_02-610_cloned.wav	by far the best.	No
noviolence_02-611_cloned	/generate_cloned_audio/qwen3_tts/violence/cloned audio/noviolence_02-611_cloned.wav	Yeah, so is that.	No
noviolence_02-612_cloned	/generate_cloned_audio/qwen3_tts/violence/cloned audio/noviolence_02-612_cloned.wav	100% agree.	No
noviolence_02-613_cloned	/generate_cloned_audio/qwen3_tts/violence/cloned audio/noviolence_02-613_cloned.wav	enormous amount-	No
noviolence_02-614_cloned	/generate_cloned_audio/qwen3_tts/violence/cloned audio/noviolence_02-614_cloned.wav	start measuring.	No
noviolence_02-615_cloned	/generate_cloned_audio/qwen3_tts/violence/cloned audio/noviolence_02-615_cloned.wav	are color where?!	No
noviolence_02-616_cloned	/generate_cloned_audio/qwen3_tts/violence/cloned audio/noviolence_02-616_cloned.wav	Cold or warm, wet or dry weather.	No
noviolence_02-617_cloned	/generate_cloned_audio/qwen3_tts/violence/cloned audio/noviolence_02-617_cloned.wav	You know, the types of service.	No
noviolence_02-618_cloned	/generate_cloned_audio/qwen3_tts/violence/cloned audio/noviolence_02-618_cloned.wav	our feet are in hot.	No
noviolence_02-62_cloned	/generate_cloned_audio/qwen3_tts/violence/cloned audio/noviolence_02-62_cloned.wav	in a particular way. So now they become adept at a movement specialty.	No
noviolence_02-620_cloned	/generate_cloned_audio/qwen3_tts/violence/cloned audio/noviolence_02-620_cloned.wav	There's probably a new mo-	No
noviolence_02-621_cloned	/generate_cloned_audio/qwen3_tts/violence/cloned audio/noviolence_02-621_cloned.wav	People have known this for...	No
noviolence_02-622_cloned	/generate_cloned_audio/qwen3_tts/violence/cloned audio/noviolence_02-622_cloned.wav	Right. Right. Traditional movement practice.	No
noviolence_02-623_cloned	/generate_cloned_audio/qwen3_tts/violence/cloned audio/noviolence_02-623_cloned.wav	one of them that's a personal.	No
noviolence_02-624_cloned	/generate_cloned_audio/qwen3_tts/violence/cloned audio/noviolence_02-624_cloned.wav	in the city and I don't like it.	No
noviolence_02-625_cloned	/generate_cloned_audio/qwen3_tts/violence/cloned audio/noviolence_02-625_cloned.wav	It's good, I love the word.	No
noviolence_02-626_cloned	/generate_cloned_audio/qwen3_tts/violence/cloned audio/noviolence_02-626_cloned.wav	walk down into the park.	No
noviolence_02-627_cloned	/generate_cloned_audio/qwen3_tts/violence/cloned audio/noviolence_02-627_cloned.wav	you. Mm-hmm.	No
noviolence_02-628_cloned	/generate_cloned_audio/qwen3_tts/violence/cloned audio/noviolence_02-628_cloned.wav	Mm-hmm.	No
noviolence_02-629_cloned	/generate_cloned_audio/qwen3_tts/violence/cloned audio/noviolence_02-629_cloned.wav	Well...	No
noviolence_02-63_cloned	/generate_cloned_audio/qwen3_tts/violence/cloned audio/noviolence_02-63_cloned.wav	But they really want to play. And this is a common complaint in youth sports, a common complaint of the children. They say, we want to play.	No
noviolence_02-630_cloned	/generate_cloned_audio/qwen3_tts/violence/cloned audio/noviolence_02-630_cloned.wav	The word biophilia literally means love of life and it was made popular by E.O. Wilson.	No
noviolence_02-631_cloned	/generate_cloned_audio/qwen3_tts/violence/cloned audio/noviolence_02-631_cloned.wav	and he described it as the innate.	No
noviolence_02-632_cloned	/generate_cloned_audio/qwen3_tts/violence/cloned audio/noviolence_02-632_cloned.wav	tendency for human beings to affiliate with the natural world. And of course, it's not just humans because	No
noviolence_02-633_cloned	/generate_cloned_audio/qwen3_tts/violence/cloned audio/noviolence_02-633_cloned.wav	every animal will try and seek out a natural environment.	No
noviolence_02-634_cloned	/generate_cloned_audio/qwen3_tts/violence/cloned audio/noviolence_02-634_cloned.wav	It nourishes us, I think, in...	No
noviolence_02-635_cloned	/generate_cloned_audio/qwen3_tts/violence/cloned audio/noviolence_02-635_cloned.wav	in so many ways, but the classic example is life.	No
noviolence_02-636_cloned	/generate_cloned_audio/qwen3_tts/violence/cloned audio/noviolence_02-636_cloned.wav	I mean that's the synchronizing force. Natural light will synchronize through the master clock and then all the distributed clocks through our body are	No
noviolence_02-637_cloned	/generate_cloned_audio/qwen3_tts/violence/cloned audio/noviolence_02-637_cloned.wav	physiology literally depends on that synchronization that happens ideally every day at dawn.	No
noviolence_02-638_cloned	/generate_cloned_audio/qwen3_tts/violence/cloned audio/noviolence_02-638_cloned.wav	and we miss out.	No
noviolence_02-639_cloned	/generate_cloned_audio/qwen3_tts/violence/cloned audio/noviolence_02-639_cloned.wav	But	No
noviolence_02-64_cloned	/generate_cloned_audio/qwen3_tts/violence/cloned audio/noviolence_02-64_cloned.wav	That's the thing we want most. And we take that away from them because we want to make children's sports like the pros. And that's a big...	No
noviolence_02-640_cloned	/generate_cloned_audio/qwen3_tts/violence/cloned audio/noviolence_02-640_cloned.wav	Biophilia is an interesting idea because I think there's individual variation there. Some people are just like us. We really, really are drawn.	No
noviolence_02-641_cloned	/generate_cloned_audio/qwen3_tts/violence/cloned audio/noviolence_02-641_cloned.wav	to nature and other people seem...	No
noviolence_02-642_cloned	/generate_cloned_audio/qwen3_tts/violence/cloned audio/noviolence_02-642_cloned.wav	to take it early.	No
noviolence_02-643_cloned	/generate_cloned_audio/qwen3_tts/violence/cloned audio/noviolence_02-643_cloned.wav	And I'm not sure why that is.	No
noviolence_02-644_cloned	/generate_cloned_audio/qwen3_tts/violence/cloned audio/noviolence_02-644_cloned.wav	Some people don't feel the compelling need to get out.	No
noviolence_02-645_cloned	/generate_cloned_audio/qwen3_tts/violence/cloned audio/noviolence_02-645_cloned.wav	and I wonder about...	No
noviolence_02-646_cloned	/generate_cloned_audio/qwen3_tts/violence/cloned audio/noviolence_02-646_cloned.wav	But there's no getting around what it does for us.	No
noviolence_02-647_cloned	/generate_cloned_audio/qwen3_tts/violence/cloned audio/noviolence_02-647_cloned.wav	every system in the body.	No
noviolence_02-648_cloned	/generate_cloned_audio/qwen3_tts/violence/cloned audio/noviolence_02-648_cloned.wav	As far as why-	No
noviolence_02-649_cloned	/generate_cloned_audio/qwen3_tts/violence/cloned audio/noviolence_02-649_cloned.wav	I think there's probably...	No
noviolence_02-65_cloned	/generate_cloned_audio/qwen3_tts/violence/cloned audio/noviolence_02-65_cloned.wav	So that's one of our problems.	No
noviolence_02-650_cloned	/generate_cloned_audio/qwen3_tts/violence/cloned audio/noviolence_02-650_cloned.wav	Like, I grew up in the woods.	No
noviolence_02-651_cloned	/generate_cloned_audio/qwen3_tts/violence/cloned audio/noviolence_02-651_cloned.wav	Right.	No
noviolence_02-652_cloned	/generate_cloned_audio/qwen3_tts/violence/cloned audio/noviolence_02-652_cloned.wav	Mm-hmm. That's right.	No
noviolence_02-653_cloned	/generate_cloned_audio/qwen3_tts/violence/cloned audio/noviolence_02-653_cloned.wav	them in a chair.	No
noviolence_02-654_cloned	/generate_cloned_audio/qwen3_tts/violence/cloned audio/noviolence_02-654_cloned.wav	You can't wrestle.	No
noviolence_02-655_cloned	/generate_cloned_audio/qwen3_tts/violence/cloned audio/noviolence_02-655_cloned.wav	And so we develop a culture of people.	No
noviolence_02-656_cloned	/generate_cloned_audio/qwen3_tts/violence/cloned audio/noviolence_02-656_cloned.wav	I think that's a big part of it.	No
noviolence_02-657_cloned	/generate_cloned_audio/qwen3_tts/violence/cloned audio/noviolence_02-657_cloned.wav	And I think the same thing is probably true.	No
noviolence_02-659_cloned	/generate_cloned_audio/qwen3_tts/violence/cloned audio/noviolence_02-659_cloned.wav	I take people out to train and it works.	No
noviolence_02-66_cloned	/generate_cloned_audio/qwen3_tts/violence/cloned audio/noviolence_02-66_cloned.wav	Mm-hmm. Mm-hmm. And that it's something that we...	No
noviolence_02-660_cloned	/generate_cloned_audio/qwen3_tts/violence/cloned audio/noviolence_02-660_cloned.wav	intimidated just by having	No
noviolence_02-661_cloned	/generate_cloned_audio/qwen3_tts/violence/cloned audio/noviolence_02-661_cloned.wav	Right, yeah, to bridge on that, people now are starting to talk about the flip side of biophilia, which is biophobia.	No
noviolence_02-662_cloned	/generate_cloned_audio/qwen3_tts/violence/cloned audio/noviolence_02-662_cloned.wav	College students now, some of them, report being either apathetic toward nature or they just don't want to have anything to do with it.	No
noviolence_02-663_cloned	/generate_cloned_audio/qwen3_tts/violence/cloned audio/noviolence_02-663_cloned.wav	and other people overreact to the so-called dangers of being outdoors. I was going up a local trail here.	No
noviolence_02-664_cloned	/generate_cloned_audio/qwen3_tts/violence/cloned audio/noviolence_02-664_cloned.wav	just yesterday and I was only up a few hundred yards from the parking lot met a woman and she had one of these.	No
noviolence_02-665_cloned	/generate_cloned_audio/qwen3_tts/violence/cloned audio/noviolence_02-665_cloned.wav	bear defense canisters ready to take on the bears. And you're lucky to see one bear here a year. And that's.	No
noviolence_02-666_cloned	/generate_cloned_audio/qwen3_tts/violence/cloned audio/noviolence_02-666_cloned.wav	lucky if you see that. So people are frightened and...	No
noviolence_02-667_cloned	/generate_cloned_audio/qwen3_tts/violence/cloned audio/noviolence_02-667_cloned.wav	It probably just comes from the fact that they never...	No
noviolence_02-668_cloned	/generate_cloned_audio/qwen3_tts/violence/cloned audio/noviolence_02-668_cloned.wav	Never got to know.	No
noviolence_02-669_cloned	/generate_cloned_audio/qwen3_tts/violence/cloned audio/noviolence_02-669_cloned.wav	I'd like to touch on that. I'm gonna just check the cameras one more time. Okay.	No
noviolence_02-67_cloned	/generate_cloned_audio/qwen3_tts/violence/cloned audio/noviolence_02-67_cloned.wav	We all inherently	No
noviolence_02-670_cloned	/generate_cloned_audio/qwen3_tts/violence/cloned audio/noviolence_02-670_cloned.wav	How long will this cards go for?	No
noviolence_02-671_cloned	/generate_cloned_audio/qwen3_tts/violence/cloned audio/noviolence_02-671_cloned.wav	I totally meant to start with the eye contact, yes.	No
noviolence_02-672_cloned	/generate_cloned_audio/qwen3_tts/violence/cloned audio/noviolence_02-672_cloned.wav	idea	No
noviolence_02-673_cloned	/generate_cloned_audio/qwen3_tts/violence/cloned audio/noviolence_02-673_cloned.wav	People are afraid of the risk.	No
noviolence_02-674_cloned	/generate_cloned_audio/qwen3_tts/violence/cloned audio/noviolence_02-674_cloned.wav	People see what I do.	No
noviolence_02-675_cloned	/generate_cloned_audio/qwen3_tts/violence/cloned audio/noviolence_02-675_cloned.wav	The reason that we tell kids...	No
noviolence_02-676_cloned	/generate_cloned_audio/qwen3_tts/violence/cloned audio/noviolence_02-676_cloned.wav	We're essentially telling you...	No
noviolence_02-677_cloned	/generate_cloned_audio/qwen3_tts/violence/cloned audio/noviolence_02-677_cloned.wav	and there's a.	No
noviolence_02-678_cloned	/generate_cloned_audio/qwen3_tts/violence/cloned audio/noviolence_02-678_cloned.wav	involved in that.	No
noviolence_02-679_cloned	/generate_cloned_audio/qwen3_tts/violence/cloned audio/noviolence_02-679_cloned.wav	confident.	No
noviolence_02-68_cloned	/generate_cloned_audio/qwen3_tts/violence/cloned audio/noviolence_02-68_cloned.wav	And when we're regularly exposed to it, we recognize the nutrition.	No
noviolence_02-680_cloned	/generate_cloned_audio/qwen3_tts/violence/cloned audio/noviolence_02-680_cloned.wav	So it's another one of these interesting myths.	No
noviolence_02-681_cloned	/generate_cloned_audio/qwen3_tts/violence/cloned audio/noviolence_02-681_cloned.wav	created a world at sea.	No
noviolence_02-682_cloned	/generate_cloned_audio/qwen3_tts/violence/cloned audio/noviolence_02-682_cloned.wav	Yes.	No
noviolence_02-683_cloned	/generate_cloned_audio/qwen3_tts/violence/cloned audio/noviolence_02-683_cloned.wav	supposed to have it.	No
noviolence_02-684_cloned	/generate_cloned_audio/qwen3_tts/violence/cloned audio/noviolence_02-684_cloned.wav	in the soil.	No
noviolence_02-685_cloned	/generate_cloned_audio/qwen3_tts/violence/cloned audio/noviolence_02-685_cloned.wav	We're supposed to have it.	No
noviolence_02-686_cloned	/generate_cloned_audio/qwen3_tts/violence/cloned audio/noviolence_02-686_cloned.wav	Right, and all you gotta do is think about...	No
noviolence_02-687_cloned	/generate_cloned_audio/qwen3_tts/violence/cloned audio/noviolence_02-687_cloned.wav	ancestral native population.	No
noviolence_02-688_cloned	/generate_cloned_audio/qwen3_tts/violence/cloned audio/noviolence_02-688_cloned.wav	and how risky that would have been.	No
noviolence_02-689_cloned	/generate_cloned_audio/qwen3_tts/violence/cloned audio/noviolence_02-689_cloned.wav	That was our standard life.	No
noviolence_02-69_cloned	/generate_cloned_audio/qwen3_tts/violence/cloned audio/noviolence_02-69_cloned.wav	in the same way that when we were robots...	No
noviolence_02-690_cloned	/generate_cloned_audio/qwen3_tts/violence/cloned audio/noviolence_02-690_cloned.wav	Every day was r-	No
noviolence_02-691_cloned	/generate_cloned_audio/qwen3_tts/violence/cloned audio/noviolence_02-691_cloned.wav	It wasn't until...	No
noviolence_02-692_cloned	/generate_cloned_audio/qwen3_tts/violence/cloned audio/noviolence_02-692_cloned.wav	16th century, the maritime industry started to develop insurance policies for the ships that would go out with their cargo and then insurance, we started...	No
noviolence_02-693_cloned	/generate_cloned_audio/qwen3_tts/violence/cloned audio/noviolence_02-693_cloned.wav	spread the risk around to people and now we've come to expect that as being normal.	No
noviolence_02-694_cloned	/generate_cloned_audio/qwen3_tts/violence/cloned audio/noviolence_02-694_cloned.wav	being an animal on this earth.	No
noviolence_02-695_cloned	/generate_cloned_audio/qwen3_tts/violence/cloned audio/noviolence_02-695_cloned.wav	and it always has.	No
noviolence_02-696_cloned	/generate_cloned_audio/qwen3_tts/violence/cloned audio/noviolence_02-696_cloned.wav	and we gain power by engaging with them.	No
noviolence_02-697_cloned	/generate_cloned_audio/qwen3_tts/violence/cloned audio/noviolence_02-697_cloned.wav	Yeah, we...	No
noviolence_02-698_cloned	/generate_cloned_audio/qwen3_tts/violence/cloned audio/noviolence_02-698_cloned.wav	Insulate in yourself.	No
noviolence_02-699_cloned	/generate_cloned_audio/qwen3_tts/violence/cloned audio/noviolence_02-699_cloned.wav	makes you more	No
noviolence_02-7_cloned	/generate_cloned_audio/qwen3_tts/violence/cloned audio/noviolence_02-7_cloned.wav	lot of really interesting kind of connections to how the body shoots.	No
noviolence_02-70_cloned	/generate_cloned_audio/qwen3_tts/violence/cloned audio/noviolence_02-70_cloned.wav	a broad variety of food, we recognize, oh, my body.	No
noviolence_02-700_cloned	/generate_cloned_audio/qwen3_tts/violence/cloned audio/noviolence_02-700_cloned.wav	Biting off just enough	No
noviolence_02-701_cloned	/generate_cloned_audio/qwen3_tts/violence/cloned audio/noviolence_02-701_cloned.wav	over and over again.	No
noviolence_02-702_cloned	/generate_cloned_audio/qwen3_tts/violence/cloned audio/noviolence_02-702_cloned.wav	Okay.	No
noviolence_02-703_cloned	/generate_cloned_audio/qwen3_tts/violence/cloned audio/noviolence_02-703_cloned.wav	So...	No
noviolence_02-704_cloned	/generate_cloned_audio/qwen3_tts/violence/cloned audio/noviolence_02-704_cloned.wav	One question I wanted to really dig into before we're done.	No
noviolence_02-705_cloned	/generate_cloned_audio/qwen3_tts/violence/cloned audio/noviolence_02-705_cloned.wav	We sort of have the wrong...	No
noviolence_02-706_cloned	/generate_cloned_audio/qwen3_tts/violence/cloned audio/noviolence_02-706_cloned.wav	Right. Oh, right.	No
noviolence_02-708_cloned	/generate_cloned_audio/qwen3_tts/violence/cloned audio/noviolence_02-708_cloned.wav	of an imbalance between.	No
noviolence_02-709_cloned	/generate_cloned_audio/qwen3_tts/violence/cloned audio/noviolence_02-709_cloned.wav	and an adaption of a human being.	No
noviolence_02-71_cloned	/generate_cloned_audio/qwen3_tts/violence/cloned audio/noviolence_02-71_cloned.wav	kind of my perception.	No
noviolence_02-710_cloned	/generate_cloned_audio/qwen3_tts/violence/cloned audio/noviolence_02-710_cloned.wav	If we look at a Savannah...	No
noviolence_02-712_cloned	/generate_cloned_audio/qwen3_tts/violence/cloned audio/noviolence_02-712_cloned.wav	Mm-hmm.	No
noviolence_02-713_cloned	/generate_cloned_audio/qwen3_tts/violence/cloned audio/noviolence_02-713_cloned.wav	Right. You're always struggling.	No
noviolence_02-714_cloned	/generate_cloned_audio/qwen3_tts/violence/cloned audio/noviolence_02-714_cloned.wav	And you can look at the population.	No
noviolence_02-715_cloned	/generate_cloned_audio/qwen3_tts/violence/cloned audio/noviolence_02-715_cloned.wav	It's very different cultural.	No
noviolence_02-716_cloned	/generate_cloned_audio/qwen3_tts/violence/cloned audio/noviolence_02-716_cloned.wav	most people really pr...	No
noviolence_02-717_cloned	/generate_cloned_audio/qwen3_tts/violence/cloned audio/noviolence_02-717_cloned.wav	and not so much.	No
noviolence_02-718_cloned	/generate_cloned_audio/qwen3_tts/violence/cloned audio/noviolence_02-718_cloned.wav	Mm-hmm. Yeah.	No
noviolence_02-719_cloned	/generate_cloned_audio/qwen3_tts/violence/cloned audio/noviolence_02-719_cloned.wav	And I think that that's a...	No
noviolence_02-720_cloned	/generate_cloned_audio/qwen3_tts/violence/cloned audio/noviolence_02-720_cloned.wav	an imbalance and I'm just curious for your thoughts on...	No
noviolence_02-721_cloned	/generate_cloned_audio/qwen3_tts/violence/cloned audio/noviolence_02-721_cloned.wav	how you've seen that develop.	No
noviolence_02-722_cloned	/generate_cloned_audio/qwen3_tts/violence/cloned audio/noviolence_02-722_cloned.wav	Right. Now there's new.	No
noviolence_02-723_cloned	/generate_cloned_audio/qwen3_tts/violence/cloned audio/noviolence_02-723_cloned.wav	How do you see that balance?	No
noviolence_02-724_cloned	/generate_cloned_audio/qwen3_tts/violence/cloned audio/noviolence_02-724_cloned.wav	Ja, um...	No
noviolence_02-725_cloned	/generate_cloned_audio/qwen3_tts/violence/cloned audio/noviolence_02-725_cloned.wav	After reading Chris McDougall's book, Born to Run, I felt like he painted kind of a...	No
noviolence_02-726_cloned	/generate_cloned_audio/qwen3_tts/violence/cloned audio/noviolence_02-726_cloned.wav	unbalanced picture of human evolution. Because for him it's all about long distance running, chasing down animals and	No
noviolence_02-727_cloned	/generate_cloned_audio/qwen3_tts/violence/cloned audio/noviolence_02-727_cloned.wav	that being the stand.	No
noviolence_02-728_cloned	/generate_cloned_audio/qwen3_tts/violence/cloned audio/noviolence_02-728_cloned.wav	in human evolution.	No
noviolence_02-729_cloned	/generate_cloned_audio/qwen3_tts/violence/cloned audio/noviolence_02-729_cloned.wav	And I don't doubt that that happened probably a lot. And I'm sure that every...	No
noviolence_02-73_cloned	/generate_cloned_audio/qwen3_tts/violence/cloned audio/noviolence_02-73_cloned.wav	to move.	No
noviolence_02-730_cloned	/generate_cloned_audio/qwen3_tts/violence/cloned audio/noviolence_02-730_cloned.wav	tribe had certain hunters that were capable of these long distance aerobic feats.	No
noviolence_02-731_cloned	/generate_cloned_audio/qwen3_tts/violence/cloned audio/noviolence_02-731_cloned.wav	But is that the standard? Well, I don't think so, because there was also a lot of walking and gathering and opportunistic hunting and dealing.	No
noviolence_02-732_cloned	/generate_cloned_audio/qwen3_tts/violence/cloned audio/noviolence_02-732_cloned.wav	with different kinds of terrain.	No
noviolence_02-733_cloned	/generate_cloned_audio/qwen3_tts/violence/cloned audio/noviolence_02-733_cloned.wav	We focus, I think, in the modern world, we focus on aerobic exercise because it's easy to test, it's easy to measure.	No
noviolence_02-734_cloned	/generate_cloned_audio/qwen3_tts/violence/cloned audio/noviolence_02-734_cloned.wav	And it's really easy to do. John Rady in his book Spark.	No
noviolence_02-735_cloned	/generate_cloned_audio/qwen3_tts/violence/cloned audio/noviolence_02-735_cloned.wav	the fact that it's really easy to do laboratory tests on rats because you can get them to run on a running wheel and mimic aerobic exercise and then you can collect all the...	No
noviolence_02-736_cloned	/generate_cloned_audio/qwen3_tts/violence/cloned audio/noviolence_02-736_cloned.wav	data and then you can you can point to the values of aerobic exercise and so I think that	No
noviolence_02-737_cloned	/generate_cloned_audio/qwen3_tts/violence/cloned audio/noviolence_02-737_cloned.wav	The exercise culture is really skewed now towards aerobic endurance, monotonous exercise.	No
noviolence_02-738_cloned	/generate_cloned_audio/qwen3_tts/violence/cloned audio/noviolence_02-738_cloned.wav	because we've studied it a lot.	No
noviolence_02-739_cloned	/generate_cloned_audio/qwen3_tts/violence/cloned audio/noviolence_02-739_cloned.wav	And	No
noviolence_02-74_cloned	/generate_cloned_audio/qwen3_tts/violence/cloned audio/noviolence_02-74_cloned.wav	kind of try to get all of that nutrition.	No
noviolence_02-740_cloned	/generate_cloned_audio/qwen3_tts/violence/cloned audio/noviolence_02-740_cloned.wav	I think what's going to happen is we're going to find similar benefits to every kind of...	No
noviolence_02-741_cloned	/generate_cloned_audio/qwen3_tts/violence/cloned audio/noviolence_02-741_cloned.wav	movement that we do, but the complexity that you speak.	No
noviolence_02-742_cloned	/generate_cloned_audio/qwen3_tts/violence/cloned audio/noviolence_02-742_cloned.wav	in an arboreal environment, I think that's huge. And it's bound to have good cognitive payoffs and good psychological...	No
noviolence_02-743_cloned	/generate_cloned_audio/qwen3_tts/violence/cloned audio/noviolence_02-743_cloned.wav	payoffs just because it's so fun to move.	No
noviolence_02-744_cloned	/generate_cloned_audio/qwen3_tts/violence/cloned audio/noviolence_02-744_cloned.wav	And there's something, I'm sure that there's a...	No
noviolence_02-745_cloned	/generate_cloned_audio/qwen3_tts/violence/cloned audio/noviolence_02-745_cloned.wav	link between the kinds of movement we do and the cognition that we have.	No
noviolence_02-746_cloned	/generate_cloned_audio/qwen3_tts/violence/cloned audio/noviolence_02-746_cloned.wav	kind of ideas that we produce. And I think we value aerobic exercise because it produces certain.	No
noviolence_02-747_cloned	/generate_cloned_audio/qwen3_tts/violence/cloned audio/noviolence_02-747_cloned.wav	It really ties into.	No
noviolence_02-748_cloned	/generate_cloned_audio/qwen3_tts/violence/cloned audio/noviolence_02-748_cloned.wav	corporate culture where there's really a strong value.	No
noviolence_02-749_cloned	/generate_cloned_audio/qwen3_tts/violence/cloned audio/noviolence_02-749_cloned.wav	on endurance.	No
noviolence_02-75_cloned	/generate_cloned_audio/qwen3_tts/violence/cloned audio/noviolence_02-75_cloned.wav	Yeah, we're programmed to rest but like animals that are rest	No
noviolence_02-750_cloned	/generate_cloned_audio/qwen3_tts/violence/cloned audio/noviolence_02-750_cloned.wav	perseverance, persistence.	No
noviolence_02-751_cloned	/generate_cloned_audio/qwen3_tts/violence/cloned audio/noviolence_02-751_cloned.wav	but	No
noviolence_02-752_cloned	/generate_cloned_audio/qwen3_tts/violence/cloned audio/noviolence_02-752_cloned.wav	What about dance? What about...	No
noviolence_02-753_cloned	/generate_cloned_audio/qwen3_tts/violence/cloned audio/noviolence_02-753_cloned.wav	moving in a three-dimensional environment.	No
noviolence_02-754_cloned	/generate_cloned_audio/qwen3_tts/violence/cloned audio/noviolence_02-754_cloned.wav	that kind of...	No
noviolence_02-755_cloned	/generate_cloned_audio/qwen3_tts/violence/cloned audio/noviolence_02-755_cloned.wav	physical experiment.	No
noviolence_02-756_cloned	/generate_cloned_audio/qwen3_tts/violence/cloned audio/noviolence_02-756_cloned.wav	is bound to make.	No
noviolence_02-757_cloned	/generate_cloned_audio/qwen3_tts/violence/cloned audio/noviolence_02-757_cloned.wav	So training the human animal, training people like people, humans like humans.	No
noviolence_02-758_cloned	/generate_cloned_audio/qwen3_tts/violence/cloned audio/noviolence_02-758_cloned.wav	all over the above.	No
noviolence_02-759_cloned	/generate_cloned_audio/qwen3_tts/violence/cloned audio/noviolence_02-759_cloned.wav	and let people have that diversity.	No
noviolence_02-76_cloned	/generate_cloned_audio/qwen3_tts/violence/cloned audio/noviolence_02-76_cloned.wav	Well fed.	No
noviolence_02-760_cloned	/generate_cloned_audio/qwen3_tts/violence/cloned audio/noviolence_02-760_cloned.wav	of experience.	No
noviolence_02-761_cloned	/generate_cloned_audio/qwen3_tts/violence/cloned audio/noviolence_02-761_cloned.wav	And that's the beauty of going outside because...	No
noviolence_02-762_cloned	/generate_cloned_audio/qwen3_tts/violence/cloned audio/noviolence_02-762_cloned.wav	You get a lot of that.	No
noviolence_02-763_cloned	/generate_cloned_audio/qwen3_tts/violence/cloned audio/noviolence_02-763_cloned.wav	inherently monotone.	No
noviolence_02-764_cloned	/generate_cloned_audio/qwen3_tts/violence/cloned audio/noviolence_02-764_cloned.wav	even the best.	No
noviolence_02-765_cloned	/generate_cloned_audio/qwen3_tts/violence/cloned audio/noviolence_02-765_cloned.wav	best exercise machines you figure them out pretty fast.	No
noviolence_02-766_cloned	/generate_cloned_audio/qwen3_tts/violence/cloned audio/noviolence_02-766_cloned.wav	You know, a lot of...	No
noviolence_02-767_cloned	/generate_cloned_audio/qwen3_tts/violence/cloned audio/noviolence_02-767_cloned.wav	We're doing most of it.	No
noviolence_02-768_cloned	/generate_cloned_audio/qwen3_tts/violence/cloned audio/noviolence_02-768_cloned.wav	background. It's a lot of patterns.	No
noviolence_02-769_cloned	/generate_cloned_audio/qwen3_tts/violence/cloned audio/noviolence_02-769_cloned.wav	a lot of flat surfaces.	No
noviolence_02-77_cloned	/generate_cloned_audio/qwen3_tts/violence/cloned audio/noviolence_02-77_cloned.wav	play because that's how they...	No
noviolence_02-770_cloned	/generate_cloned_audio/qwen3_tts/violence/cloned audio/noviolence_02-770_cloned.wav	variations in them. It's a lot of fun.	No
noviolence_02-771_cloned	/generate_cloned_audio/qwen3_tts/violence/cloned audio/noviolence_02-771_cloned.wav	is really a lot.	No
noviolence_02-772_cloned	/generate_cloned_audio/qwen3_tts/violence/cloned audio/noviolence_02-772_cloned.wav	as soon as you get into a tree.	No
noviolence_02-773_cloned	/generate_cloned_audio/qwen3_tts/violence/cloned audio/noviolence_02-773_cloned.wav	have so many demands.	No
noviolence_02-774_cloned	/generate_cloned_audio/qwen3_tts/violence/cloned audio/noviolence_02-774_cloned.wav	have to kind of process.	No
noviolence_02-775_cloned	/generate_cloned_audio/qwen3_tts/violence/cloned audio/noviolence_02-775_cloned.wav	That was pretty profound.	No
noviolence_02-776_cloned	/generate_cloned_audio/qwen3_tts/violence/cloned audio/noviolence_02-776_cloned.wav	We really should just see if we can.	No
noviolence_02-777_cloned	/generate_cloned_audio/qwen3_tts/violence/cloned audio/noviolence_02-777_cloned.wav	to measure. And really in the same...	No
noviolence_02-778_cloned	/generate_cloned_audio/qwen3_tts/violence/cloned audio/noviolence_02-778_cloned.wav	body but it's easy to measure a change.	No
noviolence_02-779_cloned	/generate_cloned_audio/qwen3_tts/violence/cloned audio/noviolence_02-779_cloned.wav	size. Right.	No
noviolence_02-78_cloned	/generate_cloned_audio/qwen3_tts/violence/cloned audio/noviolence_02-78_cloned.wav	develop skills.	No
noviolence_02-780_cloned	/generate_cloned_audio/qwen3_tts/violence/cloned audio/noviolence_02-780_cloned.wav	Right.	No
noviolence_02-781_cloned	/generate_cloned_audio/qwen3_tts/violence/cloned audio/noviolence_02-781_cloned.wav	And I hope, I hope they'll be.	No
noviolence_02-782_cloned	/generate_cloned_audio/qwen3_tts/violence/cloned audio/noviolence_02-782_cloned.wav	If I look back at the history of science...	No
noviolence_02-783_cloned	/generate_cloned_audio/qwen3_tts/violence/cloned audio/noviolence_02-783_cloned.wav	way too far away.	No
noviolence_02-784_cloned	/generate_cloned_audio/qwen3_tts/violence/cloned audio/noviolence_02-784_cloned.wav	and then they're...	No
noviolence_02-785_cloned	/generate_cloned_audio/qwen3_tts/violence/cloned audio/noviolence_02-785_cloned.wav	their justification.	No
noviolence_02-786_cloned	/generate_cloned_audio/qwen3_tts/violence/cloned audio/noviolence_02-786_cloned.wav	Science. Right.	No
noviolence_02-787_cloned	/generate_cloned_audio/qwen3_tts/violence/cloned audio/noviolence_02-787_cloned.wav	Science is the best and most robust tool.	No
noviolence_02-788_cloned	/generate_cloned_audio/qwen3_tts/violence/cloned audio/noviolence_02-788_cloned.wav	tendency to look at any	No
noviolence_02-789_cloned	/generate_cloned_audio/qwen3_tts/violence/cloned audio/noviolence_02-789_cloned.wav	The truth.	No
noviolence_02-79_cloned	/generate_cloned_audio/qwen3_tts/violence/cloned audio/noviolence_02-79_cloned.wav	Where do you see us, the way that we as a culture can...	No
noviolence_02-790_cloned	/generate_cloned_audio/qwen3_tts/violence/cloned audio/noviolence_02-790_cloned.wav	specific set of	No
noviolence_02-791_cloned	/generate_cloned_audio/qwen3_tts/violence/cloned audio/noviolence_02-791_cloned.wav	Very limited.	No
noviolence_02-792_cloned	/generate_cloned_audio/qwen3_tts/violence/cloned audio/noviolence_02-792_cloned.wav	Right, right, exactly.	No
noviolence_02-793_cloned	/generate_cloned_audio/qwen3_tts/violence/cloned audio/noviolence_02-793_cloned.wav	And I feel the same way. I love science, but science is a brand new thing. And if you look at human history, 99.99% of human history...	No
noviolence_02-794_cloned	/generate_cloned_audio/qwen3_tts/violence/cloned audio/noviolence_02-794_cloned.wav	knowledge was gained through experience.	No
noviolence_02-795_cloned	/generate_cloned_audio/qwen3_tts/violence/cloned audio/noviolence_02-795_cloned.wav	That worked for us and we couldn't.	No
noviolence_02-796_cloned	/generate_cloned_audio/qwen3_tts/violence/cloned audio/noviolence_02-796_cloned.wav	We can rely on-	No
noviolence_02-797_cloned	/generate_cloned_audio/qwen3_tts/violence/cloned audio/noviolence_02-797_cloned.wav	and we have tradition.	No
noviolence_02-798_cloned	/generate_cloned_audio/qwen3_tts/violence/cloned audio/noviolence_02-798_cloned.wav	Right.	No
noviolence_02-799_cloned	/generate_cloned_audio/qwen3_tts/violence/cloned audio/noviolence_02-799_cloned.wav	find that.	No
noviolence_02-8_cloned	/generate_cloned_audio/qwen3_tts/violence/cloned audio/noviolence_02-8_cloned.wav	I ran into Frank's work about eight years ago. He and I were both...	No
noviolence_02-80_cloned	/generate_cloned_audio/qwen3_tts/violence/cloned audio/noviolence_02-80_cloned.wav	Reframe.	No
noviolence_02-800_cloned	/generate_cloned_audio/qwen3_tts/violence/cloned audio/noviolence_02-800_cloned.wav	Right, and practice rainfall	No
noviolence_02-801_cloned	/generate_cloned_audio/qwen3_tts/violence/cloned audio/noviolence_02-801_cloned.wav	Everything that's...	No
noviolence_02-802_cloned	/generate_cloned_audio/qwen3_tts/violence/cloned audio/noviolence_02-802_cloned.wav	so dependent.	No
noviolence_02-803_cloned	/generate_cloned_audio/qwen3_tts/violence/cloned audio/noviolence_02-803_cloned.wav	Mm-hmm. It's a data.	No
noviolence_02-804_cloned	/generate_cloned_audio/qwen3_tts/violence/cloned audio/noviolence_02-804_cloned.wav	Right, right.	No
noviolence_02-805_cloned	/generate_cloned_audio/qwen3_tts/violence/cloned audio/noviolence_02-805_cloned.wav	Yeah, we're, well again, we're-	No
noviolence_02-806_cloned	/generate_cloned_audio/qwen3_tts/violence/cloned audio/noviolence_02-806_cloned.wav	So many of us are trying to be professional.	No
noviolence_02-807_cloned	/generate_cloned_audio/qwen3_tts/violence/cloned audio/noviolence_02-807_cloned.wav	and then	No
noviolence_02-808_cloned	/generate_cloned_audio/qwen3_tts/violence/cloned audio/noviolence_02-808_cloned.wav	professional.	No
noviolence_02-809_cloned	/generate_cloned_audio/qwen3_tts/violence/cloned audio/noviolence_02-809_cloned.wav	and to measure everything.	No
noviolence_02-810_cloned	/generate_cloned_audio/qwen3_tts/violence/cloned audio/noviolence_02-810_cloned.wav	It's not always necessary and you can be a professional.	No
noviolence_02-811_cloned	/generate_cloned_audio/qwen3_tts/violence/cloned audio/noviolence_02-811_cloned.wav	and put there.	No
noviolence_02-812_cloned	/generate_cloned_audio/qwen3_tts/violence/cloned audio/noviolence_02-812_cloned.wav	perfectly valid way to go.	No
noviolence_02-813_cloned	/generate_cloned_audio/qwen3_tts/violence/cloned audio/noviolence_02-813_cloned.wav	The body has plenty of capability to learn the world.	No
noviolence_02-814_cloned	/generate_cloned_audio/qwen3_tts/violence/cloned audio/noviolence_02-814_cloned.wav	scientific measure.	No
noviolence_02-815_cloned	/generate_cloned_audio/qwen3_tts/violence/cloned audio/noviolence_02-815_cloned.wav	On the best	No
noviolence_02-816_cloned	/generate_cloned_audio/qwen3_tts/violence/cloned audio/noviolence_02-816_cloned.wav	And there's all about how do I create progress.	No
noviolence_02-817_cloned	/generate_cloned_audio/qwen3_tts/violence/cloned audio/noviolence_02-817_cloned.wav	where she she	No
noviolence_02-818_cloned	/generate_cloned_audio/qwen3_tts/violence/cloned audio/noviolence_02-818_cloned.wav	more resistant.	No
noviolence_02-819_cloned	/generate_cloned_audio/qwen3_tts/violence/cloned audio/noviolence_02-819_cloned.wav	we negotiated a kind of solution where	No
noviolence_02-82_cloned	/generate_cloned_audio/qwen3_tts/violence/cloned audio/noviolence_02-82_cloned.wav	start harvesting.	No
noviolence_02-820_cloned	/generate_cloned_audio/qwen3_tts/violence/cloned audio/noviolence_02-820_cloned.wav	It was enough like what I wanted.	No
noviolence_02-821_cloned	/generate_cloned_audio/qwen3_tts/violence/cloned audio/noviolence_02-821_cloned.wav	Okay, I've been...	No
noviolence_02-822_cloned	/generate_cloned_audio/qwen3_tts/violence/cloned audio/noviolence_02-822_cloned.wav	and essentially what she told me.	No
noviolence_02-823_cloned	/generate_cloned_audio/qwen3_tts/violence/cloned audio/noviolence_02-823_cloned.wav	whole goal.	No
noviolence_02-824_cloned	/generate_cloned_audio/qwen3_tts/violence/cloned audio/noviolence_02-824_cloned.wav	they would progress.	No
noviolence_02-825_cloned	/generate_cloned_audio/qwen3_tts/violence/cloned audio/noviolence_02-825_cloned.wav	What is that?	No
noviolence_02-826_cloned	/generate_cloned_audio/qwen3_tts/violence/cloned audio/noviolence_02-826_cloned.wav	For those of us who are.	No
noviolence_02-827_cloned	/generate_cloned_audio/qwen3_tts/violence/cloned audio/noviolence_02-827_cloned.wav	Mm-hmm.	No
noviolence_02-828_cloned	/generate_cloned_audio/qwen3_tts/violence/cloned audio/noviolence_02-828_cloned.wav	It's not just about.	No
noviolence_02-829_cloned	/generate_cloned_audio/qwen3_tts/violence/cloned audio/noviolence_02-829_cloned.wav	great story. If you have a great story about...	No
noviolence_02-83_cloned	/generate_cloned_audio/qwen3_tts/violence/cloned audio/noviolence_02-83_cloned.wav	Well, I think something that we're really going to dive into here is this distinction between romantic and classical and to the short answer here is that I think	No
noviolence_02-830_cloned	/generate_cloned_audio/qwen3_tts/violence/cloned audio/noviolence_02-830_cloned.wav	Brandi's the head coach.	No
noviolence_02-831_cloned	/generate_cloned_audio/qwen3_tts/violence/cloned audio/noviolence_02-831_cloned.wav	Well, her suggestion...	No
noviolence_02-832_cloned	/generate_cloned_audio/qwen3_tts/violence/cloned audio/noviolence_02-832_cloned.wav	I think is extremely powerful because	No
noviolence_02-833_cloned	/generate_cloned_audio/qwen3_tts/violence/cloned audio/noviolence_02-833_cloned.wav	For me, the starting point so often is mismatch. And I say, here we are, these aboriginal bodies in this modern world, we've got this problem, and what's the solution to this?	No
noviolence_02-834_cloned	/generate_cloned_audio/qwen3_tts/violence/cloned audio/noviolence_02-834_cloned.wav	mismatch if you look for one solution it's pretty tough I mean there's there's so many different people in so many different circumstances how	No
noviolence_02-835_cloned	/generate_cloned_audio/qwen3_tts/violence/cloned audio/noviolence_02-835_cloned.wav	How do you come up with one solution for mismatch? You can't, but...	No
noviolence_02-837_cloned	/generate_cloned_audio/qwen3_tts/violence/cloned audio/noviolence_02-837_cloned.wav	Now maybe you can come up with seven billion workable solutions to mismatch and	No
noviolence_02-838_cloned	/generate_cloned_audio/qwen3_tts/violence/cloned audio/noviolence_02-838_cloned.wav	That, I think, is a way forward.	No
noviolence_02-839_cloned	/generate_cloned_audio/qwen3_tts/violence/cloned audio/noviolence_02-839_cloned.wav	because...	No
noviolence_02-84_cloned	/generate_cloned_audio/qwen3_tts/violence/cloned audio/noviolence_02-84_cloned.wav	We as a culture now are overboard with classical forms of education where it's all about measurement and units and hierarchy and procedures.	No
noviolence_02-840_cloned	/generate_cloned_audio/qwen3_tts/violence/cloned audio/noviolence_02-840_cloned.wav	bruh	No
noviolence_02-841_cloned	/generate_cloned_audio/qwen3_tts/violence/cloned audio/noviolence_02-841_cloned.wav	We're all groping for that. Lifestyle, lifestyle disease, trying to find a workable lifestyle in this mismatched environment.	No
noviolence_02-842_cloned	/generate_cloned_audio/qwen3_tts/violence/cloned audio/noviolence_02-842_cloned.wav	That demands creativity.	No
noviolence_02-843_cloned	/generate_cloned_audio/qwen3_tts/violence/cloned audio/noviolence_02-843_cloned.wav	and that's where the movement teachers come in and say, we can help you.	No
noviolence_02-844_cloned	/generate_cloned_audio/qwen3_tts/violence/cloned audio/noviolence_02-844_cloned.wav	We can help you be more creative in the way that you move, but also in the way that you live and the way that you adapt to mismatch.	No
noviolence_02-845_cloned	/generate_cloned_audio/qwen3_tts/violence/cloned audio/noviolence_02-845_cloned.wav	we provide very valuable.	No
noviolence_02-846_cloned	/generate_cloned_audio/qwen3_tts/violence/cloned audio/noviolence_02-846_cloned.wav	I think that's a good point.	No
noviolence_02-847_cloned	/generate_cloned_audio/qwen3_tts/violence/cloned audio/noviolence_02-847_cloned.wav	Okay. Thank you so much, Frank. Thank you.	No
noviolence_02-848_cloned	/generate_cloned_audio/qwen3_tts/violence/cloned audio/noviolence_02-848_cloned.wav	It was wonderful.	No
noviolence_02-85_cloned	/generate_cloned_audio/qwen3_tts/violence/cloned audio/noviolence_02-85_cloned.wav	and discipline of	No
noviolence_02-86_cloned	/generate_cloned_audio/qwen3_tts/violence/cloned audio/noviolence_02-86_cloned.wav	delivering content and trying to achieve some kind of result.	No
noviolence_02-87_cloned	/generate_cloned_audio/qwen3_tts/violence/cloned audio/noviolence_02-87_cloned.wav	And I think that we need.	No
noviolence_02-88_cloned	/generate_cloned_audio/qwen3_tts/violence/cloned audio/noviolence_02-88_cloned.wav	perhaps to go to more of an experiential or a romantic point of view on the body and just let's focus on the experience.	No
noviolence_02-89_cloned	/generate_cloned_audio/qwen3_tts/violence/cloned audio/noviolence_02-89_cloned.wav	worry less about the achievement that we're trying to crank out at the other end.	No
noviolence_02-9_cloned	/generate_cloned_audio/qwen3_tts/violence/cloned audio/noviolence_02-9_cloned.wav	Living in Seattle at the time, we got to have dinner a few times.	No
noviolence_02-90_cloned	/generate_cloned_audio/qwen3_tts/violence/cloned audio/noviolence_02-90_cloned.wav	And if we focus on a good quality achievement, not just for kids, but for us too, then we're going to liberate some of that play.	No
noviolence_02-91_cloned	/generate_cloned_audio/qwen3_tts/violence/cloned audio/noviolence_02-91_cloned.wav	It's not worried about tomorrow.	No
noviolence_02-92_cloned	/generate_cloned_audio/qwen3_tts/violence/cloned audio/noviolence_02-92_cloned.wav	Such a powerful thing.	No
noviolence_02-93_cloned	/generate_cloned_audio/qwen3_tts/violence/cloned audio/noviolence_02-93_cloned.wav	do we have a greater power to...	No
noviolence_02-94_cloned	/generate_cloned_audio/qwen3_tts/violence/cloned audio/noviolence_02-94_cloned.wav	in trying to get any.	No
noviolence_02-95_cloned	/generate_cloned_audio/qwen3_tts/violence/cloned audio/noviolence_02-95_cloned.wav	set up these measurements, these tools.	No
noviolence_02-96_cloned	/generate_cloned_audio/qwen3_tts/violence/cloned audio/noviolence_02-96_cloned.wav	the goal was not actually the reason.	No
noviolence_02-97_cloned	/generate_cloned_audio/qwen3_tts/violence/cloned audio/noviolence_02-97_cloned.wav	journey in the first place. And if we get lost in the goal...	No
noviolence_02-98_cloned	/generate_cloned_audio/qwen3_tts/violence/cloned audio/noviolence_02-98_cloned.wav	Right, and I think things like the FitBit and all the fitness trackers, that kind of thing. I personally, I...	No
noviolence_02-99_cloned	/generate_cloned_audio/qwen3_tts/violence/cloned audio/noviolence_02-99_cloned.wav	Don't find that to be attractive.	No
noviolence_04-1_cloned	/generate_cloned_audio/qwen3_tts/violence/cloned audio/noviolence_04-1_cloned.wav	Hey guys, Rafe Kelly here from Evolve Move Play. Today on the PaloCast we've got Rory Miller. Rory Miller is a celebrated self-defense expert. He's written how many books? I have no idea.	No
noviolence_04-10_cloned	/generate_cloned_audio/qwen3_tts/violence/cloned audio/noviolence_04-10_cloned.wav	The things I still love to do are get together with a handful of friends and we brawl. That's the, we call them the violence prone play groups, the BPPGs.	No
noviolence_04-100_cloned	/generate_cloned_audio/qwen3_tts/violence/cloned audio/noviolence_04-100_cloned.wav	When you're in power, it's really good to tell the people who are below that they shouldn't be predators, they shouldn't be strong. When you're thinking like a herd animal, you're...	No
noviolence_04-101_cloned	/generate_cloned_audio/qwen3_tts/violence/cloned audio/noviolence_04-101_cloned.wav	instinct is to weaken all the people around you. You get scared.	No
noviolence_04-102_cloned	/generate_cloned_audio/qwen3_tts/violence/cloned audio/noviolence_04-102_cloned.wav	Everyone needs to be, don't do anything, be passive. If you're thinking like a pack animal, everyone around you that's stronger makes you stronger. And I like strong people.	No
noviolence_04-103_cloned	/generate_cloned_audio/qwen3_tts/violence/cloned audio/noviolence_04-103_cloned.wav	weak people. That's one of my one of my core philosophies is basically steel sharpened steel right so put yourself around the people that will make you strong.	No
noviolence_04-104_cloned	/generate_cloned_audio/qwen3_tts/violence/cloned audio/noviolence_04-104_cloned.wav	and you're going to be a much happier, much better person. Don't be afraid of being weak.	No
noviolence_04-105_cloned	/generate_cloned_audio/qwen3_tts/violence/cloned audio/noviolence_04-105_cloned.wav	in the sense of relative to the people around you because it's people who are strong in other ways that can make you strong in those ways. Okay, I say hang out with the best people that will tolerate you. Yeah, that's a good one.	No
noviolence_04-107_cloned	/generate_cloned_audio/qwen3_tts/violence/cloned audio/noviolence_04-107_cloned.wav	intelligent people to disagree with you are possibly your most valuable asset. That's where all your learning happens. If you surround yourself by people that agree with it, if you look around it, everyone that you're around is on the same path.	No
noviolence_04-108_cloned	/generate_cloned_audio/qwen3_tts/violence/cloned audio/noviolence_04-108_cloned.wav	part of you are the same spectrum in anything. You're isolated and you're getting stupider every second. We need the challenge. Absolutely. Stop without.	No
noviolence_04-109_cloned	/generate_cloned_audio/qwen3_tts/violence/cloned audio/noviolence_04-109_cloned.wav	So that cues me into something I really want to talk about. I want to just set the groundwork just a little bit more. So violence is the...	No
noviolence_04-11_cloned	/generate_cloned_audio/qwen3_tts/violence/cloned audio/noviolence_04-11_cloned.wav	That's good. I like it. The play is great.	No
noviolence_04-110_cloned	/generate_cloned_audio/qwen3_tts/violence/cloned audio/noviolence_04-110_cloned.wav	use of force, right? That's one way to think about it. And it's anywhere on that scale. So...	No
noviolence_04-111_cloned	/generate_cloned_audio/qwen3_tts/violence/cloned audio/noviolence_04-111_cloned.wav	one thing we live in a sense in the in some ways the least violent least the least physically violent period in human history so I think it's very easy for people to kind of lose	No
noviolence_04-112_cloned	/generate_cloned_audio/qwen3_tts/violence/cloned audio/noviolence_04-112_cloned.wav	an understanding of how violence structures our reality. And I wanted you to kind of give people some perspective on that because...	No
noviolence_04-113_cloned	/generate_cloned_audio/qwen3_tts/violence/cloned audio/noviolence_04-113_cloned.wav	My perspective is look, we come from millions of years of evolution and you exist because your forefathers were able to kill somebody else and...	No
noviolence_04-114_cloned	/generate_cloned_audio/qwen3_tts/violence/cloned audio/noviolence_04-114_cloned.wav	secure territory, secure mates, secure resources. That doesn't mean that you should be doing the same thing. But if you don't come to grips with that.	No
noviolence_04-115_cloned	/generate_cloned_audio/qwen3_tts/violence/cloned audio/noviolence_04-115_cloned.wav	that you don't understand, that you don't accept that as part of your worldview, then I think you're kind of deluding yourself in a dangerous way. So if you could speak on that, that'd be amazing. Okay.	No
noviolence_04-116_cloned	/generate_cloned_audio/qwen3_tts/violence/cloned audio/noviolence_04-116_cloned.wav	Some of the things I play with are ancestors. This big, brains half the size of ours, and opposable thumbs. They work together, it's all good for them.	No
noviolence_04-117_cloned	/generate_cloned_audio/qwen3_tts/violence/cloned audio/noviolence_04-117_cloned.wav	to conquer the world. We don't have a lot of excuses. We have more information. We have more stuff on that side. You are, like you said, we are all the product.	No
noviolence_04-118_cloned	/generate_cloned_audio/qwen3_tts/violence/cloned audio/noviolence_04-118_cloned.wav	four billion years of not losing. This is pretty spectacular. This goes for the whole world. Within that...	No
noviolence_04-119_cloned	/generate_cloned_audio/qwen3_tts/violence/cloned audio/noviolence_04-119_cloned.wav	We don't realize, no we're beyond not realizing, we're in absolute denial, active denial about how...	No
noviolence_04-12_cloned	/generate_cloned_audio/qwen3_tts/violence/cloned audio/noviolence_04-12_cloned.wav	So...	No
noviolence_04-120_cloned	/generate_cloned_audio/qwen3_tts/violence/cloned audio/noviolence_04-120_cloned.wav	the possibility of violence literally underpins everything. Negotiation, unless you can back it up in some way, and in the end all the...	No
noviolence_04-121_cloned	/generate_cloned_audio/qwen3_tts/violence/cloned audio/noviolence_04-121_cloned.wav	backups come down to force in some way or another to enforce your will should the negotiation not go at least good enough.	No
noviolence_04-122_cloned	/generate_cloned_audio/qwen3_tts/violence/cloned audio/noviolence_04-122_cloned.wav	such thing as negotiations, only begging. If one side has the power and the other side has absolutely no power, or, and this is another thing, power is not enough, you have to be able to use it.	No
noviolence_04-123_cloned	/generate_cloned_audio/qwen3_tts/violence/cloned audio/noviolence_04-123_cloned.wav	to use it because every human being is powerful enough that they can make consequences. Yeah.	No
noviolence_04-124_cloned	/generate_cloned_audio/qwen3_tts/violence/cloned audio/noviolence_04-124_cloned.wav	You can be that powerful, you can be extremely powerful, you're afraid to use it. It doesn't matter, you might as well not be. And that puts you in a position, there's no such thing as negotiation, it's only begging.	No
noviolence_04-125_cloned	/generate_cloned_audio/qwen3_tts/violence/cloned audio/noviolence_04-125_cloned.wav	and that's you have to at some point accept that and recognize this is natural as powerful doesn't mean that you're	No
noviolence_04-126_cloned	/generate_cloned_audio/qwen3_tts/violence/cloned audio/noviolence_04-126_cloned.wav	And this is one of the things we have built into our society so much.	No
noviolence_04-127_cloned	/generate_cloned_audio/qwen3_tts/violence/cloned audio/noviolence_04-127_cloned.wav	if you actually have power or use power, you are an asshole.	No
noviolence_04-128_cloned	/generate_cloned_audio/qwen3_tts/violence/cloned audio/noviolence_04-128_cloned.wav	and it's one of those, no, if you don't.	No
noviolence_04-129_cloned	/generate_cloned_audio/qwen3_tts/violence/cloned audio/noviolence_04-129_cloned.wav	have power.	No
noviolence_04-13_cloned	/generate_cloned_audio/qwen3_tts/violence/cloned audio/noviolence_04-13_cloned.wav	How did your training look like then as far as movement, as far as physically preparing your body as an operator to survive what you did?	No
noviolence_04-130_cloned	/generate_cloned_audio/qwen3_tts/violence/cloned audio/noviolence_04-130_cloned.wav	You're a child. And if you're unwilling to use it, you're still a dependent.	No
noviolence_04-131_cloned	/generate_cloned_audio/qwen3_tts/violence/cloned audio/noviolence_04-131_cloned.wav	Um, that's...	No
noviolence_04-132_cloned	/generate_cloned_audio/qwen3_tts/violence/cloned audio/noviolence_04-132_cloned.wav	that's integral to part of being a human being is accepting your power. Part of being any animal is accepting it and that you just want to slap people sometimes.	No
noviolence_04-133_cloned	/generate_cloned_audio/qwen3_tts/violence/cloned audio/noviolence_04-133_cloned.wav	Hey guys, we're back here. We had some technical difficulties with the weather. I've put in a word with the man upstairs, but he doesn't appear to be listening. So we've changed...	No
noviolence_04-134_cloned	/generate_cloned_audio/qwen3_tts/violence/cloned audio/noviolence_04-134_cloned.wav	spots here we were talking about violence and how it kind of structures reality and when we ignore that when we don't kind of understand	No
noviolence_04-135_cloned	/generate_cloned_audio/qwen3_tts/violence/cloned audio/noviolence_04-135_cloned.wav	how much that's been characteristic of human history, we live kind of in a little bit of a delusion. And...	No
noviolence_04-137_cloned	/generate_cloned_audio/qwen3_tts/violence/cloned audio/noviolence_04-137_cloned.wav	I think it's one of the scariest things about the modern world really. And it's really, I think, contrary to any training philosophy.	No
noviolence_04-138_cloned	/generate_cloned_audio/qwen3_tts/violence/cloned audio/noviolence_04-138_cloned.wav	What I always say is, you know, we don't find happiness and growth through comfort. We find it through finding our edges. And I think that...	No
noviolence_04-14_cloned	/generate_cloned_audio/qwen3_tts/violence/cloned audio/noviolence_04-14_cloned.wav	time in the life. Probably the most intense was before this happened in college. I was on the judo team and skipping classes to get to the judo team.	No
noviolence_04-140_cloned	/generate_cloned_audio/qwen3_tts/violence/cloned audio/noviolence_04-140_cloned.wav	how understanding violence and learning how to kind of deal with it.	No
noviolence_04-141_cloned	/generate_cloned_audio/qwen3_tts/violence/cloned audio/noviolence_04-141_cloned.wav	provides this opportunity for self-growth.	No
noviolence_04-142_cloned	/generate_cloned_audio/qwen3_tts/violence/cloned audio/noviolence_04-142_cloned.wav	and what the cost is of going the other direction. Wow, okay.	No
noviolence_04-143_cloned	/generate_cloned_audio/qwen3_tts/violence/cloned audio/noviolence_04-143_cloned.wav	There's a lot in there. You talk and your movement, your work, your everything. You can't grow in your comfort zone.	No
noviolence_04-144_cloned	/generate_cloned_audio/qwen3_tts/violence/cloned audio/noviolence_04-144_cloned.wav	No animal can do that and that's physical, that's mental, that's spiritual. If you believe in that, that's emotional. Everything requires conflict.	No
noviolence_04-145_cloned	/generate_cloned_audio/qwen3_tts/violence/cloned audio/noviolence_04-145_cloned.wav	at least at some level. You can't get stronger without pushing weight. You can't increase your endurance without increasing your lung capacity by putting a load on it. You can't.	No
noviolence_04-146_cloned	/generate_cloned_audio/qwen3_tts/violence/cloned audio/noviolence_04-146_cloned.wav	any of the things that we're doing by coddling people as you put it. We are actively working to make our own children into...	No
noviolence_04-147_cloned	/generate_cloned_audio/qwen3_tts/violence/cloned audio/noviolence_04-147_cloned.wav	mentally, physically, they don't want to expose them to ideas that might challenge them, that might make them think.	No
noviolence_04-148_cloned	/generate_cloned_audio/qwen3_tts/violence/cloned audio/noviolence_04-148_cloned.wav	that might, and this is horrible, that might prove they're wrong. How, in what universe do you want your child to be wrong and not learn, not know that they're wrong? This is, it's all about learning.	No
noviolence_04-149_cloned	/generate_cloned_audio/qwen3_tts/violence/cloned audio/noviolence_04-149_cloned.wav	So we have all these growth things and things that have traditional huge growth benefits and the high risk exercises, free solo climbing.	No
noviolence_04-15_cloned	/generate_cloned_audio/qwen3_tts/violence/cloned audio/noviolence_04-15_cloned.wav	go to extra judo practice. And Wolfgang, who was the sensei Wolfgang Wiel, had been former West German national team. And he had the blows.	No
noviolence_04-150_cloned	/generate_cloned_audio/qwen3_tts/violence/cloned audio/noviolence_04-150_cloned.wav	I haven't done heavy weather sailing, but heavy weather sailing. Yeah. Solo, you will learn more shit about yourself in climbing. But the one thing with conflict, or with violence specifically,	No
noviolence_04-151_cloned	/generate_cloned_audio/qwen3_tts/violence/cloned audio/noviolence_04-151_cloned.wav	and not glorifying it, not romanticizing it, but it has all the ego and	No
noviolence_04-152_cloned	/generate_cloned_audio/qwen3_tts/violence/cloned audio/noviolence_04-152_cloned.wav	enhancing things of rock climbing if the rock had a personal stake in you losing. And that raises it to a whole other level.	No
noviolence_04-153_cloned	/generate_cloned_audio/qwen3_tts/violence/cloned audio/noviolence_04-153_cloned.wav	That said, and this is one of the things, is people romanticize violence. And it's not. And this is one of the things, if there's anything from this, that whole point of it being natural means you should not be romanticizing.	No
noviolence_04-154_cloned	/generate_cloned_audio/qwen3_tts/violence/cloned audio/noviolence_04-154_cloned.wav	I know, and this has come up on my blog before, it's like, you know, but you say you can't really know anything about this, and let it get into it, and then you say don't get into it. Yes, don't get into it.	No
noviolence_04-155_cloned	/generate_cloned_audio/qwen3_tts/violence/cloned audio/noviolence_04-155_cloned.wav	you can only learn there. Absolutely. But they aren't generally worth it. We have to have certain people going into those professions or things go to shit. I think	No
noviolence_04-156_cloned	/generate_cloned_audio/qwen3_tts/violence/cloned audio/noviolence_04-156_cloned.wav	Everyone should have some exposure to it or they are trying to control a part of the world that they're completely ignorant about and that never works very well. I'm a flat out	No
noviolence_04-157_cloned	/generate_cloned_audio/qwen3_tts/violence/cloned audio/noviolence_04-157_cloned.wav	see that right now where we are with violence is where we were with sex in the 50s. Don't talk about it, don't let other people talk about it, but just it doesn't happen. Shut your eyes.	No
noviolence_04-158_cloned	/generate_cloned_audio/qwen3_tts/violence/cloned audio/noviolence_04-158_cloned.wav	You know how well that worked. Yeah. Let's not talk about it. So, the advising bit, again, there are some lessons there you can't get other places.	No
noviolence_04-159_cloned	/generate_cloned_audio/qwen3_tts/violence/cloned audio/noviolence_04-159_cloned.wav	But they're no more profound. Being a father is far more profound. We would be so much better if only we didn't have this piece of our soul, knowing that there's something about...	No
noviolence_04-16_cloned	/generate_cloned_audio/qwen3_tts/violence/cloned audio/noviolence_04-16_cloned.wav	I have yet experienced his idea of an ab workout was horrifying. We had a running joke, we could take out the entire Oregon State University Juno team, if it just got us out of the way.	No
noviolence_04-160_cloned	/generate_cloned_audio/qwen3_tts/violence/cloned audio/noviolence_04-160_cloned.wav	you the other people would like to give it up no matter who you are. It's very violent. Dumb way to do it. Yeah, and it's just as violent. It might be raising your children.	No
noviolence_04-161_cloned	/generate_cloned_audio/qwen3_tts/violence/cloned audio/noviolence_04-161_cloned.wav	in an absolutely peaceful environment where they absolutely have no conflict and they never get those feelings hurt. If you're cool with that and you are not cool with the field, you need to experience that.	No
noviolence_04-162_cloned	/generate_cloned_audio/qwen3_tts/violence/cloned audio/noviolence_04-162_cloned.wav	in your basic, basic way. None of the people I value do well when things get easy. Yeah, so this is one of the things that I think.	No
noviolence_04-163_cloned	/generate_cloned_audio/qwen3_tts/violence/cloned audio/noviolence_04-163_cloned.wav	is really interesting about the question of natural movement in general. Like when we're looking at this, we're basically saying there's something about the past that was better.	No
noviolence_04-164_cloned	/generate_cloned_audio/qwen3_tts/violence/cloned audio/noviolence_04-164_cloned.wav	than the present. And what we have to understand though is that it's easy to step into romanticizing the past and not realizing how much we've gained and how much we've lost.	No
noviolence_04-165_cloned	/generate_cloned_audio/qwen3_tts/violence/cloned audio/noviolence_04-165_cloned.wav	how valuable it is.	No
noviolence_04-166_cloned	/generate_cloned_audio/qwen3_tts/violence/cloned audio/noviolence_04-166_cloned.wav	There was tracking and hunting and all this. We don't romanticize the fact that you were scared all the time and you never knew if you'd have food that winter. And some of your people would starve every winter.	No
noviolence_04-167_cloned	/generate_cloned_audio/qwen3_tts/violence/cloned audio/noviolence_04-167_cloned.wav	But if you've done tracking, then walking in the woods is an entirely different experience. The amount of information there is unbelievable. And it's amazing.	No
noviolence_04-168_cloned	/generate_cloned_audio/qwen3_tts/violence/cloned audio/noviolence_04-168_cloned.wav	And as we move away, you know, this is cold and wet and rainy. And when you get people that honestly aren't used to it, it's like, oh my god, it's cold.	No
noviolence_04-169_cloned	/generate_cloned_audio/qwen3_tts/violence/cloned audio/noviolence_04-169_cloned.wav	and it's actually kind of cool. I think it was nourishment. It's a form of nourishment.	No
noviolence_04-17_cloned	/generate_cloned_audio/qwen3_tts/violence/cloned audio/noviolence_04-17_cloned.wav	for practice. Every night we literally could not get dressed by ourselves. And on any night I wasn't there I was down at Taekwondo class where the instructor had his...	No
noviolence_04-170_cloned	/generate_cloned_audio/qwen3_tts/violence/cloned audio/noviolence_04-170_cloned.wav	I look at the world and I say, you know, we've created a world that's the least violent in history. We've created a world where you have the least chance of...	No
noviolence_04-171_cloned	/generate_cloned_audio/qwen3_tts/violence/cloned audio/noviolence_04-171_cloned.wav	of disease, dying from disease. We created a world where your children are likely to survive through infancy, incredibly likely to survive through infancy, and that's a historical.	No
noviolence_04-172_cloned	/generate_cloned_audio/qwen3_tts/violence/cloned audio/noviolence_04-172_cloned.wav	anomaly.	No
noviolence_04-173_cloned	/generate_cloned_audio/qwen3_tts/violence/cloned audio/noviolence_04-173_cloned.wav	And we really need to understand how great those things are in a way. But we have to recognize that in some way we've created mismatches with who we are.	No
noviolence_04-174_cloned	/generate_cloned_audio/qwen3_tts/violence/cloned audio/noviolence_04-174_cloned.wav	and we are feeling that. We're depressed, we have anxiety, and we fail to understand things that really still control a reality. You may not.	No
noviolence_04-175_cloned	/generate_cloned_audio/qwen3_tts/violence/cloned audio/noviolence_04-175_cloned.wav	know that violence is something that structures reality, but that doesn't mean that it ceased to exist. So for somebody who's not gonna be...	No
noviolence_04-176_cloned	/generate_cloned_audio/qwen3_tts/violence/cloned audio/noviolence_04-176_cloned.wav	an operator who's not going to do these things. How can they orient around violence and get enough understanding of it to gain as much benefit as possible?	No
noviolence_04-177_cloned	/generate_cloned_audio/qwen3_tts/violence/cloned audio/noviolence_04-177_cloned.wav	while not exposing themselves to so much that they're going to take damage that they don't need that's not adding value. It's not...	No
noviolence_04-178_cloned	/generate_cloned_audio/qwen3_tts/violence/cloned audio/noviolence_04-178_cloned.wav	There's a question, the difference between knowing, understanding, and experience. Because you can know a lot. There's a huge amount of information out there.	No
noviolence_04-179_cloned	/generate_cloned_audio/qwen3_tts/violence/cloned audio/noviolence_04-179_cloned.wav	to stay away from the people that have agendas, they're trying to explain it away. If the explanation's not utilitarian, if you can't use it to predict behavior, then they're actually...	No
noviolence_04-18_cloned	/generate_cloned_audio/qwen3_tts/violence/cloned audio/noviolence_04-18_cloned.wav	a Robix Instructor wife doing the stretching for us. And at that point, yeah.	No
noviolence_04-180_cloned	/generate_cloned_audio/qwen3_tts/violence/cloned audio/noviolence_04-180_cloned.wav	I would say nine-tenths of the people doing research are doing it for their own therapy not because it's useful But even then no matter how much you stay to have you know it which doesn't mean you understand	No
noviolence_04-181_cloned	/generate_cloned_audio/qwen3_tts/violence/cloned audio/noviolence_04-181_cloned.wav	which doesn't mean you get it. Yeah. So there's that, because it's not that hard to break down. Violence is used for purposes, it's used by specific people for specific.	No
noviolence_04-182_cloned	/generate_cloned_audio/qwen3_tts/violence/cloned audio/noviolence_04-182_cloned.wav	things on specific people and once you get the breakdowns it's not hard and I talked about before I don't necessarily want to repeat it here because you don't want to do the stuff that's been done on every other podcast.	No
noviolence_04-183_cloned	/generate_cloned_audio/qwen3_tts/violence/cloned audio/noviolence_04-183_cloned.wav	But it's like I can throw out the Maslow pyramid and have the violence from each of the levels is different and you get it. It makes sense. But you get it here. That's totally different than understanding.	No
noviolence_04-184_cloned	/generate_cloned_audio/qwen3_tts/violence/cloned audio/noviolence_04-184_cloned.wav	that this is a part of me. If I was hungry, I'd be willing to do this. If my children were hungry, I'd be willing to do that.	No
noviolence_04-185_cloned	/generate_cloned_audio/qwen3_tts/violence/cloned audio/noviolence_04-185_cloned.wav	And that should not be something to get into the dark parts of your brain. You should sit there and go, know that that lizard part of your brain exists.	No
noviolence_04-186_cloned	/generate_cloned_audio/qwen3_tts/violence/cloned audio/noviolence_04-186_cloned.wav	For me at least, it helps me appreciate the fact that my children are not starving and in this world are unlikely to. And so to appreciate that when you get to the understanding...	No
noviolence_04-187_cloned	/generate_cloned_audio/qwen3_tts/violence/cloned audio/noviolence_04-187_cloned.wav	the deep stuff. There is always an aspect of the interaction and the intensity of it	No
noviolence_04-188_cloned	/generate_cloned_audio/qwen3_tts/violence/cloned audio/noviolence_04-188_cloned.wav	It's not, you can't get second hand, you can't get third hand. It's in you and if it's awakened it will come out and it's powerful. But, uh...	No
noviolence_04-189_cloned	/generate_cloned_audio/qwen3_tts/violence/cloned audio/noviolence_04-189_cloned.wav	But intellectually, it doesn't matter how much you can quote from Grossman or De Mecke or anybody you want to name.	No
noviolence_04-19_cloned	/generate_cloned_audio/qwen3_tts/violence/cloned audio/noviolence_04-19_cloned.wav	Intense that sounds very intense now one of the interesting questions that that comes up for me when talking to somebody who has really had to apply movement most	No
noviolence_04-190_cloned	/generate_cloned_audio/qwen3_tts/violence/cloned audio/noviolence_04-190_cloned.wav	It's the best thing it's just like being a parent You can have all the plants in the world know exactly how you're gonna raise kids you've been around kids your whole life and everyone else do it and	No
noviolence_04-191_cloned	/generate_cloned_audio/qwen3_tts/violence/cloned audio/noviolence_04-191_cloned.wav	prepared you for how you change when you have that baby in your arms for the first time? Nothing? When my son was born, or my daughter, sorry, my daughter was born.	No
noviolence_04-192_cloned	/generate_cloned_audio/qwen3_tts/violence/cloned audio/noviolence_04-192_cloned.wav	you realize it's one of the most profound experiences I've ever had. Excuse me, Mike here. When my daughter was born...	No
noviolence_04-193_cloned	/generate_cloned_audio/qwen3_tts/violence/cloned audio/noviolence_04-193_cloned.wav	You. She.	No
noviolence_04-194_cloned	/generate_cloned_audio/qwen3_tts/violence/cloned audio/noviolence_04-194_cloned.wav	You know, she's hellish. They give you to her and you hold her in my arms for the first time.	No
noviolence_04-195_cloned	/generate_cloned_audio/qwen3_tts/violence/cloned audio/noviolence_04-195_cloned.wav	and you realize this emotional experience that you've never had before of the most profound love and terror at the same time. So this is...	No
noviolence_04-196_cloned	/generate_cloned_audio/qwen3_tts/violence/cloned audio/noviolence_04-196_cloned.wav	One of my kind of philosophies about general, one of my general philosophies is this concept of aliveness. And initially I encountered...	No
noviolence_04-197_cloned	/generate_cloned_audio/qwen3_tts/violence/cloned audio/noviolence_04-197_cloned.wav	this word aliveness from the work of Matt Thornton, who's also a self-defense author. And he talked about how a lot of martial arts, they're not practicing things in a live way, in a way that replicates.	No
noviolence_04-198_cloned	/generate_cloned_audio/qwen3_tts/violence/cloned audio/noviolence_04-198_cloned.wav	the variables that you'll experience in actual combat.	No
noviolence_04-199_cloned	/generate_cloned_audio/qwen3_tts/violence/cloned audio/noviolence_04-199_cloned.wav	And as I've gone through my movement practice, built all these different things, I have recognized that so often people...	No
noviolence_04-2_cloned	/generate_cloned_audio/qwen3_tts/violence/cloned audio/noviolence_04-2_cloned.wav	You have no idea, he has no idea. He's written many books, they're all great. He was in the military, worked as a correction facilities officer for many years, has had...	No
noviolence_04-20_cloned	/generate_cloned_audio/qwen3_tts/violence/cloned audio/noviolence_04-20_cloned.wav	people in the movement community, it's not there the capacities that are developing don't have professional relevance for them. They have personal relevance.	No
noviolence_04-200_cloned	/generate_cloned_audio/qwen3_tts/violence/cloned audio/noviolence_04-200_cloned.wav	don't or are unwilling to want to try to do the things that are going to make it difficult to them for them to apply the skills. So people say, hey, how do you try?	No
noviolence_04-201_cloned	/generate_cloned_audio/qwen3_tts/violence/cloned audio/noviolence_04-201_cloned.wav	How do you train parkour in the rain? How do you train parkour in the rain? Well, you train parkour in the rain. That's, it's very simple. You have to try the skills and see how they work when it's...	No
noviolence_04-202_cloned	/generate_cloned_audio/qwen3_tts/violence/cloned audio/noviolence_04-202_cloned.wav	You have to try the skills and see how they work when it's cold, when it's dark.	No
noviolence_04-203_cloned	/generate_cloned_audio/qwen3_tts/violence/cloned audio/noviolence_04-203_cloned.wav	And what I found the interesting part of that is that.	No
noviolence_04-204_cloned	/generate_cloned_audio/qwen3_tts/violence/cloned audio/noviolence_04-204_cloned.wav	the more that you can kind of find all the different variables that stretch you to your limits.	No
noviolence_04-205_cloned	/generate_cloned_audio/qwen3_tts/violence/cloned audio/noviolence_04-205_cloned.wav	They're more alive in the sense of they're building this skill set that's more alive, but they're more alive in the sense that...	No
noviolence_04-206_cloned	/generate_cloned_audio/qwen3_tts/violence/cloned audio/noviolence_04-206_cloned.wav	When you're there, you feel alive in a different way than you feel. You're more present, more lit up, more neurons, more endorphins than anything that you've	No
noviolence_04-207_cloned	/generate_cloned_audio/qwen3_tts/violence/cloned audio/noviolence_04-207_cloned.wav	experience the last time I got in a street fight.	No
noviolence_04-208_cloned	/generate_cloned_audio/qwen3_tts/violence/cloned audio/noviolence_04-208_cloned.wav	I walked away and I was laughing and smiling and I felt so high and I went to a gymnastics class and did a bunch of tricks that I'd never done before.	No
noviolence_04-209_cloned	/generate_cloned_audio/qwen3_tts/violence/cloned audio/noviolence_04-209_cloned.wav	I'm not suggesting anybody go get in a street fight But but I think that through movement practice through rock climbing through candy	No
noviolence_04-21_cloned	/generate_cloned_audio/qwen3_tts/violence/cloned audio/noviolence_04-21_cloned.wav	So...	No
noviolence_04-210_cloned	/generate_cloned_audio/qwen3_tts/violence/cloned audio/noviolence_04-210_cloned.wav	engineering through parkour.	No
noviolence_04-211_cloned	/generate_cloned_audio/qwen3_tts/violence/cloned audio/noviolence_04-211_cloned.wav	and through.	No
noviolence_04-212_cloned	/generate_cloned_audio/qwen3_tts/violence/cloned audio/noviolence_04-212_cloned.wav	martial arts training, we can gain some understanding, some levels of experience that we can't otherwise.	No
noviolence_04-213_cloned	/generate_cloned_audio/qwen3_tts/violence/cloned audio/noviolence_04-213_cloned.wav	And that didn't come out as a question. But the question I'm hearing in it, or choosing to hear it, animals learn through play. This is how arms learn.	No
noviolence_04-214_cloned	/generate_cloned_audio/qwen3_tts/violence/cloned audio/noviolence_04-214_cloned.wav	and it is the only way to learn a complicated system.	No
noviolence_04-215_cloned	/generate_cloned_audio/qwen3_tts/violence/cloned audio/noviolence_04-215_cloned.wav	You can't see.	No
noviolence_04-216_cloned	/generate_cloned_audio/qwen3_tts/violence/cloned audio/noviolence_04-216_cloned.wav	You can't and this is one of the things we when you get to the martial arts ago wrote and all martial arts have some Form of free play in them. Yeah But when you get to the ones that just go wrote and the votes	No
noviolence_04-22_cloned	/generate_cloned_audio/qwen3_tts/violence/cloned audio/noviolence_04-22_cloned.wav	when we're trying to learn kind of how to be better at movement, we have to think about is this worth the damage that we're going to take?	No
noviolence_04-23_cloned	/generate_cloned_audio/qwen3_tts/violence/cloned audio/noviolence_04-23_cloned.wav	And so as somebody who's been in the world of, my body needs to be able to do these things to keep me alive, and if I hurt myself in training, that's, you know, that's.	No
noviolence_04-24_cloned	/generate_cloned_audio/qwen3_tts/violence/cloned audio/noviolence_04-24_cloned.wav	that's a sacrifice. How do you find that you think about this balance between how do we...	No
noviolence_04-25_cloned	/generate_cloned_audio/qwen3_tts/violence/cloned audio/noviolence_04-25_cloned.wav	prepare ourselves.	No
noviolence_04-26_cloned	/generate_cloned_audio/qwen3_tts/violence/cloned audio/noviolence_04-26_cloned.wav	without annihilating ourselves.	No
noviolence_04-27_cloned	/generate_cloned_audio/qwen3_tts/violence/cloned audio/noviolence_04-27_cloned.wav	I wasn't good at that. I've had, I'm in double digits for shoulder dislocations, just had my second knee surgery.	No
noviolence_04-28_cloned	/generate_cloned_audio/qwen3_tts/violence/cloned audio/noviolence_04-28_cloned.wav	My hands go numb if I have them above my head when I lay down. I can't see out of my left eye in the morning until after I'm hydrated.	No
noviolence_04-29_cloned	/generate_cloned_audio/qwen3_tts/violence/cloned audio/noviolence_04-29_cloned.wav	Every instructor you ever have will tell you protect your joints, you're going to need them when you're older, and if you're like me and every other young man that ever existed, you're going to go, yeah.	No
noviolence_04-3_cloned	/generate_cloned_audio/qwen3_tts/violence/cloned audio/noviolence_04-3_cloned.wav	over 300 use of force events.	No
noviolence_04-30_cloned	/generate_cloned_audio/qwen3_tts/violence/cloned audio/noviolence_04-30_cloned.wav	bastard doesn't know what he's talking about.	No
noviolence_04-31_cloned	/generate_cloned_audio/qwen3_tts/violence/cloned audio/noviolence_04-31_cloned.wav	And I said, yeah, old bastard doesn't know what he's talking about, and only quit using the cane three or four months ago. And I'm sure I will be back on the cane adventure.	No
noviolence_04-32_cloned	/generate_cloned_audio/qwen3_tts/violence/cloned audio/noviolence_04-32_cloned.wav	So the lesson is listen to the old bastards. Listen to the old bastards. They got old for a reason. And their regrets will be your regrets someday.	No
noviolence_04-33_cloned	/generate_cloned_audio/qwen3_tts/violence/cloned audio/noviolence_04-33_cloned.wav	Excellent. So the next question I want to get into is kind of the big question which is...	No
noviolence_04-34_cloned	/generate_cloned_audio/qwen3_tts/violence/cloned audio/noviolence_04-34_cloned.wav	Your work is about understanding violence. What is violence? For somebody who's lived an affluent Western lifestyle...	No
noviolence_04-35_cloned	/generate_cloned_audio/qwen3_tts/violence/cloned audio/noviolence_04-35_cloned.wav	who's probably never been in a serious fight, who's never encountered a predator. What is violence? How?	No
noviolence_04-36_cloned	/generate_cloned_audio/qwen3_tts/violence/cloned audio/noviolence_04-36_cloned.wav	Tell me, what is violence? I'll start there. As a rule, violence is anything you don't like. For some reason when we like it we want to call it something else. We call it force.	No
noviolence_04-37_cloned	/generate_cloned_audio/qwen3_tts/violence/cloned audio/noviolence_04-37_cloned.wav	or yeah.	No
noviolence_04-38_cloned	/generate_cloned_audio/qwen3_tts/violence/cloned audio/noviolence_04-38_cloned.wav	It's when you're doing what you want to do, then you're standing up for yourself and someone does the exact same thing. He's being an asshole.	No
noviolence_04-39_cloned	/generate_cloned_audio/qwen3_tts/violence/cloned audio/noviolence_04-39_cloned.wav	Um.	No
noviolence_04-4_cloned	/generate_cloned_audio/qwen3_tts/violence/cloned audio/noviolence_04-4_cloned.wav	and has a really unique understanding of violence. I was working as a bouncer myself 10 years ago. I was training in martial arts, and I came across his blog.	No
noviolence_04-40_cloned	/generate_cloned_audio/qwen3_tts/violence/cloned audio/noviolence_04-40_cloned.wav	But that's the...	No
noviolence_04-41_cloned	/generate_cloned_audio/qwen3_tts/violence/cloned audio/noviolence_04-41_cloned.wav	Violence is a word that we use generally to shut other people down and make them shut up so we don't have...	No
noviolence_04-42_cloned	/generate_cloned_audio/qwen3_tts/violence/cloned audio/noviolence_04-42_cloned.wav	limiting information.	No
noviolence_04-43_cloned	/generate_cloned_audio/qwen3_tts/violence/cloned audio/noviolence_04-43_cloned.wav	as hard as we can.	No
noviolence_04-44_cloned	/generate_cloned_audio/qwen3_tts/violence/cloned audio/noviolence_04-44_cloned.wav	So, essentially in your conception, there's no...	No
noviolence_04-45_cloned	/generate_cloned_audio/qwen3_tts/violence/cloned audio/noviolence_04-45_cloned.wav	kind of break point on the scale from trying to convince someone in an argument to	No
noviolence_04-46_cloned	/generate_cloned_audio/qwen3_tts/violence/cloned audio/noviolence_04-46_cloned.wav	nuclear war.	No
noviolence_04-47_cloned	/generate_cloned_audio/qwen3_tts/violence/cloned audio/noviolence_04-47_cloned.wav	Or is that, am I wrong on that? Nope. Sort of. And this is one of the things, we all have this scale in our head that we wanna have, and this is okay.	No
noviolence_04-48_cloned	/generate_cloned_audio/qwen3_tts/violence/cloned audio/noviolence_04-48_cloned.wav	this is acceptable, this is okay, oh that's wrong, oh that's bad, oh that's...	No
noviolence_04-49_cloned	/generate_cloned_audio/qwen3_tts/violence/cloned audio/noviolence_04-49_cloned.wav	And everyone has that, but you have to realize it's still a scale.	No
noviolence_04-5_cloned	/generate_cloned_audio/qwen3_tts/violence/cloned audio/noviolence_04-5_cloned.wav	and I felt that he was able to describe violence in a much more coherent way that really accorded with what I was seeing than any of the traditional martial arts that I had experienced in.	No
noviolence_04-50_cloned	/generate_cloned_audio/qwen3_tts/violence/cloned audio/noviolence_04-50_cloned.wav	And one of the things we throw in all time, manipulation, is manipulation bad. Yeah. But you can't communicate. All communication is for manipulation. I can't.	No
noviolence_04-51_cloned	/generate_cloned_audio/qwen3_tts/violence/cloned audio/noviolence_04-51_cloned.wav	You can't get this stuff in my head into your head without manipulating it in there somehow. I have to use words, I have to use the words in a skillful way so you understand what I'm trying to say, not just make up your own shit and not even...	No
noviolence_04-52_cloned	/generate_cloned_audio/qwen3_tts/violence/cloned audio/noviolence_04-52_cloned.wav	listen to me. So all communication is manipulation. There's nowhere on that scale. So saying it's automatically bad.	No
noviolence_04-53_cloned	/generate_cloned_audio/qwen3_tts/violence/cloned audio/noviolence_04-53_cloned.wav	The and whipping around to violence because I consider manipulation to be on that scale of force or violence. Yeah When someone says that violence is automatically bad when?	No
noviolence_04-54_cloned	/generate_cloned_audio/qwen3_tts/violence/cloned audio/noviolence_04-54_cloned.wav	There has been no other way to get food for all of evolutionary history. You have to tear a living creature up with your teeth in order to not die. And to sit there and automatically say, well, violence is bad.	No
noviolence_04-55_cloned	/generate_cloned_audio/qwen3_tts/violence/cloned audio/noviolence_04-55_cloned.wav	bad or as long as I'm ranting. I was checking out some books, Amazon reviews, and one, and he's evidently a professor doctor, but the review was...	No
noviolence_04-56_cloned	/generate_cloned_audio/qwen3_tts/violence/cloned audio/noviolence_04-56_cloned.wav	This guy still believes in the outdated and false belief that violence is a utility, that violence exists for you. So of course it fucking exists for you. What else can we do?	No
noviolence_04-57_cloned	/generate_cloned_audio/qwen3_tts/violence/cloned audio/noviolence_04-57_cloned.wav	it. And that's one of the things that people are most fucking denial of. People use violence because it works. Yeah.	No
noviolence_04-58_cloned	/generate_cloned_audio/qwen3_tts/violence/cloned audio/noviolence_04-58_cloned.wav	I think that we want to believe that it doesn't work so that we can believe that the use of it would eventually disappear.	No
noviolence_04-59_cloned	/generate_cloned_audio/qwen3_tts/violence/cloned audio/noviolence_04-59_cloned.wav	Not as long as we need to eat, it will never disappear. And the more you convince, the larger number of people that you convince, the more, then the more powerful someone that uses it becomes.	No
noviolence_04-6_cloned	/generate_cloned_audio/qwen3_tts/violence/cloned audio/noviolence_04-6_cloned.wav	I've followed his work ever since and it's just a huge honor to have him here and thank you very much Rory. So the first question I always ask people.	No
noviolence_04-60_cloned	/generate_cloned_audio/qwen3_tts/violence/cloned audio/noviolence_04-60_cloned.wav	And that's, if you have everyone in the world no longer knows how to deal with violent people because you got rid of your generation and someone suddenly becomes violent, he's God.	No
noviolence_04-61_cloned	/generate_cloned_audio/qwen3_tts/violence/cloned audio/noviolence_04-61_cloned.wav	He's literally a superhuman. This is something that I find really interesting personally because I...	No
noviolence_04-62_cloned	/generate_cloned_audio/qwen3_tts/violence/cloned audio/noviolence_04-62_cloned.wav	I'm basically a peaceable person. I've lived, I live in an affluent, you know, white neighborhood in North Seattle and I	No
noviolence_04-63_cloned	/generate_cloned_audio/qwen3_tts/violence/cloned audio/noviolence_04-63_cloned.wav	I don't experience really even interpersonal just sort of aggression very much in my life. But I grew up as a kid who lived in a...	No
noviolence_04-64_cloned	/generate_cloned_audio/qwen3_tts/violence/cloned audio/noviolence_04-64_cloned.wav	in a kind of a redneck town, having to prove myself. I got in lots of fights. I was ADHD and dyslexic, so I was the weird kid that ever the kids were gonna pick on.	No
noviolence_04-65_cloned	/generate_cloned_audio/qwen3_tts/violence/cloned audio/noviolence_04-65_cloned.wav	but I was bigger and stronger so that was how I won.	No
noviolence_04-66_cloned	/generate_cloned_audio/qwen3_tts/violence/cloned audio/noviolence_04-66_cloned.wav	And it's always struck me that if we're going to limit violence, we have to have the strength to understand it.	No
noviolence_04-67_cloned	/generate_cloned_audio/qwen3_tts/violence/cloned audio/noviolence_04-67_cloned.wav	and to confront it and to be willing to apply it where necessary. Yes.	No
noviolence_04-68_cloned	/generate_cloned_audio/qwen3_tts/violence/cloned audio/noviolence_04-68_cloned.wav	So...	No
noviolence_04-69_cloned	/generate_cloned_audio/qwen3_tts/violence/cloned audio/noviolence_04-69_cloned.wav	So violence is force applied to other people in a sense. When you like it you call it force, when you don't like it you call it violence. Yeah.	No
noviolence_04-7_cloned	/generate_cloned_audio/qwen3_tts/violence/cloned audio/noviolence_04-7_cloned.wav	since this is a movement-oriented podcast.	No
noviolence_04-70_cloned	/generate_cloned_audio/qwen3_tts/violence/cloned audio/noviolence_04-70_cloned.wav	You kicked over about six keys. Okay, go ahead.	No
noviolence_04-71_cloned	/generate_cloned_audio/qwen3_tts/violence/cloned audio/noviolence_04-71_cloned.wav	What things?	No
noviolence_04-72_cloned	/generate_cloned_audio/qwen3_tts/violence/cloned audio/noviolence_04-72_cloned.wav	is claiming it's unnatural.	No
noviolence_04-73_cloned	/generate_cloned_audio/qwen3_tts/violence/cloned audio/noviolence_04-73_cloned.wav	gets people to shut.	No
noviolence_04-74_cloned	/generate_cloned_audio/qwen3_tts/violence/cloned audio/noviolence_04-74_cloned.wav	It's unnatural, it must be wrong. And it's not unnatural, it never has been.	No
noviolence_04-75_cloned	/generate_cloned_audio/qwen3_tts/violence/cloned audio/noviolence_04-75_cloned.wav	one of the things, one of the ethics.	No
noviolence_04-76_cloned	/generate_cloned_audio/qwen3_tts/violence/cloned audio/noviolence_04-76_cloned.wav	Power corrupt. Yeah. You sure? Oh, does power corrupt? You're asking me. Yeah.	No
noviolence_04-77_cloned	/generate_cloned_audio/qwen3_tts/violence/cloned audio/noviolence_04-77_cloned.wav	Um, not necessarily. I would not say that. It shouldn't, because if you think about that, if you actually incorporate it as a societal value...	No
noviolence_04-78_cloned	/generate_cloned_audio/qwen3_tts/violence/cloned audio/noviolence_04-78_cloned.wav	It is an ethic that makes good people weak. They believe they'll magically turn out bad people They get strong and none of us are naturally weak. That's not the human	No
noviolence_04-79_cloned	/generate_cloned_audio/qwen3_tts/violence/cloned audio/noviolence_04-79_cloned.wav	That's no animal chooses weakness given a choice and you can't honestly be good unless you're strong enough to do something about it You can think all the good thoughts in your world. Those are absolutely worthless	No
noviolence_04-8_cloned	/generate_cloned_audio/qwen3_tts/violence/cloned audio/noviolence_04-8_cloned.wav	what does your movement practice look like today? That's an interesting question for you as a guy who's now a freelance rider who used to be... Yeah, I'm pretty much a crippled.	No
noviolence_04-80_cloned	/generate_cloned_audio/qwen3_tts/violence/cloned audio/noviolence_04-80_cloned.wav	until actions marry to them.	No
noviolence_04-81_cloned	/generate_cloned_audio/qwen3_tts/violence/cloned audio/noviolence_04-81_cloned.wav	The way that I think about power is that power has costs. No matter how it's applied, it always has costs. And the more powerful you are...	No
noviolence_04-82_cloned	/generate_cloned_audio/qwen3_tts/violence/cloned audio/noviolence_04-82_cloned.wav	the more likely someone will experience a cost of that, that they will perceive as violence. So the best person in the world, if on-	No
noviolence_04-83_cloned	/generate_cloned_audio/qwen3_tts/violence/cloned audio/noviolence_04-83_cloned.wav	unapotent in a sense, is always going to step on somebody's toes. So it's not that power corrupts.	No
noviolence_04-84_cloned	/generate_cloned_audio/qwen3_tts/violence/cloned audio/noviolence_04-84_cloned.wav	power reveals corrupt.	No
noviolence_04-85_cloned	/generate_cloned_audio/qwen3_tts/violence/cloned audio/noviolence_04-85_cloned.wav	And I think, you know, what we just said about when we say that power corrupts, it makes good people weak. To me that's a good thing.	No
noviolence_04-86_cloned	/generate_cloned_audio/qwen3_tts/violence/cloned audio/noviolence_04-86_cloned.wav	That's an incredibly powerful idea.	No
noviolence_04-87_cloned	/generate_cloned_audio/qwen3_tts/violence/cloned audio/noviolence_04-87_cloned.wav	I come from kind of a hippie upbringing, you know, and one of the things that we always really looked down on was any sort of capitalist intent.	No
noviolence_04-88_cloned	/generate_cloned_audio/qwen3_tts/violence/cloned audio/noviolence_04-88_cloned.wav	and I looked at the world and said...	No
noviolence_04-89_cloned	/generate_cloned_audio/qwen3_tts/violence/cloned audio/noviolence_04-89_cloned.wav	The fastest way to get a powerful message to a lot of people is to be a good capitalist. And I see a lot of people who are...	No
noviolence_04-9_cloned	/generate_cloned_audio/qwen3_tts/violence/cloned audio/noviolence_04-9_cloned.wav	I'm a little bit of an old guy now. Writing is a way less active lifestyle. I don't have the incentive I used to be ready all the time.	No
noviolence_04-90_cloned	/generate_cloned_audio/qwen3_tts/violence/cloned audio/noviolence_04-90_cloned.wav	really great people of great ideas who are unwilling to do the things that will help other people experience those ideas because they're afraid that they'll get labeled as a capitalist.	No
noviolence_04-91_cloned	/generate_cloned_audio/qwen3_tts/violence/cloned audio/noviolence_04-91_cloned.wav	And that's just an expression of power. No, it's one of those, the whole concept of peace we have now was not possible before the idea of free trade. Because if you wanted stuff, you had to conquer people and take...	No
noviolence_04-92_cloned	/generate_cloned_audio/qwen3_tts/violence/cloned audio/noviolence_04-92_cloned.wav	their shit yeah and suddenly it's way easier cheaper less bloodshed less work and more profitable to have trading partners	No
noviolence_04-93_cloned	/generate_cloned_audio/qwen3_tts/violence/cloned audio/noviolence_04-93_cloned.wav	And that's an outgrowth of that mindset. The other thing, get back into the people wanting to be safe, wanting there not to be any...	No
noviolence_04-94_cloned	/generate_cloned_audio/qwen3_tts/violence/cloned audio/noviolence_04-94_cloned.wav	violence. One of the things we do there, sideways, this goes into your whole natural movement and everything, is we take kids, and kids have a lot of things going for them.	No
noviolence_04-95_cloned	/generate_cloned_audio/qwen3_tts/violence/cloned audio/noviolence_04-95_cloned.wav	natural learning machines. Did you hear about what they did in Ethiopia with the tablets? I didn't, so go ahead and tell me. They dropped 20 tablets in a village that had no liter...	No
noviolence_04-96_cloned	/generate_cloned_audio/qwen3_tts/violence/cloned audio/noviolence_04-96_cloned.wav	people and a charging station and within three months some of the kids were teaching themselves English and their parents English and to figure out how to hack some of the stuff that they had put on the tablets so they would	No
noviolence_04-97_cloned	/generate_cloned_audio/qwen3_tts/violence/cloned audio/noviolence_04-97_cloned.wav	and access the cameras and use a battery. Kids are natural learning machines. Power of play. They're natural movers. But they're also, humans are the top end predator on this planet.	No
noviolence_04-98_cloned	/generate_cloned_audio/qwen3_tts/violence/cloned audio/noviolence_04-98_cloned.wav	And you've got a city of a million predators you want to control. And unfortunately, one of the ways you go about controlling them is trying to brainwash them from the time they're little that they aren't tigers.	No
noviolence_04-99_cloned	/generate_cloned_audio/qwen3_tts/violence/cloned audio/noviolence_04-99_cloned.wav	that they don't have a place in the natural, if you want to go to the true natural order, that they don't have a place that's right at the top of that little food pyramid.	No
